robot_id,timestamp,connection_state,battery_pct,mission_state,mission_id,stuck,charging,errors
BR-SERVI-0417,2026-08-12T00:00:00Z,online,92,idle,,false,false,
BR-SERVI-0417,2026-08-12T00:01:00Z,online,92,idle,,false,false,
BR-SERVI-0417,2026-08-12T00:02:00Z,online,91,idle,,false,false,
BR-SERVI-0417,2026-08-12T00:03:00Z,online,91,idle,,false,false,
BR-SERVI-0417,2026-08-12T00:04:00Z,online,91,idle,,false,false,
BR-SERVI-0417,2026-08-12T00:05:00Z,online,91,idle,,false,false,
BR-SERVI-0417,2026-08-12T00:06:00Z,online,91,idle,,false,false,
BR-SERVI-0417,2026-08-12T00:07:00Z,online,90,idle,,false,false,
BR-SERVI-0417,2026-08-12T00:08:00Z,offline,90,,,false,false,
BR-SERVI-0417,2026-08-12T00:09:00Z,online,90,idle,,false,false,
BR-SERVI-0417,2026-08-12T00:10:00Z,online,93,charging,,false,true,
BR-SERVI-0417,2026-08-12T00:11:00Z,online,93,idle,,false,false,
BR-SERVI-0417,2026-08-12T00:12:00Z,online,93,idle,,false,false,
BR-SERVI-0417,2026-08-12T00:13:00Z,online,92,idle,,false,false,
BR-SERVI-0417,2026-08-12T00:14:00Z,online,92,idle,,false,false,
BR-SERVI-0417,2026-08-12T00:15:00Z,online,92,idle,,false,false,
BR-SERVI-0417,2026-08-12T00:16:00Z,online,92,idle,,false,false,
BR-SERVI-0417,2026-08-12T00:17:00Z,online,92,idle,,false,false,
BR-SERVI-0417,2026-08-12T00:18:00Z,online,91,idle,,false,false,
BR-SERVI-0417,2026-08-12T00:19:00Z,online,91,idle,,false,false,
BR-SERVI-0417,2026-08-12T00:20:00Z,online,91,idle,,false,false,
BR-SERVI-0417,2026-08-12T00:21:00Z,online,91,idle,,false,false,
BR-SERVI-0417,2026-08-12T00:22:00Z,online,91,idle,,false,false,
BR-SERVI-0417,2026-08-12T00:23:00Z,online,90,idle,,false,false,
BR-SERVI-0417,2026-08-12T00:24:00Z,offline,90,,,false,false,
BR-SERVI-0417,2026-08-12T00:25:00Z,online,90,idle,,false,false,
BR-SERVI-0417,2026-08-12T00:26:00Z,online,93,charging,,false,true,
BR-SERVI-0417,2026-08-12T00:27:00Z,online,93,idle,,false,false,
BR-SERVI-0417,2026-08-12T00:28:00Z,online,93,idle,,false,false,
BR-SERVI-0417,2026-08-12T00:29:00Z,online,92,idle,,false,false,
BR-SERVI-0417,2026-08-12T00:30:00Z,online,92,idle,,false,false,
BR-SERVI-0417,2026-08-12T00:31:00Z,online,92,idle,,false,false,
BR-SERVI-0417,2026-08-12T00:32:00Z,online,92,idle,,false,false,
BR-SERVI-0417,2026-08-12T00:33:00Z,online,92,idle,,false,false,
BR-SERVI-0417,2026-08-12T00:34:00Z,online,91,idle,,false,false,
BR-SERVI-0417,2026-08-12T00:35:00Z,online,91,idle,,false,false,
BR-SERVI-0417,2026-08-12T00:36:00Z,online,91,idle,,false,false,
BR-SERVI-0417,2026-08-12T00:37:00Z,online,91,idle,,false,false,
BR-SERVI-0417,2026-08-12T00:38:00Z,offline,91,,,false,false,
BR-SERVI-0417,2026-08-12T00:39:00Z,online,90,idle,,false,false,
BR-SERVI-0417,2026-08-12T00:40:00Z,online,90,idle,,false,false,
BR-SERVI-0417,2026-08-12T00:41:00Z,online,90,idle,,false,false,
BR-SERVI-0417,2026-08-12T00:42:00Z,online,93,charging,,false,true,
BR-SERVI-0417,2026-08-12T00:43:00Z,online,93,idle,,false,false,
BR-SERVI-0417,2026-08-12T00:44:00Z,online,93,idle,,false,false,
BR-SERVI-0417,2026-08-12T00:45:00Z,online,92,idle,,false,false,
BR-SERVI-0417,2026-08-12T00:46:00Z,online,92,idle,,false,false,
BR-SERVI-0417,2026-08-12T00:47:00Z,online,92,idle,,false,false,
BR-SERVI-0417,2026-08-12T00:48:00Z,online,92,idle,,false,false,
BR-SERVI-0417,2026-08-12T00:49:00Z,online,92,idle,,false,false,
BR-SERVI-0417,2026-08-12T00:50:00Z,online,91,idle,,false,false,
BR-SERVI-0417,2026-08-12T00:51:00Z,online,91,idle,,false,false,
BR-SERVI-0417,2026-08-12T00:52:00Z,online,91,idle,,false,false,
BR-SERVI-0417,2026-08-12T00:53:00Z,offline,91,,,false,false,
BR-SERVI-0417,2026-08-12T00:54:00Z,online,91,idle,,false,false,
BR-SERVI-0417,2026-08-12T00:55:00Z,offline,90,,,false,false,
BR-SERVI-0417,2026-08-12T00:56:00Z,online,90,idle,,false,false,
BR-SERVI-0417,2026-08-12T00:57:00Z,online,90,idle,,false,false,
BR-SERVI-0417,2026-08-12T00:58:00Z,online,93,charging,,false,true,
BR-SERVI-0417,2026-08-12T00:59:00Z,online,93,idle,,false,false,
BR-SERVI-0417,2026-08-12T01:00:00Z,online,93,idle,,false,false,
BR-SERVI-0417,2026-08-12T01:01:00Z,online,92,idle,,false,false,
BR-SERVI-0417,2026-08-12T01:02:00Z,online,92,idle,,false,false,
BR-SERVI-0417,2026-08-12T01:03:00Z,online,92,idle,,false,false,
BR-SERVI-0417,2026-08-12T01:04:00Z,online,92,idle,,false,false,
BR-SERVI-0417,2026-08-12T01:05:00Z,online,92,idle,,false,false,
BR-SERVI-0417,2026-08-12T01:06:00Z,online,91,idle,,false,false,
BR-SERVI-0417,2026-08-12T01:07:00Z,online,91,idle,,false,false,
BR-SERVI-0417,2026-08-12T01:08:00Z,online,91,idle,,false,false,
BR-SERVI-0417,2026-08-12T01:09:00Z,online,91,idle,,false,false,
BR-SERVI-0417,2026-08-12T01:10:00Z,online,91,idle,,false,false,
BR-SERVI-0417,2026-08-12T01:11:00Z,online,90,idle,,false,false,
BR-SERVI-0417,2026-08-12T01:12:00Z,online,90,idle,,false,false,
BR-SERVI-0417,2026-08-12T01:13:00Z,online,90,idle,,false,false,
BR-SERVI-0417,2026-08-12T01:14:00Z,online,93,charging,,false,true,
BR-SERVI-0417,2026-08-12T01:15:00Z,online,93,idle,,false,false,
BR-SERVI-0417,2026-08-12T01:16:00Z,online,93,idle,,false,false,
BR-SERVI-0417,2026-08-12T01:17:00Z,online,92,idle,,false,false,
BR-SERVI-0417,2026-08-12T01:18:00Z,offline,92,,,false,false,
BR-SERVI-0417,2026-08-12T01:19:00Z,online,92,idle,,false,false,
BR-SERVI-0417,2026-08-12T01:20:00Z,online,92,idle,,false,false,
BR-SERVI-0417,2026-08-12T01:21:00Z,online,92,idle,,false,false,
BR-SERVI-0417,2026-08-12T01:22:00Z,online,91,idle,,false,false,
BR-SERVI-0417,2026-08-12T01:23:00Z,online,91,idle,,false,false,
BR-SERVI-0417,2026-08-12T01:24:00Z,online,91,idle,,false,false,
BR-SERVI-0417,2026-08-12T01:25:00Z,online,91,idle,,false,false,
BR-SERVI-0417,2026-08-12T01:26:00Z,online,91,idle,,false,false,
BR-SERVI-0417,2026-08-12T01:27:00Z,online,90,idle,,false,false,
BR-SERVI-0417,2026-08-12T01:28:00Z,offline,90,,,false,false,
BR-SERVI-0417,2026-08-12T01:29:00Z,online,90,idle,,false,false,
BR-SERVI-0417,2026-08-12T01:30:00Z,online,93,charging,,false,true,
BR-SERVI-0417,2026-08-12T01:31:00Z,online,93,idle,,false,false,
BR-SERVI-0417,2026-08-12T01:32:00Z,online,93,idle,,false,false,
BR-SERVI-0417,2026-08-12T01:33:00Z,online,92,idle,,false,false,
BR-SERVI-0417,2026-08-12T01:34:00Z,online,92,idle,,false,false,
BR-SERVI-0417,2026-08-12T01:35:00Z,online,92,idle,,false,false,
BR-SERVI-0417,2026-08-12T01:36:00Z,online,92,idle,,false,false,
BR-SERVI-0417,2026-08-12T01:37:00Z,online,92,idle,,false,false,
BR-SERVI-0417,2026-08-12T01:38:00Z,online,91,idle,,false,false,
BR-SERVI-0417,2026-08-12T01:39:00Z,online,91,idle,,false,false,
BR-SERVI-0417,2026-08-12T01:40:00Z,online,91,idle,,false,false,
BR-SERVI-0417,2026-08-12T01:41:00Z,offline,91,,,false,false,
BR-SERVI-0417,2026-08-12T01:42:00Z,online,91,idle,,false,false,
BR-SERVI-0417,2026-08-12T01:43:00Z,online,90,idle,,false,false,
BR-SERVI-0417,2026-08-12T01:44:00Z,online,90,idle,,false,false,
BR-SERVI-0417,2026-08-12T01:45:00Z,online,90,idle,,false,false,
BR-SERVI-0417,2026-08-12T01:46:00Z,online,93,charging,,false,true,
BR-SERVI-0417,2026-08-12T01:47:00Z,online,93,idle,,false,false,
BR-SERVI-0417,2026-08-12T01:48:00Z,online,93,idle,,false,false,
BR-SERVI-0417,2026-08-12T01:49:00Z,online,92,idle,,false,false,
BR-SERVI-0417,2026-08-12T01:50:00Z,online,92,idle,,false,false,
BR-SERVI-0417,2026-08-12T01:51:00Z,online,92,idle,,false,false,
BR-SERVI-0417,2026-08-12T01:52:00Z,online,92,idle,,false,false,
BR-SERVI-0417,2026-08-12T01:53:00Z,online,92,idle,,false,false,
BR-SERVI-0417,2026-08-12T01:54:00Z,online,91,idle,,false,false,
BR-SERVI-0417,2026-08-12T01:55:00Z,online,91,idle,,false,false,
BR-SERVI-0417,2026-08-12T01:56:00Z,online,91,idle,,false,false,
BR-SERVI-0417,2026-08-12T01:57:00Z,online,91,idle,,false,false,
BR-SERVI-0417,2026-08-12T01:58:00Z,online,91,idle,,false,false,
BR-SERVI-0417,2026-08-12T01:59:00Z,online,90,idle,,false,false,
BR-SERVI-0417,2026-08-12T02:00:00Z,online,90,idle,,false,false,
BR-SERVI-0417,2026-08-12T02:01:00Z,online,90,idle,,false,false,
BR-SERVI-0417,2026-08-12T02:02:00Z,online,93,charging,,false,true,
BR-SERVI-0417,2026-08-12T02:03:00Z,online,93,idle,,false,false,
BR-SERVI-0417,2026-08-12T02:04:00Z,online,93,idle,,false,false,
BR-SERVI-0417,2026-08-12T02:05:00Z,online,92,idle,,false,false,
BR-SERVI-0417,2026-08-12T02:06:00Z,online,92,idle,,false,false,
BR-SERVI-0417,2026-08-12T02:07:00Z,online,92,idle,,false,false,
BR-SERVI-0417,2026-08-12T02:08:00Z,online,92,idle,,false,false,
BR-SERVI-0417,2026-08-12T02:09:00Z,online,92,idle,,false,false,
BR-SERVI-0417,2026-08-12T02:10:00Z,online,91,idle,,false,false,
BR-SERVI-0417,2026-08-12T02:11:00Z,online,91,idle,,false,false,
BR-SERVI-0417,2026-08-12T02:12:00Z,online,91,idle,,false,false,
BR-SERVI-0417,2026-08-12T02:13:00Z,online,91,idle,,false,false,
BR-SERVI-0417,2026-08-12T02:14:00Z,online,91,idle,,false,false,
BR-SERVI-0417,2026-08-12T02:15:00Z,offline,90,,,false,false,
BR-SERVI-0417,2026-08-12T02:16:00Z,online,90,idle,,false,false,
BR-SERVI-0417,2026-08-12T02:17:00Z,online,90,idle,,false,false,
BR-SERVI-0417,2026-08-12T02:18:00Z,online,93,charging,,false,true,
BR-SERVI-0417,2026-08-12T02:19:00Z,online,93,idle,,false,false,
BR-SERVI-0417,2026-08-12T02:20:00Z,online,93,idle,,false,false,
BR-SERVI-0417,2026-08-12T02:21:00Z,online,92,idle,,false,false,
BR-SERVI-0417,2026-08-12T02:22:00Z,online,92,idle,,false,false,
BR-SERVI-0417,2026-08-12T02:23:00Z,online,92,idle,,false,false,
BR-SERVI-0417,2026-08-12T02:24:00Z,online,92,idle,,false,false,
BR-SERVI-0417,2026-08-12T02:25:00Z,online,92,idle,,false,false,
BR-SERVI-0417,2026-08-12T02:26:00Z,online,91,idle,,false,false,
BR-SERVI-0417,2026-08-12T02:27:00Z,online,91,idle,,false,false,
BR-SERVI-0417,2026-08-12T02:28:00Z,online,91,idle,,false,false,
BR-SERVI-0417,2026-08-12T02:29:00Z,online,91,idle,,false,false,
BR-SERVI-0417,2026-08-12T02:30:00Z,online,91,idle,,false,false,
BR-SERVI-0417,2026-08-12T02:31:00Z,online,90,idle,,false,false,
BR-SERVI-0417,2026-08-12T02:32:00Z,online,90,idle,,false,false,
BR-SERVI-0417,2026-08-12T02:33:00Z,online,90,idle,,false,false,
BR-SERVI-0417,2026-08-12T02:34:00Z,online,93,charging,,false,true,
BR-SERVI-0417,2026-08-12T02:35:00Z,online,93,idle,,false,false,
BR-SERVI-0417,2026-08-12T02:36:00Z,online,93,idle,,false,false,
BR-SERVI-0417,2026-08-12T02:37:00Z,online,92,idle,,false,false,
BR-SERVI-0417,2026-08-12T02:38:00Z,online,92,idle,,false,false,
BR-SERVI-0417,2026-08-12T02:39:00Z,online,92,idle,,false,false,
BR-SERVI-0417,2026-08-12T02:40:00Z,online,92,idle,,false,false,
BR-SERVI-0417,2026-08-12T02:41:00Z,online,92,idle,,false,false,
BR-SERVI-0417,2026-08-12T02:42:00Z,online,91,idle,,false,false,
BR-SERVI-0417,2026-08-12T02:43:00Z,online,91,idle,,false,false,
BR-SERVI-0417,2026-08-12T02:44:00Z,online,91,idle,,false,false,
BR-SERVI-0417,2026-08-12T02:45:00Z,offline,91,,,false,false,
BR-SERVI-0417,2026-08-12T02:46:00Z,online,91,idle,,false,false,
BR-SERVI-0417,2026-08-12T02:47:00Z,online,90,idle,,false,false,
BR-SERVI-0417,2026-08-12T02:48:00Z,online,90,idle,,false,false,
BR-SERVI-0417,2026-08-12T02:49:00Z,online,90,idle,,false,false,
BR-SERVI-0417,2026-08-12T02:50:00Z,online,93,charging,,false,true,
BR-SERVI-0417,2026-08-12T02:51:00Z,online,93,idle,,false,false,
BR-SERVI-0417,2026-08-12T02:52:00Z,online,93,idle,,false,false,
BR-SERVI-0417,2026-08-12T02:53:00Z,online,92,idle,,false,false,
BR-SERVI-0417,2026-08-12T02:54:00Z,online,92,idle,,false,false,
BR-SERVI-0417,2026-08-12T02:55:00Z,online,92,idle,,false,false,
BR-SERVI-0417,2026-08-12T02:56:00Z,offline,92,,,false,false,
BR-SERVI-0417,2026-08-12T02:57:00Z,online,92,idle,,false,false,
BR-SERVI-0417,2026-08-12T02:58:00Z,offline,91,,,false,false,
BR-SERVI-0417,2026-08-12T02:59:00Z,online,91,idle,,false,false,
BR-SERVI-0417,2026-08-12T03:00:00Z,online,91,idle,,false,false,
BR-SERVI-0417,2026-08-12T03:01:00Z,online,91,idle,,false,false,
BR-SERVI-0417,2026-08-12T03:02:00Z,online,91,idle,,false,false,
BR-SERVI-0417,2026-08-12T03:03:00Z,online,90,idle,,false,false,
BR-SERVI-0417,2026-08-12T03:04:00Z,online,90,idle,,false,false,
BR-SERVI-0417,2026-08-12T03:05:00Z,online,90,idle,,false,false,
BR-SERVI-0417,2026-08-12T03:06:00Z,online,93,charging,,false,true,
BR-SERVI-0417,2026-08-12T03:07:00Z,online,93,idle,,false,false,
BR-SERVI-0417,2026-08-12T03:08:00Z,online,93,idle,,false,false,
BR-SERVI-0417,2026-08-12T03:09:00Z,online,92,idle,,false,false,
BR-SERVI-0417,2026-08-12T03:10:00Z,online,92,idle,,false,false,
BR-SERVI-0417,2026-08-12T03:11:00Z,online,92,idle,,false,false,
BR-SERVI-0417,2026-08-12T03:12:00Z,online,92,idle,,false,false,
BR-SERVI-0417,2026-08-12T03:13:00Z,online,92,idle,,false,false,
BR-SERVI-0417,2026-08-12T03:14:00Z,online,91,idle,,false,false,
BR-SERVI-0417,2026-08-12T03:15:00Z,online,91,idle,,false,false,
BR-SERVI-0417,2026-08-12T03:16:00Z,online,91,idle,,false,false,
BR-SERVI-0417,2026-08-12T03:17:00Z,online,91,idle,,false,false,
BR-SERVI-0417,2026-08-12T03:18:00Z,online,91,idle,,false,false,
BR-SERVI-0417,2026-08-12T03:19:00Z,online,90,idle,,false,false,
BR-SERVI-0417,2026-08-12T03:20:00Z,online,90,idle,,false,false,
BR-SERVI-0417,2026-08-12T03:21:00Z,online,90,idle,,false,false,
BR-SERVI-0417,2026-08-12T03:22:00Z,online,93,charging,,false,true,
BR-SERVI-0417,2026-08-12T03:23:00Z,online,93,idle,,false,false,
BR-SERVI-0417,2026-08-12T03:24:00Z,online,93,idle,,false,false,
BR-SERVI-0417,2026-08-12T03:25:00Z,online,92,idle,,false,false,
BR-SERVI-0417,2026-08-12T03:26:00Z,online,92,idle,,false,false,
BR-SERVI-0417,2026-08-12T03:27:00Z,online,92,idle,,false,false,
BR-SERVI-0417,2026-08-12T03:28:00Z,offline,92,,,false,false,
BR-SERVI-0417,2026-08-12T03:29:00Z,online,92,idle,,false,false,
BR-SERVI-0417,2026-08-12T03:30:00Z,online,91,idle,,false,false,
BR-SERVI-0417,2026-08-12T03:31:00Z,offline,91,,,false,false,
BR-SERVI-0417,2026-08-12T03:32:00Z,online,91,idle,,false,false,
BR-SERVI-0417,2026-08-12T03:33:00Z,online,91,idle,,false,false,
BR-SERVI-0417,2026-08-12T03:34:00Z,online,91,idle,,false,false,
BR-SERVI-0417,2026-08-12T03:35:00Z,online,90,idle,,false,false,
BR-SERVI-0417,2026-08-12T03:36:00Z,online,90,idle,,false,false,
BR-SERVI-0417,2026-08-12T03:37:00Z,online,90,idle,,false,false,
BR-SERVI-0417,2026-08-12T03:38:00Z,online,93,charging,,false,true,
BR-SERVI-0417,2026-08-12T03:39:00Z,offline,93,,,false,false,
BR-SERVI-0417,2026-08-12T03:40:00Z,online,93,idle,,false,false,
BR-SERVI-0417,2026-08-12T03:41:00Z,online,92,idle,,false,false,
BR-SERVI-0417,2026-08-12T03:42:00Z,online,92,idle,,false,false,
BR-SERVI-0417,2026-08-12T03:43:00Z,online,92,idle,,false,false,
BR-SERVI-0417,2026-08-12T03:44:00Z,online,92,idle,,false,false,
BR-SERVI-0417,2026-08-12T03:45:00Z,offline,92,,,false,false,
BR-SERVI-0417,2026-08-12T03:46:00Z,online,91,idle,,false,false,
BR-SERVI-0417,2026-08-12T03:47:00Z,online,91,idle,,false,false,
BR-SERVI-0417,2026-08-12T03:48:00Z,online,91,idle,,false,false,
BR-SERVI-0417,2026-08-12T03:49:00Z,online,91,idle,,false,false,
BR-SERVI-0417,2026-08-12T03:50:00Z,online,91,idle,,false,false,
BR-SERVI-0417,2026-08-12T03:51:00Z,online,90,idle,,false,false,
BR-SERVI-0417,2026-08-12T03:52:00Z,online,90,idle,,false,false,
BR-SERVI-0417,2026-08-12T03:53:00Z,offline,90,,,false,false,
BR-SERVI-0417,2026-08-12T03:54:00Z,online,93,charging,,false,true,
BR-SERVI-0417,2026-08-12T03:55:00Z,online,93,idle,,false,false,
BR-SERVI-0417,2026-08-12T03:56:00Z,online,93,idle,,false,false,
BR-SERVI-0417,2026-08-12T03:57:00Z,online,92,idle,,false,false,
BR-SERVI-0417,2026-08-12T03:58:00Z,online,92,idle,,false,false,
BR-SERVI-0417,2026-08-12T03:59:00Z,online,92,idle,,false,false,
BR-SERVI-0417,2026-08-12T04:00:00Z,online,92,idle,,false,false,
BR-SERVI-0417,2026-08-12T04:01:00Z,online,92,idle,,false,false,
BR-SERVI-0417,2026-08-12T04:02:00Z,online,91,idle,,false,false,
BR-SERVI-0417,2026-08-12T04:03:00Z,online,91,idle,,false,false,
BR-SERVI-0417,2026-08-12T04:04:00Z,online,91,idle,,false,false,
BR-SERVI-0417,2026-08-12T04:05:00Z,online,91,idle,,false,false,
BR-SERVI-0417,2026-08-12T04:06:00Z,offline,91,,,false,false,
BR-SERVI-0417,2026-08-12T04:07:00Z,offline,90,,,false,false,
BR-SERVI-0417,2026-08-12T04:08:00Z,offline,90,,,false,false,
BR-SERVI-0417,2026-08-12T04:09:00Z,online,90,idle,,false,false,
BR-SERVI-0417,2026-08-12T04:10:00Z,online,93,charging,,false,true,
BR-SERVI-0417,2026-08-12T04:11:00Z,online,93,idle,,false,false,
BR-SERVI-0417,2026-08-12T04:12:00Z,online,93,idle,,false,false,
BR-SERVI-0417,2026-08-12T04:13:00Z,online,92,idle,,false,false,
BR-SERVI-0417,2026-08-12T04:14:00Z,online,92,idle,,false,false,
BR-SERVI-0417,2026-08-12T04:15:00Z,online,92,idle,,false,false,
BR-SERVI-0417,2026-08-12T04:16:00Z,online,92,idle,,false,false,
BR-SERVI-0417,2026-08-12T04:17:00Z,online,92,idle,,false,false,
BR-SERVI-0417,2026-08-12T04:18:00Z,online,91,idle,,false,false,
BR-SERVI-0417,2026-08-12T04:19:00Z,online,91,idle,,false,false,
BR-SERVI-0417,2026-08-12T04:20:00Z,online,91,idle,,false,false,
BR-SERVI-0417,2026-08-12T04:21:00Z,online,91,idle,,false,false,
BR-SERVI-0417,2026-08-12T04:22:00Z,online,91,idle,,false,false,
BR-SERVI-0417,2026-08-12T04:23:00Z,online,90,idle,,false,false,
BR-SERVI-0417,2026-08-12T04:24:00Z,online,90,idle,,false,false,
BR-SERVI-0417,2026-08-12T04:25:00Z,online,90,idle,,false,false,
BR-SERVI-0417,2026-08-12T04:26:00Z,online,93,charging,,false,true,
BR-SERVI-0417,2026-08-12T04:27:00Z,online,93,idle,,false,false,
BR-SERVI-0417,2026-08-12T04:28:00Z,online,93,idle,,false,false,
BR-SERVI-0417,2026-08-12T04:29:00Z,online,92,idle,,false,false,
BR-SERVI-0417,2026-08-12T04:30:00Z,online,92,idle,,false,false,
BR-SERVI-0417,2026-08-12T04:31:00Z,online,92,idle,,false,false,
BR-SERVI-0417,2026-08-12T04:32:00Z,online,92,idle,,false,false,
BR-SERVI-0417,2026-08-12T04:33:00Z,online,92,idle,,false,false,
BR-SERVI-0417,2026-08-12T04:34:00Z,online,91,idle,,false,false,
BR-SERVI-0417,2026-08-12T04:35:00Z,online,91,idle,,false,false,
BR-SERVI-0417,2026-08-12T04:36:00Z,online,91,idle,,false,false,
BR-SERVI-0417,2026-08-12T04:37:00Z,online,91,idle,,false,false,
BR-SERVI-0417,2026-08-12T04:38:00Z,online,91,idle,,false,false,
BR-SERVI-0417,2026-08-12T04:39:00Z,online,90,idle,,false,false,
BR-SERVI-0417,2026-08-12T04:40:00Z,online,90,idle,,false,false,
BR-SERVI-0417,2026-08-12T04:41:00Z,online,90,idle,,false,false,
BR-SERVI-0417,2026-08-12T04:42:00Z,online,93,charging,,false,true,
BR-SERVI-0417,2026-08-12T04:43:00Z,online,93,idle,,false,false,
BR-SERVI-0417,2026-08-12T04:44:00Z,online,93,idle,,false,false,
BR-SERVI-0417,2026-08-12T04:45:00Z,online,92,idle,,false,false,
BR-SERVI-0417,2026-08-12T04:46:00Z,online,92,idle,,false,false,
BR-SERVI-0417,2026-08-12T04:47:00Z,online,92,idle,,false,false,
BR-SERVI-0417,2026-08-12T04:48:00Z,online,92,idle,,false,false,
BR-SERVI-0417,2026-08-12T04:49:00Z,online,92,idle,,false,false,
BR-SERVI-0417,2026-08-12T04:50:00Z,online,91,idle,,false,false,
BR-SERVI-0417,2026-08-12T04:51:00Z,online,91,idle,,false,false,
BR-SERVI-0417,2026-08-12T04:52:00Z,online,91,idle,,false,false,
BR-SERVI-0417,2026-08-12T04:53:00Z,online,91,idle,,false,false,
BR-SERVI-0417,2026-08-12T04:54:00Z,online,91,idle,,false,false,
BR-SERVI-0417,2026-08-12T04:55:00Z,online,90,idle,,false,false,
BR-SERVI-0417,2026-08-12T04:56:00Z,online,90,idle,,false,false,
BR-SERVI-0417,2026-08-12T04:57:00Z,online,90,idle,,false,false,
BR-SERVI-0417,2026-08-12T04:58:00Z,online,93,charging,,false,true,
BR-SERVI-0417,2026-08-12T04:59:00Z,online,93,idle,,false,false,
BR-SERVI-0417,2026-08-12T05:00:00Z,online,93,idle,,false,false,
BR-SERVI-0417,2026-08-12T05:01:00Z,online,92,idle,,false,false,
BR-SERVI-0417,2026-08-12T05:02:00Z,online,92,idle,,false,false,
BR-SERVI-0417,2026-08-12T05:03:00Z,online,92,idle,,false,false,
BR-SERVI-0417,2026-08-12T05:04:00Z,online,92,idle,,false,false,
BR-SERVI-0417,2026-08-12T05:05:00Z,online,92,idle,,false,false,
BR-SERVI-0417,2026-08-12T05:06:00Z,online,91,idle,,false,false,
BR-SERVI-0417,2026-08-12T05:07:00Z,online,91,idle,,false,false,
BR-SERVI-0417,2026-08-12T05:08:00Z,online,91,idle,,false,false,
BR-SERVI-0417,2026-08-12T05:09:00Z,online,91,idle,,false,false,
BR-SERVI-0417,2026-08-12T05:10:00Z,online,91,idle,,false,false,
BR-SERVI-0417,2026-08-12T05:11:00Z,online,90,idle,,false,false,
BR-SERVI-0417,2026-08-12T05:12:00Z,online,90,idle,,false,false,
BR-SERVI-0417,2026-08-12T05:13:00Z,online,90,idle,,false,false,
BR-SERVI-0417,2026-08-12T05:14:00Z,online,93,charging,,false,true,
BR-SERVI-0417,2026-08-12T05:15:00Z,online,93,idle,,false,false,
BR-SERVI-0417,2026-08-12T05:16:00Z,offline,93,,,false,false,
BR-SERVI-0417,2026-08-12T05:17:00Z,online,92,idle,,false,false,
BR-SERVI-0417,2026-08-12T05:18:00Z,online,92,idle,,false,false,
BR-SERVI-0417,2026-08-12T05:19:00Z,online,92,idle,,false,false,
BR-SERVI-0417,2026-08-12T05:20:00Z,online,92,idle,,false,false,
BR-SERVI-0417,2026-08-12T05:21:00Z,online,92,idle,,false,false,
BR-SERVI-0417,2026-08-12T05:22:00Z,online,91,idle,,false,false,
BR-SERVI-0417,2026-08-12T05:23:00Z,online,91,idle,,false,false,
BR-SERVI-0417,2026-08-12T05:24:00Z,online,91,idle,,false,false,
BR-SERVI-0417,2026-08-12T05:25:00Z,online,91,idle,,false,false,
BR-SERVI-0417,2026-08-12T05:26:00Z,online,91,idle,,false,false,
BR-SERVI-0417,2026-08-12T05:27:00Z,online,90,idle,,false,false,
BR-SERVI-0417,2026-08-12T05:28:00Z,online,90,idle,,false,false,
BR-SERVI-0417,2026-08-12T05:29:00Z,online,90,idle,,false,false,
BR-SERVI-0417,2026-08-12T05:30:00Z,online,93,charging,,false,true,
BR-SERVI-0417,2026-08-12T05:31:00Z,online,93,idle,,false,false,
BR-SERVI-0417,2026-08-12T05:32:00Z,online,93,idle,,false,false,
BR-SERVI-0417,2026-08-12T05:33:00Z,online,92,idle,,false,false,
BR-SERVI-0417,2026-08-12T05:34:00Z,online,92,idle,,false,false,
BR-SERVI-0417,2026-08-12T05:35:00Z,online,92,idle,,false,false,
BR-SERVI-0417,2026-08-12T05:36:00Z,online,92,idle,,false,false,
BR-SERVI-0417,2026-08-12T05:37:00Z,online,92,idle,,false,false,
BR-SERVI-0417,2026-08-12T05:38:00Z,online,91,idle,,false,false,
BR-SERVI-0417,2026-08-12T05:39:00Z,online,91,idle,,false,false,
BR-SERVI-0417,2026-08-12T05:40:00Z,online,91,idle,,false,false,
BR-SERVI-0417,2026-08-12T05:41:00Z,online,91,idle,,false,false,
BR-SERVI-0417,2026-08-12T05:42:00Z,online,91,idle,,false,false,
BR-SERVI-0417,2026-08-12T05:43:00Z,online,90,idle,,false,false,
BR-SERVI-0417,2026-08-12T05:44:00Z,offline,90,,,false,false,
BR-SERVI-0417,2026-08-12T05:45:00Z,online,90,idle,,false,false,
BR-SERVI-0417,2026-08-12T05:46:00Z,online,93,charging,,false,true,
BR-SERVI-0417,2026-08-12T05:47:00Z,online,93,idle,,false,false,
BR-SERVI-0417,2026-08-12T05:48:00Z,online,93,idle,,false,false,
BR-SERVI-0417,2026-08-12T05:49:00Z,online,92,idle,,false,false,
BR-SERVI-0417,2026-08-12T05:50:00Z,online,92,idle,,false,false,
BR-SERVI-0417,2026-08-12T05:51:00Z,online,92,idle,,false,false,
BR-SERVI-0417,2026-08-12T05:52:00Z,online,92,idle,,false,false,
BR-SERVI-0417,2026-08-12T05:53:00Z,online,92,idle,,false,false,
BR-SERVI-0417,2026-08-12T05:54:00Z,online,91,idle,,false,false,
BR-SERVI-0417,2026-08-12T05:55:00Z,online,91,idle,,false,false,
BR-SERVI-0417,2026-08-12T05:56:00Z,online,91,idle,,false,false,
BR-SERVI-0417,2026-08-12T05:57:00Z,online,91,idle,,false,false,
BR-SERVI-0417,2026-08-12T05:58:00Z,online,91,idle,,false,false,
BR-SERVI-0417,2026-08-12T05:59:00Z,online,90,idle,,false,false,
BR-SERVI-0417,2026-08-12T06:00:00Z,online,90,idle,,false,false,
BR-SERVI-0417,2026-08-12T06:01:00Z,online,90,idle,,false,false,
BR-SERVI-0417,2026-08-12T06:02:00Z,online,93,charging,,false,true,
BR-SERVI-0417,2026-08-12T06:03:00Z,online,93,idle,,false,false,
BR-SERVI-0417,2026-08-12T06:04:00Z,online,93,idle,,false,false,
BR-SERVI-0417,2026-08-12T06:05:00Z,online,92,idle,,false,false,
BR-SERVI-0417,2026-08-12T06:06:00Z,online,92,idle,,false,false,
BR-SERVI-0417,2026-08-12T06:07:00Z,online,92,idle,,false,false,
BR-SERVI-0417,2026-08-12T06:08:00Z,online,92,idle,,false,false,
BR-SERVI-0417,2026-08-12T06:09:00Z,online,92,idle,,false,false,
BR-SERVI-0417,2026-08-12T06:10:00Z,online,91,idle,,false,false,
BR-SERVI-0417,2026-08-12T06:11:00Z,online,91,idle,,false,false,
BR-SERVI-0417,2026-08-12T06:12:00Z,online,91,idle,,false,false,
BR-SERVI-0417,2026-08-12T06:13:00Z,online,91,idle,,false,false,
BR-SERVI-0417,2026-08-12T06:14:00Z,online,91,idle,,false,false,
BR-SERVI-0417,2026-08-12T06:15:00Z,online,90,idle,,false,false,
BR-SERVI-0417,2026-08-12T06:16:00Z,online,90,idle,,false,false,
BR-SERVI-0417,2026-08-12T06:17:00Z,online,90,idle,,false,false,
BR-SERVI-0417,2026-08-12T06:18:00Z,online,93,charging,,false,true,
BR-SERVI-0417,2026-08-12T06:19:00Z,online,93,idle,,false,false,
BR-SERVI-0417,2026-08-12T06:20:00Z,online,93,idle,,false,false,
BR-SERVI-0417,2026-08-12T06:21:00Z,online,92,idle,,false,false,
BR-SERVI-0417,2026-08-12T06:22:00Z,offline,92,,,false,false,
BR-SERVI-0417,2026-08-12T06:23:00Z,online,92,idle,,false,false,
BR-SERVI-0417,2026-08-12T06:24:00Z,online,92,idle,,false,false,
BR-SERVI-0417,2026-08-12T06:25:00Z,online,92,idle,,false,false,
BR-SERVI-0417,2026-08-12T06:26:00Z,online,91,idle,,false,false,
BR-SERVI-0417,2026-08-12T06:27:00Z,online,91,idle,,false,false,
BR-SERVI-0417,2026-08-12T06:28:00Z,online,91,idle,,false,false,
BR-SERVI-0417,2026-08-12T06:29:00Z,online,91,idle,,false,false,
BR-SERVI-0417,2026-08-12T06:30:00Z,online,91,idle,,false,false,
BR-SERVI-0417,2026-08-12T06:31:00Z,online,90,idle,,false,false,
BR-SERVI-0417,2026-08-12T06:32:00Z,online,90,idle,,false,false,
BR-SERVI-0417,2026-08-12T06:33:00Z,online,90,idle,,false,false,
BR-SERVI-0417,2026-08-12T06:34:00Z,online,93,charging,,false,true,
BR-SERVI-0417,2026-08-12T06:35:00Z,online,93,idle,,false,false,
BR-SERVI-0417,2026-08-12T06:36:00Z,online,93,idle,,false,false,
BR-SERVI-0417,2026-08-12T06:37:00Z,online,92,idle,,false,false,
BR-SERVI-0417,2026-08-12T06:38:00Z,online,92,idle,,false,false,
BR-SERVI-0417,2026-08-12T06:39:00Z,online,92,idle,,false,false,
BR-SERVI-0417,2026-08-12T06:40:00Z,offline,92,,,false,false,
BR-SERVI-0417,2026-08-12T06:41:00Z,online,92,idle,,false,false,
BR-SERVI-0417,2026-08-12T06:42:00Z,online,91,idle,,false,false,
BR-SERVI-0417,2026-08-12T06:43:00Z,online,91,idle,,false,false,
BR-SERVI-0417,2026-08-12T06:44:00Z,online,91,idle,,false,false,
BR-SERVI-0417,2026-08-12T06:45:00Z,online,91,idle,,false,false,
BR-SERVI-0417,2026-08-12T06:46:00Z,online,91,idle,,false,false,
BR-SERVI-0417,2026-08-12T06:47:00Z,online,90,idle,,false,false,
BR-SERVI-0417,2026-08-12T06:48:00Z,online,90,idle,,false,false,
BR-SERVI-0417,2026-08-12T06:49:00Z,online,90,idle,,false,false,
BR-SERVI-0417,2026-08-12T06:50:00Z,online,93,charging,,false,true,
BR-SERVI-0417,2026-08-12T06:51:00Z,online,93,idle,,false,false,
BR-SERVI-0417,2026-08-12T06:52:00Z,online,93,idle,,false,false,
BR-SERVI-0417,2026-08-12T06:53:00Z,online,92,idle,,false,false,
BR-SERVI-0417,2026-08-12T06:54:00Z,online,92,idle,,false,false,
BR-SERVI-0417,2026-08-12T06:55:00Z,online,92,idle,,false,false,
BR-SERVI-0417,2026-08-12T06:56:00Z,offline,92,,,false,false,
BR-SERVI-0417,2026-08-12T06:57:00Z,online,92,idle,,false,false,
BR-SERVI-0417,2026-08-12T06:58:00Z,online,91,idle,,false,false,
BR-SERVI-0417,2026-08-12T06:59:00Z,online,91,idle,,false,false,
BR-SERVI-0417,2026-08-12T07:00:00Z,online,91,idle,,false,false,
BR-SERVI-0417,2026-08-12T07:01:00Z,online,91,idle,,false,false,
BR-SERVI-0417,2026-08-12T07:02:00Z,online,91,idle,,false,false,
BR-SERVI-0417,2026-08-12T07:03:00Z,online,90,idle,,false,false,
BR-SERVI-0417,2026-08-12T07:04:00Z,online,90,idle,,false,false,
BR-SERVI-0417,2026-08-12T07:05:00Z,online,90,idle,,false,false,
BR-SERVI-0417,2026-08-12T07:06:00Z,online,93,charging,,false,true,
BR-SERVI-0417,2026-08-12T07:07:00Z,online,93,idle,,false,false,
BR-SERVI-0417,2026-08-12T07:08:00Z,offline,93,,,false,false,
BR-SERVI-0417,2026-08-12T07:09:00Z,online,92,idle,,false,false,
BR-SERVI-0417,2026-08-12T07:10:00Z,online,92,idle,,false,false,
BR-SERVI-0417,2026-08-12T07:11:00Z,online,92,idle,,false,false,
BR-SERVI-0417,2026-08-12T07:12:00Z,online,92,idle,,false,false,
BR-SERVI-0417,2026-08-12T07:13:00Z,online,92,idle,,false,false,
BR-SERVI-0417,2026-08-12T07:14:00Z,online,91,idle,,false,false,
BR-SERVI-0417,2026-08-12T07:15:00Z,online,91,idle,,false,false,
BR-SERVI-0417,2026-08-12T07:16:00Z,online,91,idle,,false,false,
BR-SERVI-0417,2026-08-12T07:17:00Z,offline,91,,,false,false,
BR-SERVI-0417,2026-08-12T07:18:00Z,online,91,idle,,false,false,
BR-SERVI-0417,2026-08-12T07:19:00Z,online,90,idle,,false,false,
BR-SERVI-0417,2026-08-12T07:20:00Z,online,90,idle,,false,false,
BR-SERVI-0417,2026-08-12T07:21:00Z,online,90,idle,,false,false,
BR-SERVI-0417,2026-08-12T07:22:00Z,online,93,charging,,false,true,
BR-SERVI-0417,2026-08-12T07:23:00Z,online,93,idle,,false,false,
BR-SERVI-0417,2026-08-12T07:24:00Z,online,93,idle,,false,false,
BR-SERVI-0417,2026-08-12T07:25:00Z,online,92,idle,,false,false,
BR-SERVI-0417,2026-08-12T07:26:00Z,online,92,idle,,false,false,
BR-SERVI-0417,2026-08-12T07:27:00Z,online,92,idle,,false,false,
BR-SERVI-0417,2026-08-12T07:28:00Z,online,92,idle,,false,false,
BR-SERVI-0417,2026-08-12T07:29:00Z,online,92,idle,,false,false,
BR-SERVI-0417,2026-08-12T07:30:00Z,online,91,idle,,false,false,
BR-SERVI-0417,2026-08-12T07:31:00Z,online,91,idle,,false,false,
BR-SERVI-0417,2026-08-12T07:32:00Z,online,91,idle,,false,false,
BR-SERVI-0417,2026-08-12T07:33:00Z,online,91,idle,,false,false,
BR-SERVI-0417,2026-08-12T07:34:00Z,online,91,idle,,false,false,
BR-SERVI-0417,2026-08-12T07:35:00Z,online,90,idle,,false,false,
BR-SERVI-0417,2026-08-12T07:36:00Z,online,90,idle,,false,false,
BR-SERVI-0417,2026-08-12T07:37:00Z,online,90,idle,,false,false,
BR-SERVI-0417,2026-08-12T07:38:00Z,online,93,charging,,false,true,
BR-SERVI-0417,2026-08-12T07:39:00Z,online,93,idle,,false,false,
BR-SERVI-0417,2026-08-12T07:40:00Z,online,93,idle,,false,false,
BR-SERVI-0417,2026-08-12T07:41:00Z,online,92,idle,,false,false,
BR-SERVI-0417,2026-08-12T07:42:00Z,online,92,idle,,false,false,
BR-SERVI-0417,2026-08-12T07:43:00Z,online,92,idle,,false,false,
BR-SERVI-0417,2026-08-12T07:44:00Z,online,92,idle,,false,false,
BR-SERVI-0417,2026-08-12T07:45:00Z,online,92,idle,,false,false,
BR-SERVI-0417,2026-08-12T07:46:00Z,online,91,idle,,false,false,
BR-SERVI-0417,2026-08-12T07:47:00Z,online,91,idle,,false,false,
BR-SERVI-0417,2026-08-12T07:48:00Z,online,91,idle,,false,false,
BR-SERVI-0417,2026-08-12T07:49:00Z,online,91,idle,,false,false,
BR-SERVI-0417,2026-08-12T07:50:00Z,online,91,idle,,false,false,
BR-SERVI-0417,2026-08-12T07:51:00Z,online,90,idle,,false,false,
BR-SERVI-0417,2026-08-12T07:52:00Z,online,90,idle,,false,false,
BR-SERVI-0417,2026-08-12T07:53:00Z,online,90,idle,,false,false,
BR-SERVI-0417,2026-08-12T07:54:00Z,online,93,charging,,false,true,
BR-SERVI-0417,2026-08-12T07:55:00Z,online,93,idle,,false,false,
BR-SERVI-0417,2026-08-12T07:56:00Z,online,93,idle,,false,false,
BR-SERVI-0417,2026-08-12T07:57:00Z,online,92,idle,,false,false,
BR-SERVI-0417,2026-08-12T07:58:00Z,online,92,idle,,false,false,
BR-SERVI-0417,2026-08-12T07:59:00Z,online,92,idle,,false,false,
BR-SERVI-0417,2026-08-12T08:00:00Z,online,92,idle,,false,false,
BR-SERVI-0417,2026-08-12T08:01:00Z,online,92,idle,,false,false,
BR-SERVI-0417,2026-08-12T08:02:00Z,online,91,idle,,false,false,
BR-SERVI-0417,2026-08-12T08:03:00Z,online,91,idle,,false,false,
BR-SERVI-0417,2026-08-12T08:04:00Z,online,91,idle,,false,false,
BR-SERVI-0417,2026-08-12T08:05:00Z,online,91,idle,,false,false,
BR-SERVI-0417,2026-08-12T08:06:00Z,online,91,idle,,false,false,
BR-SERVI-0417,2026-08-12T08:07:00Z,online,90,idle,,false,false,
BR-SERVI-0417,2026-08-12T08:08:00Z,online,90,idle,,false,false,
BR-SERVI-0417,2026-08-12T08:09:00Z,online,90,idle,,false,false,
BR-SERVI-0417,2026-08-12T08:10:00Z,online,93,charging,,false,true,
BR-SERVI-0417,2026-08-12T08:11:00Z,online,93,idle,,false,false,
BR-SERVI-0417,2026-08-12T08:12:00Z,online,93,idle,,false,false,
BR-SERVI-0417,2026-08-12T08:13:00Z,online,92,idle,,false,false,
BR-SERVI-0417,2026-08-12T08:14:00Z,online,92,idle,,false,false,
BR-SERVI-0417,2026-08-12T08:15:00Z,online,92,idle,,false,false,
BR-SERVI-0417,2026-08-12T08:16:00Z,online,92,idle,,false,false,
BR-SERVI-0417,2026-08-12T08:17:00Z,online,92,idle,,false,false,
BR-SERVI-0417,2026-08-12T08:18:00Z,online,91,idle,,false,false,
BR-SERVI-0417,2026-08-12T08:19:00Z,online,91,idle,,false,false,
BR-SERVI-0417,2026-08-12T08:20:00Z,online,91,idle,,false,false,
BR-SERVI-0417,2026-08-12T08:21:00Z,online,91,idle,,false,false,
BR-SERVI-0417,2026-08-12T08:22:00Z,online,91,idle,,false,false,
BR-SERVI-0417,2026-08-12T08:23:00Z,online,90,idle,,false,false,
BR-SERVI-0417,2026-08-12T08:24:00Z,online,90,idle,,false,false,
BR-SERVI-0417,2026-08-12T08:25:00Z,online,90,idle,,false,false,
BR-SERVI-0417,2026-08-12T08:26:00Z,online,93,charging,,false,true,
BR-SERVI-0417,2026-08-12T08:27:00Z,online,93,idle,,false,false,
BR-SERVI-0417,2026-08-12T08:28:00Z,online,93,idle,,false,false,
BR-SERVI-0417,2026-08-12T08:29:00Z,online,92,idle,,false,false,
BR-SERVI-0417,2026-08-12T08:30:00Z,offline,92,,,false,false,
BR-SERVI-0417,2026-08-12T08:31:00Z,online,92,idle,,false,false,
BR-SERVI-0417,2026-08-12T08:32:00Z,online,92,idle,,false,false,
BR-SERVI-0417,2026-08-12T08:33:00Z,online,92,idle,,false,false,
BR-SERVI-0417,2026-08-12T08:34:00Z,online,91,idle,,false,false,
BR-SERVI-0417,2026-08-12T08:35:00Z,online,91,idle,,false,false,
BR-SERVI-0417,2026-08-12T08:36:00Z,online,91,idle,,false,false,
BR-SERVI-0417,2026-08-12T08:37:00Z,online,91,idle,,false,false,
BR-SERVI-0417,2026-08-12T08:38:00Z,online,91,idle,,false,false,
BR-SERVI-0417,2026-08-12T08:39:00Z,online,90,idle,,false,false,
BR-SERVI-0417,2026-08-12T08:40:00Z,online,90,idle,,false,false,
BR-SERVI-0417,2026-08-12T08:41:00Z,online,90,idle,,false,false,
BR-SERVI-0417,2026-08-12T08:42:00Z,online,93,charging,,false,true,
BR-SERVI-0417,2026-08-12T08:43:00Z,online,93,idle,,false,false,
BR-SERVI-0417,2026-08-12T08:44:00Z,online,93,idle,,false,false,
BR-SERVI-0417,2026-08-12T08:45:00Z,online,92,idle,,false,false,
BR-SERVI-0417,2026-08-12T08:46:00Z,online,92,idle,,false,false,
BR-SERVI-0417,2026-08-12T08:47:00Z,online,92,idle,,false,false,
BR-SERVI-0417,2026-08-12T08:48:00Z,online,92,idle,,false,false,
BR-SERVI-0417,2026-08-12T08:49:00Z,online,92,idle,,false,false,
BR-SERVI-0417,2026-08-12T08:50:00Z,online,91,idle,,false,false,
BR-SERVI-0417,2026-08-12T08:51:00Z,online,91,idle,,false,false,
BR-SERVI-0417,2026-08-12T08:52:00Z,online,91,idle,,false,false,
BR-SERVI-0417,2026-08-12T08:53:00Z,online,91,idle,,false,false,
BR-SERVI-0417,2026-08-12T08:54:00Z,online,91,idle,,false,false,
BR-SERVI-0417,2026-08-12T08:55:00Z,online,90,idle,,false,false,
BR-SERVI-0417,2026-08-12T08:56:00Z,online,90,idle,,false,false,
BR-SERVI-0417,2026-08-12T08:57:00Z,online,90,idle,,false,false,
BR-SERVI-0417,2026-08-12T08:58:00Z,online,93,charging,,false,true,
BR-SERVI-0417,2026-08-12T08:59:00Z,offline,93,,,false,false,
BR-SERVI-0417,2026-08-12T09:00:00Z,online,93,idle,,false,false,
BR-SERVI-0417,2026-08-12T09:01:00Z,online,92,idle,,false,false,
BR-SERVI-0417,2026-08-12T09:02:00Z,online,92,idle,,false,false,
BR-SERVI-0417,2026-08-12T09:03:00Z,online,92,idle,,false,false,
BR-SERVI-0417,2026-08-12T09:04:00Z,online,92,idle,,false,false,
BR-SERVI-0417,2026-08-12T09:05:00Z,online,92,idle,,false,false,
BR-SERVI-0417,2026-08-12T09:06:00Z,offline,91,,,false,false,
BR-SERVI-0417,2026-08-12T09:07:00Z,online,91,idle,,false,false,
BR-SERVI-0417,2026-08-12T09:08:00Z,online,91,idle,,false,false,
BR-SERVI-0417,2026-08-12T09:09:00Z,online,91,idle,,false,false,
BR-SERVI-0417,2026-08-12T09:10:00Z,online,91,idle,,false,false,
BR-SERVI-0417,2026-08-12T09:11:00Z,online,90,idle,,false,false,
BR-SERVI-0417,2026-08-12T09:12:00Z,online,90,idle,,false,false,
BR-SERVI-0417,2026-08-12T09:13:00Z,online,90,idle,,false,false,
BR-SERVI-0417,2026-08-12T09:14:00Z,online,93,charging,,false,true,
BR-SERVI-0417,2026-08-12T09:15:00Z,online,93,idle,,false,false,
BR-SERVI-0417,2026-08-12T09:16:00Z,online,93,idle,,false,false,
BR-SERVI-0417,2026-08-12T09:17:00Z,online,92,idle,,false,false,
BR-SERVI-0417,2026-08-12T09:18:00Z,offline,92,,,false,false,
BR-SERVI-0417,2026-08-12T09:19:00Z,online,92,idle,,false,false,
BR-SERVI-0417,2026-08-12T09:20:00Z,online,92,idle,,false,false,
BR-SERVI-0417,2026-08-12T09:21:00Z,online,92,idle,,false,false,
BR-SERVI-0417,2026-08-12T09:22:00Z,online,91,idle,,false,false,
BR-SERVI-0417,2026-08-12T09:23:00Z,online,91,idle,,false,false,
BR-SERVI-0417,2026-08-12T09:24:00Z,online,91,idle,,false,false,
BR-SERVI-0417,2026-08-12T09:25:00Z,online,91,idle,,false,false,
BR-SERVI-0417,2026-08-12T09:26:00Z,online,91,idle,,false,false,
BR-SERVI-0417,2026-08-12T09:27:00Z,online,90,idle,,false,false,
BR-SERVI-0417,2026-08-12T09:28:00Z,online,90,idle,,false,false,
BR-SERVI-0417,2026-08-12T09:29:00Z,online,90,idle,,false,false,
BR-SERVI-0417,2026-08-12T09:30:00Z,online,93,charging,,false,true,
BR-SERVI-0417,2026-08-12T09:31:00Z,online,93,idle,,false,false,
BR-SERVI-0417,2026-08-12T09:32:00Z,online,93,idle,,false,false,
BR-SERVI-0417,2026-08-12T09:33:00Z,online,92,idle,,false,false,
BR-SERVI-0417,2026-08-12T09:34:00Z,online,92,idle,,false,false,
BR-SERVI-0417,2026-08-12T09:35:00Z,online,92,idle,,false,false,
BR-SERVI-0417,2026-08-12T09:36:00Z,online,92,idle,,false,false,
BR-SERVI-0417,2026-08-12T09:37:00Z,online,92,idle,,false,false,
BR-SERVI-0417,2026-08-12T09:38:00Z,online,91,idle,,false,false,
BR-SERVI-0417,2026-08-12T09:39:00Z,online,91,idle,,false,false,
BR-SERVI-0417,2026-08-12T09:40:00Z,online,91,idle,,false,false,
BR-SERVI-0417,2026-08-12T09:41:00Z,online,91,idle,,false,false,
BR-SERVI-0417,2026-08-12T09:42:00Z,online,91,idle,,false,false,
BR-SERVI-0417,2026-08-12T09:43:00Z,online,90,idle,,false,false,
BR-SERVI-0417,2026-08-12T09:44:00Z,online,90,idle,,false,false,
BR-SERVI-0417,2026-08-12T09:45:00Z,online,90,idle,,false,false,
BR-SERVI-0417,2026-08-12T09:46:00Z,online,93,charging,,false,true,
BR-SERVI-0417,2026-08-12T09:47:00Z,offline,93,,,false,false,
BR-SERVI-0417,2026-08-12T09:48:00Z,online,93,idle,,false,false,
BR-SERVI-0417,2026-08-12T09:49:00Z,online,92,idle,,false,false,
BR-SERVI-0417,2026-08-12T09:50:00Z,online,92,idle,,false,false,
BR-SERVI-0417,2026-08-12T09:51:00Z,online,92,idle,,false,false,
BR-SERVI-0417,2026-08-12T09:52:00Z,online,92,idle,,false,false,
BR-SERVI-0417,2026-08-12T09:53:00Z,online,92,idle,,false,false,
BR-SERVI-0417,2026-08-12T09:54:00Z,online,91,idle,,false,false,
BR-SERVI-0417,2026-08-12T09:55:00Z,online,91,idle,,false,false,
BR-SERVI-0417,2026-08-12T09:56:00Z,online,91,idle,,false,false,
BR-SERVI-0417,2026-08-12T09:57:00Z,online,91,idle,,false,false,
BR-SERVI-0417,2026-08-12T09:58:00Z,online,91,idle,,false,false,
BR-SERVI-0417,2026-08-12T09:59:00Z,online,90,idle,,false,false,
BR-SERVI-0417,2026-08-12T10:00:00Z,online,90,idle,,false,false,
BR-SERVI-0417,2026-08-12T10:01:00Z,online,90,idle,,false,false,
BR-SERVI-0417,2026-08-12T10:02:00Z,online,93,charging,,false,true,
BR-SERVI-0417,2026-08-12T10:03:00Z,online,93,idle,,false,false,
BR-SERVI-0417,2026-08-12T10:04:00Z,online,93,idle,,false,false,
BR-SERVI-0417,2026-08-12T10:05:00Z,online,92,idle,,false,false,
BR-SERVI-0417,2026-08-12T10:06:00Z,online,92,idle,,false,false,
BR-SERVI-0417,2026-08-12T10:07:00Z,online,92,idle,,false,false,
BR-SERVI-0417,2026-08-12T10:08:00Z,online,92,idle,,false,false,
BR-SERVI-0417,2026-08-12T10:09:00Z,online,92,idle,,false,false,
BR-SERVI-0417,2026-08-12T10:10:00Z,online,91,idle,,false,false,
BR-SERVI-0417,2026-08-12T10:11:00Z,online,91,idle,,false,false,
BR-SERVI-0417,2026-08-12T10:12:00Z,online,91,idle,,false,false,
BR-SERVI-0417,2026-08-12T10:13:00Z,online,91,idle,,false,false,
BR-SERVI-0417,2026-08-12T10:14:00Z,online,91,idle,,false,false,
BR-SERVI-0417,2026-08-12T10:15:00Z,online,90,idle,,false,false,
BR-SERVI-0417,2026-08-12T10:16:00Z,online,90,idle,,false,false,
BR-SERVI-0417,2026-08-12T10:17:00Z,online,90,idle,,false,false,
BR-SERVI-0417,2026-08-12T10:18:00Z,online,93,charging,,false,true,
BR-SERVI-0417,2026-08-12T10:19:00Z,online,93,idle,,false,false,
BR-SERVI-0417,2026-08-12T10:20:00Z,online,93,idle,,false,false,
BR-SERVI-0417,2026-08-12T10:21:00Z,online,92,idle,,false,false,
BR-SERVI-0417,2026-08-12T10:22:00Z,online,92,idle,,false,false,
BR-SERVI-0417,2026-08-12T10:23:00Z,online,92,idle,,false,false,
BR-SERVI-0417,2026-08-12T10:24:00Z,online,92,idle,,false,false,
BR-SERVI-0417,2026-08-12T10:25:00Z,online,92,idle,,false,false,
BR-SERVI-0417,2026-08-12T10:26:00Z,online,91,idle,,false,false,
BR-SERVI-0417,2026-08-12T10:27:00Z,online,91,idle,,false,false,
BR-SERVI-0417,2026-08-12T10:28:00Z,online,91,idle,,false,false,
BR-SERVI-0417,2026-08-12T10:29:00Z,online,91,idle,,false,false,
BR-SERVI-0417,2026-08-12T10:30:00Z,online,91,idle,,false,false,
BR-SERVI-0417,2026-08-12T10:31:00Z,online,90,idle,,false,false,
BR-SERVI-0417,2026-08-12T10:32:00Z,online,90,idle,,false,false,
BR-SERVI-0417,2026-08-12T10:33:00Z,online,90,idle,,false,false,
BR-SERVI-0417,2026-08-12T10:34:00Z,online,93,charging,,false,true,
BR-SERVI-0417,2026-08-12T10:35:00Z,online,93,idle,,false,false,
BR-SERVI-0417,2026-08-12T10:36:00Z,online,93,idle,,false,false,
BR-SERVI-0417,2026-08-12T10:37:00Z,online,92,idle,,false,false,
BR-SERVI-0417,2026-08-12T10:38:00Z,online,92,idle,,false,false,
BR-SERVI-0417,2026-08-12T10:39:00Z,online,92,idle,,false,false,
BR-SERVI-0417,2026-08-12T10:40:00Z,offline,92,,,false,false,
BR-SERVI-0417,2026-08-12T10:41:00Z,online,92,idle,,false,false,
BR-SERVI-0417,2026-08-12T10:42:00Z,online,91,idle,,false,false,
BR-SERVI-0417,2026-08-12T10:43:00Z,online,91,idle,,false,false,
BR-SERVI-0417,2026-08-12T10:44:00Z,online,91,idle,,false,false,
BR-SERVI-0417,2026-08-12T10:45:00Z,online,91,idle,,false,false,
BR-SERVI-0417,2026-08-12T10:46:00Z,online,91,idle,,false,false,
BR-SERVI-0417,2026-08-12T10:47:00Z,online,90,idle,,false,false,
BR-SERVI-0417,2026-08-12T10:48:00Z,online,90,idle,,false,false,
BR-SERVI-0417,2026-08-12T10:49:00Z,online,90,idle,,false,false,
BR-SERVI-0417,2026-08-12T10:50:00Z,online,93,charging,,false,true,
BR-SERVI-0417,2026-08-12T10:51:00Z,online,93,idle,,false,false,
BR-SERVI-0417,2026-08-12T10:52:00Z,online,93,idle,,false,false,
BR-SERVI-0417,2026-08-12T10:53:00Z,online,92,idle,,false,false,
BR-SERVI-0417,2026-08-12T10:54:00Z,online,92,idle,,false,false,
BR-SERVI-0417,2026-08-12T10:55:00Z,online,92,idle,,false,false,
BR-SERVI-0417,2026-08-12T10:56:00Z,online,92,idle,,false,false,
BR-SERVI-0417,2026-08-12T10:57:00Z,online,92,idle,,false,false,
BR-SERVI-0417,2026-08-12T10:58:00Z,online,91,idle,,false,false,
BR-SERVI-0417,2026-08-12T10:59:00Z,online,91,idle,,false,false,
BR-SERVI-0417,2026-08-12T11:00:00Z,online,91,idle,,false,false,
BR-SERVI-0417,2026-08-12T11:01:00Z,online,91,idle,,false,false,
BR-SERVI-0417,2026-08-12T11:02:00Z,online,91,idle,,false,false,
BR-SERVI-0417,2026-08-12T11:03:00Z,online,90,idle,,false,false,
BR-SERVI-0417,2026-08-12T11:04:00Z,online,89,active,0417-m0000,false,false,
BR-SERVI-0417,2026-08-12T11:05:00Z,online,88,active,0417-m0000,false,false,
BR-SERVI-0417,2026-08-12T11:06:00Z,online,87,idle,,false,false,
BR-SERVI-0417,2026-08-12T11:07:00Z,online,87,idle,,false,false,
BR-SERVI-0417,2026-08-12T11:08:00Z,online,87,idle,,false,false,
BR-SERVI-0417,2026-08-12T11:09:00Z,online,86,active,0417-m0000,false,false,
BR-SERVI-0417,2026-08-12T11:10:00Z,online,84,active,0417-m0000,false,false,
BR-SERVI-0417,2026-08-12T11:11:00Z,online,84,idle,,false,false,
BR-SERVI-0417,2026-08-12T11:12:00Z,online,83,active,0417-m0000,false,false,
BR-SERVI-0417,2026-08-12T11:13:00Z,online,81,active,0417-m0000,false,false,
BR-SERVI-0417,2026-08-12T11:14:00Z,online,81,idle,,false,false,
BR-SERVI-0417,2026-08-12T11:15:00Z,online,80,active,0417-m0001,false,false,
BR-SERVI-0417,2026-08-12T11:16:00Z,online,79,idle,,false,false,
BR-SERVI-0417,2026-08-12T11:17:00Z,online,79,idle,,false,false,
BR-SERVI-0417,2026-08-12T11:18:00Z,online,78,active,0417-m0002,false,false,
BR-SERVI-0417,2026-08-12T11:19:00Z,online,78,idle,,false,false,
BR-SERVI-0417,2026-08-12T11:20:00Z,online,76,active,0417-m0003,false,false,
BR-SERVI-0417,2026-08-12T11:21:00Z,online,76,idle,,false,false,
BR-SERVI-0417,2026-08-12T11:22:00Z,online,75,active,0417-m0004,false,false,
BR-SERVI-0417,2026-08-12T11:23:00Z,online,74,idle,,false,false,
BR-SERVI-0417,2026-08-12T11:24:00Z,online,73,active,0417-m0005,false,false,
BR-SERVI-0417,2026-08-12T11:25:00Z,online,73,idle,,false,false,
BR-SERVI-0417,2026-08-12T11:26:00Z,online,73,idle,,false,false,
BR-SERVI-0417,2026-08-12T11:27:00Z,online,72,idle,,false,false,
BR-SERVI-0417,2026-08-12T11:28:00Z,online,72,idle,,false,false,
BR-SERVI-0417,2026-08-12T11:29:00Z,online,72,idle,,false,false,
BR-SERVI-0417,2026-08-12T11:30:00Z,online,72,idle,,false,false,
BR-SERVI-0417,2026-08-12T11:31:00Z,online,72,idle,,false,false,
BR-SERVI-0417,2026-08-12T11:32:00Z,online,70,active,0417-m0005,false,false,
BR-SERVI-0417,2026-08-12T11:33:00Z,online,70,idle,,false,false,
BR-SERVI-0417,2026-08-12T11:34:00Z,online,69,active,0417-m0005,false,false,
BR-SERVI-0417,2026-08-12T11:35:00Z,online,67,active,0417-m0006,false,false,
BR-SERVI-0417,2026-08-12T11:36:00Z,online,66,active,0417-m0006,false,false,
BR-SERVI-0417,2026-08-12T11:37:00Z,online,66,idle,,false,false,
BR-SERVI-0417,2026-08-12T11:38:00Z,online,64,active,0417-m0006,false,false,
BR-SERVI-0417,2026-08-12T11:39:00Z,online,63,active,0417-m0006,false,false,
BR-SERVI-0417,2026-08-12T11:40:00Z,online,63,idle,,false,false,
BR-SERVI-0417,2026-08-12T11:41:00Z,online,62,idle,,false,false,
BR-SERVI-0417,2026-08-12T11:42:00Z,online,62,idle,,false,false,
BR-SERVI-0417,2026-08-12T11:43:00Z,online,61,active,0417-m0006,false,false,
BR-SERVI-0417,2026-08-12T11:44:00Z,online,59,active,0417-m0006,false,false,
BR-SERVI-0417,2026-08-12T11:45:00Z,online,58,active,0417-m0006,false,false,
BR-SERVI-0417,2026-08-12T11:46:00Z,online,58,idle,,false,false,
BR-SERVI-0417,2026-08-12T11:47:00Z,online,58,idle,,false,false,
BR-SERVI-0417,2026-08-12T11:48:00Z,online,57,idle,,false,false,
BR-SERVI-0417,2026-08-12T11:49:00Z,online,56,active,0417-m0006,false,false,
BR-SERVI-0417,2026-08-12T11:50:00Z,online,56,idle,,false,false,
BR-SERVI-0417,2026-08-12T11:51:00Z,online,56,idle,,false,false,
BR-SERVI-0417,2026-08-12T11:52:00Z,online,55,idle,,false,false,
BR-SERVI-0417,2026-08-12T11:53:00Z,online,54,active,0417-m0006,false,false,
BR-SERVI-0417,2026-08-12T11:54:00Z,online,53,active,0417-m0006,false,false,
BR-SERVI-0417,2026-08-12T11:55:00Z,online,52,idle,,false,false,
BR-SERVI-0417,2026-08-12T11:56:00Z,online,51,active,0417-m0006,false,false,
BR-SERVI-0417,2026-08-12T11:57:00Z,online,51,idle,,false,false,
BR-SERVI-0417,2026-08-12T11:58:00Z,online,51,idle,,false,false,
BR-SERVI-0417,2026-08-12T11:59:00Z,online,49,active,0417-m0006,false,false,
BR-SERVI-0417,2026-08-12T12:00:00Z,online,49,idle,,false,false,
BR-SERVI-0417,2026-08-12T12:01:00Z,online,48,active,0417-m0006,false,false,
BR-SERVI-0417,2026-08-12T12:02:00Z,online,46,active,0417-m0006,false,false,
BR-SERVI-0417,2026-08-12T12:03:00Z,online,46,idle,,false,false,
BR-SERVI-0417,2026-08-12T12:04:00Z,online,46,idle,,false,false,
BR-SERVI-0417,2026-08-12T12:05:00Z,online,46,idle,,false,false,
BR-SERVI-0417,2026-08-12T12:06:00Z,online,44,active,0417-m0006,false,false,
BR-SERVI-0417,2026-08-12T12:07:00Z,online,44,idle,,false,false,
BR-SERVI-0417,2026-08-12T12:08:00Z,online,43,active,0417-m0007,false,false,
BR-SERVI-0417,2026-08-12T12:09:00Z,online,41,active,0417-m0007,false,false,
BR-SERVI-0417,2026-08-12T12:10:00Z,online,41,idle,,false,false,
BR-SERVI-0417,2026-08-12T12:11:00Z,online,41,idle,,false,false,
BR-SERVI-0417,2026-08-12T12:12:00Z,online,41,idle,,false,false,
BR-SERVI-0417,2026-08-12T12:13:00Z,online,39,active,0417-m0007,false,false,
BR-SERVI-0417,2026-08-12T12:14:00Z,online,38,active,0417-m0008,false,false,
BR-SERVI-0417,2026-08-12T12:15:00Z,online,36,active,0417-m0008,false,false,
BR-SERVI-0417,2026-08-12T12:16:00Z,online,35,active,0417-m0008,false,false,
BR-SERVI-0417,2026-08-12T12:17:00Z,online,34,active,0417-m0008,false,false,
BR-SERVI-0417,2026-08-12T12:18:00Z,online,32,active,0417-m0008,false,false,
BR-SERVI-0417,2026-08-12T12:19:00Z,online,31,active,0417-m0008,false,false,
BR-SERVI-0417,2026-08-12T12:20:00Z,online,29,active,0417-m0008,false,false,
BR-SERVI-0417,2026-08-12T12:21:00Z,online,29,idle,,false,false,
BR-SERVI-0417,2026-08-12T12:22:00Z,online,29,idle,,false,false,
BR-SERVI-0417,2026-08-12T12:23:00Z,online,28,active,0417-m0009,false,false,
BR-SERVI-0417,2026-08-12T12:24:00Z,online,27,idle,,false,false,
BR-SERVI-0417,2026-08-12T12:25:00Z,online,26,active,0417-m0009,false,false,
BR-SERVI-0417,2026-08-12T12:26:00Z,online,25,active,0417-m0010,false,false,
BR-SERVI-0417,2026-08-12T12:27:00Z,online,23,active,0417-m0010,false,false,
BR-SERVI-0417,2026-08-12T12:28:00Z,online,23,idle,,false,false,
BR-SERVI-0417,2026-08-12T12:29:00Z,online,22,active,0417-m0011,false,false,
BR-SERVI-0417,2026-08-12T12:30:00Z,online,20,active,0417-m0011,false,false,
BR-SERVI-0417,2026-08-12T12:31:00Z,online,20,idle,,false,false,
BR-SERVI-0417,2026-08-12T12:32:00Z,online,20,idle,,false,false,
BR-SERVI-0417,2026-08-12T12:33:00Z,online,18,active,0417-m0011,false,false,
BR-SERVI-0417,2026-08-12T12:34:00Z,online,18,idle,,false,false,
BR-SERVI-0417,2026-08-12T12:35:00Z,online,17,active,0417-m0011,false,false,
BR-SERVI-0417,2026-08-12T12:36:00Z,online,17,idle,,false,false,
BR-SERVI-0417,2026-08-12T12:37:00Z,online,15,active,0417-m0011,false,false,
BR-SERVI-0417,2026-08-12T12:38:00Z,online,14,active,0417-m0011,false,false,
BR-SERVI-0417,2026-08-12T12:39:00Z,online,14,idle,,false,false,
BR-SERVI-0417,2026-08-12T12:40:00Z,online,13,idle,,false,false,
BR-SERVI-0417,2026-08-12T12:41:00Z,online,12,active,0417-m0011,false,false,
BR-SERVI-0417,2026-08-12T12:42:00Z,online,12,idle,,false,false,
BR-SERVI-0417,2026-08-12T12:43:00Z,online,12,active,0417-m0011,false,false,
BR-SERVI-0417,2026-08-12T12:44:00Z,online,12,idle,,false,false,
BR-SERVI-0417,2026-08-12T12:45:00Z,online,12,idle,,false,false,
BR-SERVI-0417,2026-08-12T12:46:00Z,online,12,idle,,false,false,
BR-SERVI-0417,2026-08-12T12:47:00Z,online,12,idle,,false,false,
BR-SERVI-0417,2026-08-12T12:48:00Z,online,12,active,0417-m0011,false,false,
BR-SERVI-0417,2026-08-12T12:49:00Z,online,12,idle,,false,false,
BR-SERVI-0417,2026-08-12T12:50:00Z,online,12,idle,,false,false,
BR-SERVI-0417,2026-08-12T12:51:00Z,online,12,active,0417-m0012,false,false,
BR-SERVI-0417,2026-08-12T12:52:00Z,online,12,idle,,false,false,
BR-SERVI-0417,2026-08-12T12:53:00Z,online,12,active,0417-m0013,false,false,
BR-SERVI-0417,2026-08-12T12:54:00Z,online,12,active,0417-m0013,false,false,
BR-SERVI-0417,2026-08-12T12:55:00Z,online,12,idle,,false,false,
BR-SERVI-0417,2026-08-12T12:56:00Z,online,12,idle,,false,false,
BR-SERVI-0417,2026-08-12T12:57:00Z,online,12,idle,,false,false,
BR-SERVI-0417,2026-08-12T12:58:00Z,online,12,active,0417-m0014,false,false,
BR-SERVI-0417,2026-08-12T12:59:00Z,online,12,idle,,false,false,
BR-SERVI-0417,2026-08-12T13:00:00Z,online,12,idle,,false,false,
BR-SERVI-0417,2026-08-12T13:01:00Z,online,12,active,0417-m0014,false,false,
BR-SERVI-0417,2026-08-12T13:02:00Z,online,12,active,0417-m0015,false,false,
BR-SERVI-0417,2026-08-12T13:03:00Z,online,12,idle,,false,false,
BR-SERVI-0417,2026-08-12T13:04:00Z,online,12,active,0417-m0016,false,false,
BR-SERVI-0417,2026-08-12T13:05:00Z,online,12,active,0417-m0016,false,false,
BR-SERVI-0417,2026-08-12T13:06:00Z,online,12,active,0417-m0016,false,false,
BR-SERVI-0417,2026-08-12T13:07:00Z,online,12,active,0417-m0016,false,false,
BR-SERVI-0417,2026-08-12T13:08:00Z,online,12,idle,,false,false,
BR-SERVI-0417,2026-08-12T13:09:00Z,online,12,idle,,false,false,
BR-SERVI-0417,2026-08-12T13:10:00Z,online,12,idle,,false,false,
BR-SERVI-0417,2026-08-12T13:11:00Z,online,12,idle,,false,false,
BR-SERVI-0417,2026-08-12T13:12:00Z,online,12,idle,,false,false,
BR-SERVI-0417,2026-08-12T13:13:00Z,online,12,active,0417-m0016,false,false,
BR-SERVI-0417,2026-08-12T13:14:00Z,online,12,idle,,false,false,
BR-SERVI-0417,2026-08-12T13:15:00Z,online,12,idle,,false,false,
BR-SERVI-0417,2026-08-12T13:16:00Z,online,12,idle,,false,false,
BR-SERVI-0417,2026-08-12T13:17:00Z,online,12,idle,,false,false,
BR-SERVI-0417,2026-08-12T13:18:00Z,online,12,idle,,false,false,
BR-SERVI-0417,2026-08-12T13:19:00Z,online,12,idle,,false,false,
BR-SERVI-0417,2026-08-12T13:20:00Z,online,12,active,0417-m0016,false,false,
BR-SERVI-0417,2026-08-12T13:21:00Z,online,12,active,0417-m0016,false,false,
BR-SERVI-0417,2026-08-12T13:22:00Z,online,12,idle,,false,false,
BR-SERVI-0417,2026-08-12T13:23:00Z,online,12,active,0417-m0017,false,false,
BR-SERVI-0417,2026-08-12T13:24:00Z,online,12,active,0417-m0017,false,false,
BR-SERVI-0417,2026-08-12T13:25:00Z,online,12,idle,,false,false,
BR-SERVI-0417,2026-08-12T13:26:00Z,online,12,idle,,false,false,
BR-SERVI-0417,2026-08-12T13:27:00Z,online,12,active,0417-m0017,false,false,
BR-SERVI-0417,2026-08-12T13:28:00Z,online,12,active,0417-m0017,false,false,
BR-SERVI-0417,2026-08-12T13:29:00Z,online,12,idle,,false,false,
BR-SERVI-0417,2026-08-12T13:30:00Z,online,12,idle,,false,false,
BR-SERVI-0417,2026-08-12T13:31:00Z,online,12,idle,,false,false,
BR-SERVI-0417,2026-08-12T13:32:00Z,online,12,idle,,false,false,
BR-SERVI-0417,2026-08-12T13:33:00Z,online,12,idle,,false,false,
BR-SERVI-0417,2026-08-12T13:34:00Z,online,12,idle,,false,false,
BR-SERVI-0417,2026-08-12T13:35:00Z,online,12,active,0417-m0017,false,false,
BR-SERVI-0417,2026-08-12T13:36:00Z,online,12,idle,,false,false,
BR-SERVI-0417,2026-08-12T13:37:00Z,online,12,idle,,false,false,
BR-SERVI-0417,2026-08-12T13:38:00Z,online,12,idle,,false,false,
BR-SERVI-0417,2026-08-12T13:39:00Z,online,12,idle,,false,false,
BR-SERVI-0417,2026-08-12T13:40:00Z,online,12,idle,,false,false,
BR-SERVI-0417,2026-08-12T13:41:00Z,online,12,idle,,false,false,
BR-SERVI-0417,2026-08-12T13:42:00Z,online,12,idle,,false,false,
BR-SERVI-0417,2026-08-12T13:43:00Z,online,12,idle,,false,false,
BR-SERVI-0417,2026-08-12T13:44:00Z,online,12,active,0417-m0017,false,false,
BR-SERVI-0417,2026-08-12T13:45:00Z,online,12,idle,,false,false,
BR-SERVI-0417,2026-08-12T13:46:00Z,online,12,active,0417-m0017,false,false,
BR-SERVI-0417,2026-08-12T13:47:00Z,online,12,idle,,false,false,
BR-SERVI-0417,2026-08-12T13:48:00Z,online,12,idle,,false,false,
BR-SERVI-0417,2026-08-12T13:49:00Z,online,12,idle,,false,false,
BR-SERVI-0417,2026-08-12T13:50:00Z,online,12,active,0417-m0018,false,false,
BR-SERVI-0417,2026-08-12T13:51:00Z,online,12,active,0417-m0018,false,false,
BR-SERVI-0417,2026-08-12T13:52:00Z,online,12,idle,,false,false,
BR-SERVI-0417,2026-08-12T13:53:00Z,online,12,active,0417-m0018,false,false,
BR-SERVI-0417,2026-08-12T13:54:00Z,online,12,active,0417-m0019,false,false,
BR-SERVI-0417,2026-08-12T13:55:00Z,online,12,active,0417-m0020,false,false,
BR-SERVI-0417,2026-08-12T13:56:00Z,online,12,active,0417-m0020,false,false,
BR-SERVI-0417,2026-08-12T13:57:00Z,online,12,active,0417-m0021,false,false,
BR-SERVI-0417,2026-08-12T13:58:00Z,online,12,active,0417-m0021,false,false,
BR-SERVI-0417,2026-08-12T13:59:00Z,online,12,idle,,false,false,
BR-SERVI-0417,2026-08-12T14:00:00Z,online,12,active,0417-m0022,false,false,
BR-SERVI-0417,2026-08-12T14:01:00Z,online,12,active,0417-m0023,false,false,
BR-SERVI-0417,2026-08-12T14:02:00Z,online,12,idle,,false,false,
BR-SERVI-0417,2026-08-12T14:03:00Z,online,12,active,0417-m0023,false,false,
BR-SERVI-0417,2026-08-12T14:04:00Z,online,12,active,0417-m0024,false,false,
BR-SERVI-0417,2026-08-12T14:05:00Z,online,12,idle,,false,false,
BR-SERVI-0417,2026-08-12T14:06:00Z,online,12,idle,,false,false,
BR-SERVI-0417,2026-08-12T14:07:00Z,online,12,active,0417-m0025,false,false,
BR-SERVI-0417,2026-08-12T14:08:00Z,online,12,active,0417-m0026,false,false,
BR-SERVI-0417,2026-08-12T14:09:00Z,online,12,active,0417-m0027,false,false,
BR-SERVI-0417,2026-08-12T14:10:00Z,online,12,idle,,false,false,
BR-SERVI-0417,2026-08-12T14:11:00Z,online,12,active,0417-m0027,false,false,
BR-SERVI-0417,2026-08-12T14:12:00Z,online,12,active,0417-m0027,false,false,
BR-SERVI-0417,2026-08-12T14:13:00Z,online,12,active,0417-m0027,false,false,
BR-SERVI-0417,2026-08-12T14:14:00Z,online,12,active,0417-m0027,false,false,
BR-SERVI-0417,2026-08-12T14:15:00Z,online,12,active,0417-m0028,false,false,
BR-SERVI-0417,2026-08-12T14:16:00Z,online,12,idle,,false,false,
BR-SERVI-0417,2026-08-12T14:17:00Z,online,12,idle,,false,false,
BR-SERVI-0417,2026-08-12T14:18:00Z,online,12,active,0417-m0028,false,false,
BR-SERVI-0417,2026-08-12T14:19:00Z,online,12,idle,,false,false,
BR-SERVI-0417,2026-08-12T14:20:00Z,online,12,idle,,false,false,
BR-SERVI-0417,2026-08-12T14:21:00Z,online,12,active,0417-m0028,false,false,
BR-SERVI-0417,2026-08-12T14:22:00Z,online,12,active,0417-m0028,false,false,
BR-SERVI-0417,2026-08-12T14:23:00Z,online,12,active,0417-m0028,false,false,
BR-SERVI-0417,2026-08-12T14:24:00Z,online,12,idle,,false,false,
BR-SERVI-0417,2026-08-12T14:25:00Z,online,12,active,0417-m0028,false,false,
BR-SERVI-0417,2026-08-12T14:26:00Z,online,12,active,0417-m0028,false,false,
BR-SERVI-0417,2026-08-12T14:27:00Z,online,12,idle,,false,false,
BR-SERVI-0417,2026-08-12T14:28:00Z,online,12,active,0417-m0028,false,false,
BR-SERVI-0417,2026-08-12T14:29:00Z,online,12,active,0417-m0028,false,false,
BR-SERVI-0417,2026-08-12T14:30:00Z,online,12,idle,,false,false,
BR-SERVI-0417,2026-08-12T14:31:00Z,online,12,active,0417-m0029,false,false,
BR-SERVI-0417,2026-08-12T14:32:00Z,online,12,idle,,false,false,
BR-SERVI-0417,2026-08-12T14:33:00Z,online,12,idle,,false,false,
BR-SERVI-0417,2026-08-12T14:34:00Z,online,12,idle,,false,false,
BR-SERVI-0417,2026-08-12T14:35:00Z,online,12,active,0417-m0030,false,false,
BR-SERVI-0417,2026-08-12T14:36:00Z,online,12,active,0417-m0031,false,false,
BR-SERVI-0417,2026-08-12T14:37:00Z,online,12,active,0417-m0032,false,false,
BR-SERVI-0417,2026-08-12T14:38:00Z,online,12,idle,,false,false,
BR-SERVI-0417,2026-08-12T14:39:00Z,online,12,idle,,false,false,
BR-SERVI-0417,2026-08-12T14:40:00Z,online,12,active,0417-m0032,false,false,
BR-SERVI-0417,2026-08-12T14:41:00Z,online,12,active,0417-m0032,false,false,
BR-SERVI-0417,2026-08-12T14:42:00Z,online,12,active,0417-m0032,false,false,
BR-SERVI-0417,2026-08-12T14:43:00Z,online,12,idle,,false,false,
BR-SERVI-0417,2026-08-12T14:44:00Z,online,12,idle,,false,false,
BR-SERVI-0417,2026-08-12T14:45:00Z,online,12,active,0417-m0032,false,false,
BR-SERVI-0417,2026-08-12T14:46:00Z,online,12,idle,,false,false,
BR-SERVI-0417,2026-08-12T14:47:00Z,online,12,active,0417-m0032,false,false,
BR-SERVI-0417,2026-08-12T14:48:00Z,online,12,idle,,false,false,
BR-SERVI-0417,2026-08-12T14:49:00Z,online,12,active,0417-m0032,false,false,
BR-SERVI-0417,2026-08-12T14:50:00Z,online,12,idle,,false,false,
BR-SERVI-0417,2026-08-12T14:51:00Z,online,12,idle,,false,false,
BR-SERVI-0417,2026-08-12T14:52:00Z,online,12,active,0417-m0032,false,false,
BR-SERVI-0417,2026-08-12T14:53:00Z,online,12,idle,,false,false,
BR-SERVI-0417,2026-08-12T14:54:00Z,online,12,active,0417-m0033,false,false,
BR-SERVI-0417,2026-08-12T14:55:00Z,online,12,idle,,false,false,
BR-SERVI-0417,2026-08-12T14:56:00Z,online,12,active,0417-m0034,false,false,
BR-SERVI-0417,2026-08-12T14:57:00Z,online,12,idle,,false,false,
BR-SERVI-0417,2026-08-12T14:58:00Z,online,12,active,0417-m0035,false,false,
BR-SERVI-0417,2026-08-12T14:59:00Z,online,12,idle,,false,false,
BR-SERVI-0417,2026-08-12T15:00:00Z,online,12,idle,,false,false,
BR-SERVI-0417,2026-08-12T15:01:00Z,online,12,idle,,false,false,
BR-SERVI-0417,2026-08-12T15:02:00Z,online,12,idle,,false,false,
BR-SERVI-0417,2026-08-12T15:03:00Z,online,12,active,0417-m0035,false,false,
BR-SERVI-0417,2026-08-12T15:04:00Z,online,12,active,0417-m0035,false,false,
BR-SERVI-0417,2026-08-12T15:05:00Z,online,12,idle,,false,false,
BR-SERVI-0417,2026-08-12T15:06:00Z,online,12,idle,,false,false,
BR-SERVI-0417,2026-08-12T15:07:00Z,online,12,active,0417-m0036,false,false,
BR-SERVI-0417,2026-08-12T15:08:00Z,online,12,idle,,false,false,
BR-SERVI-0417,2026-08-12T15:09:00Z,online,12,idle,,false,false,
BR-SERVI-0417,2026-08-12T15:10:00Z,online,12,idle,,false,false,
BR-SERVI-0417,2026-08-12T15:11:00Z,online,12,active,0417-m0036,false,false,
BR-SERVI-0417,2026-08-12T15:12:00Z,online,12,idle,,false,false,
BR-SERVI-0417,2026-08-12T15:13:00Z,online,12,active,0417-m0037,false,false,
BR-SERVI-0417,2026-08-12T15:14:00Z,online,12,idle,,false,false,
BR-SERVI-0417,2026-08-12T15:15:00Z,online,12,active,0417-m0037,false,false,
BR-SERVI-0417,2026-08-12T15:16:00Z,online,12,idle,,false,false,
BR-SERVI-0417,2026-08-12T15:17:00Z,online,12,active,0417-m0037,false,false,
BR-SERVI-0417,2026-08-12T15:18:00Z,online,12,active,0417-m0037,false,false,
BR-SERVI-0417,2026-08-12T15:19:00Z,online,12,idle,,false,false,
BR-SERVI-0417,2026-08-12T15:20:00Z,online,12,idle,,false,false,
BR-SERVI-0417,2026-08-12T15:21:00Z,online,12,idle,,false,false,
BR-SERVI-0417,2026-08-12T15:22:00Z,online,12,idle,,false,false,
BR-SERVI-0417,2026-08-12T15:23:00Z,online,12,idle,,false,false,
BR-SERVI-0417,2026-08-12T15:24:00Z,online,12,active,0417-m0038,false,false,
BR-SERVI-0417,2026-08-12T15:25:00Z,online,12,active,0417-m0038,false,false,
BR-SERVI-0417,2026-08-12T15:26:00Z,online,12,active,0417-m0038,false,false,
BR-SERVI-0417,2026-08-12T15:27:00Z,online,12,active,0417-m0038,false,false,
BR-SERVI-0417,2026-08-12T15:28:00Z,online,12,active,0417-m0038,false,false,
BR-SERVI-0417,2026-08-12T15:29:00Z,online,12,idle,,false,false,
BR-SERVI-0417,2026-08-12T15:30:00Z,online,12,idle,,false,false,
BR-SERVI-0417,2026-08-12T15:31:00Z,online,12,idle,,false,false,
BR-SERVI-0417,2026-08-12T15:32:00Z,online,12,idle,,false,false,
BR-SERVI-0417,2026-08-12T15:33:00Z,online,12,idle,,false,false,
BR-SERVI-0417,2026-08-12T15:34:00Z,online,12,active,0417-m0038,false,false,
BR-SERVI-0417,2026-08-12T15:35:00Z,online,12,active,0417-m0038,false,false,
BR-SERVI-0417,2026-08-12T15:36:00Z,online,12,active,0417-m0038,false,false,
BR-SERVI-0417,2026-08-12T15:37:00Z,online,12,active,0417-m0039,false,false,
BR-SERVI-0417,2026-08-12T15:38:00Z,online,12,idle,,false,false,
BR-SERVI-0417,2026-08-12T15:39:00Z,online,12,active,0417-m0039,false,false,
BR-SERVI-0417,2026-08-12T15:40:00Z,online,12,idle,,false,false,
BR-SERVI-0417,2026-08-12T15:41:00Z,online,12,idle,,false,false,
BR-SERVI-0417,2026-08-12T15:42:00Z,online,12,idle,,false,false,
BR-SERVI-0417,2026-08-12T15:43:00Z,online,12,idle,,false,false,
BR-SERVI-0417,2026-08-12T15:44:00Z,online,12,idle,,false,false,
BR-SERVI-0417,2026-08-12T15:45:00Z,online,12,idle,,false,false,
BR-SERVI-0417,2026-08-12T15:46:00Z,online,12,idle,,false,false,
BR-SERVI-0417,2026-08-12T15:47:00Z,online,12,idle,,false,false,
BR-SERVI-0417,2026-08-12T15:48:00Z,online,12,idle,,false,false,
BR-SERVI-0417,2026-08-12T15:49:00Z,online,12,active,0417-m0039,false,false,
BR-SERVI-0417,2026-08-12T15:50:00Z,online,12,active,0417-m0040,false,false,
BR-SERVI-0417,2026-08-12T15:51:00Z,online,12,idle,,false,false,
BR-SERVI-0417,2026-08-12T15:52:00Z,online,12,active,0417-m0040,false,false,
BR-SERVI-0417,2026-08-12T15:53:00Z,online,12,idle,,false,false,
BR-SERVI-0417,2026-08-12T15:54:00Z,online,12,idle,,false,false,
BR-SERVI-0417,2026-08-12T15:55:00Z,online,12,active,0417-m0040,false,false,
BR-SERVI-0417,2026-08-12T15:56:00Z,online,12,active,0417-m0040,false,false,
BR-SERVI-0417,2026-08-12T15:57:00Z,online,12,idle,,false,false,
BR-SERVI-0417,2026-08-12T15:58:00Z,online,12,active,0417-m0040,false,false,
BR-SERVI-0417,2026-08-12T15:59:00Z,online,12,active,0417-m0040,false,false,
BR-SERVI-0417,2026-08-12T16:00:00Z,online,12,idle,,false,false,
BR-SERVI-0417,2026-08-12T16:01:00Z,online,12,active,0417-m0040,false,false,
BR-SERVI-0417,2026-08-12T16:02:00Z,online,12,idle,,false,false,
BR-SERVI-0417,2026-08-12T16:03:00Z,online,12,active,0417-m0040,false,false,
BR-SERVI-0417,2026-08-12T16:04:00Z,online,12,idle,,false,false,
BR-SERVI-0417,2026-08-12T16:05:00Z,online,12,idle,,false,false,
BR-SERVI-0417,2026-08-12T16:06:00Z,online,12,active,0417-m0040,false,false,
BR-SERVI-0417,2026-08-12T16:07:00Z,online,12,active,0417-m0040,false,false,
BR-SERVI-0417,2026-08-12T16:08:00Z,online,12,idle,,false,false,
BR-SERVI-0417,2026-08-12T16:09:00Z,online,12,active,0417-m0040,false,false,
BR-SERVI-0417,2026-08-12T16:10:00Z,online,12,idle,,false,false,
BR-SERVI-0417,2026-08-12T16:11:00Z,online,12,idle,,false,false,
BR-SERVI-0417,2026-08-12T16:12:00Z,online,12,active,0417-m0041,false,false,
BR-SERVI-0417,2026-08-12T16:13:00Z,online,12,active,0417-m0041,false,false,
BR-SERVI-0417,2026-08-12T16:14:00Z,online,12,active,0417-m0041,false,false,
BR-SERVI-0417,2026-08-12T16:15:00Z,online,12,idle,,false,false,
BR-SERVI-0417,2026-08-12T16:16:00Z,online,12,idle,,false,false,
BR-SERVI-0417,2026-08-12T16:17:00Z,online,12,idle,,false,false,
BR-SERVI-0417,2026-08-12T16:18:00Z,online,12,idle,,false,false,
BR-SERVI-0417,2026-08-12T16:19:00Z,online,12,idle,,false,false,
BR-SERVI-0417,2026-08-12T16:20:00Z,online,12,active,0417-m0042,false,false,
BR-SERVI-0417,2026-08-12T16:21:00Z,online,12,active,0417-m0042,false,false,
BR-SERVI-0417,2026-08-12T16:22:00Z,online,12,active,0417-m0042,false,false,
BR-SERVI-0417,2026-08-12T16:23:00Z,online,12,idle,,false,false,
BR-SERVI-0417,2026-08-12T16:24:00Z,online,12,idle,,false,false,
BR-SERVI-0417,2026-08-12T16:25:00Z,online,12,active,0417-m0042,false,false,
BR-SERVI-0417,2026-08-12T16:26:00Z,online,12,idle,,false,false,
BR-SERVI-0417,2026-08-12T16:27:00Z,online,12,active,0417-m0043,false,false,
BR-SERVI-0417,2026-08-12T16:28:00Z,online,12,idle,,false,false,
BR-SERVI-0417,2026-08-12T16:29:00Z,online,12,active,0417-m0043,false,false,
BR-SERVI-0417,2026-08-12T16:30:00Z,online,12,idle,,false,false,
BR-SERVI-0417,2026-08-12T16:31:00Z,online,12,active,0417-m0043,false,false,
BR-SERVI-0417,2026-08-12T16:32:00Z,online,12,active,0417-m0044,false,false,
BR-SERVI-0417,2026-08-12T16:33:00Z,online,12,idle,,false,false,
BR-SERVI-0417,2026-08-12T16:34:00Z,online,12,idle,,false,false,
BR-SERVI-0417,2026-08-12T16:35:00Z,online,12,active,0417-m0044,false,false,
BR-SERVI-0417,2026-08-12T16:36:00Z,online,12,idle,,false,false,
BR-SERVI-0417,2026-08-12T16:37:00Z,online,12,idle,,false,false,
BR-SERVI-0417,2026-08-12T16:38:00Z,online,12,active,0417-m0044,false,false,
BR-SERVI-0417,2026-08-12T16:39:00Z,online,12,active,0417-m0044,false,false,
BR-SERVI-0417,2026-08-12T16:40:00Z,online,12,idle,,false,false,
BR-SERVI-0417,2026-08-12T16:41:00Z,online,12,idle,,false,false,
BR-SERVI-0417,2026-08-12T16:42:00Z,online,12,active,0417-m0044,false,false,
BR-SERVI-0417,2026-08-12T16:43:00Z,online,12,active,0417-m0045,false,false,
BR-SERVI-0417,2026-08-12T16:44:00Z,online,12,idle,,false,false,
BR-SERVI-0417,2026-08-12T16:45:00Z,online,12,active,0417-m0045,false,false,
BR-SERVI-0417,2026-08-12T16:46:00Z,online,12,active,0417-m0045,false,false,
BR-SERVI-0417,2026-08-12T16:47:00Z,online,12,idle,,false,false,
BR-SERVI-0417,2026-08-12T16:48:00Z,online,12,idle,,false,false,
BR-SERVI-0417,2026-08-12T16:49:00Z,online,12,active,0417-m0045,false,false,
BR-SERVI-0417,2026-08-12T16:50:00Z,online,12,idle,,false,false,
BR-SERVI-0417,2026-08-12T16:51:00Z,online,12,idle,,false,false,
BR-SERVI-0417,2026-08-12T16:52:00Z,online,12,active,0417-m0045,false,false,
BR-SERVI-0417,2026-08-12T16:53:00Z,online,12,idle,,false,false,
BR-SERVI-0417,2026-08-12T16:54:00Z,online,12,idle,,false,false,
BR-SERVI-0417,2026-08-12T16:55:00Z,online,12,idle,,false,false,
BR-SERVI-0417,2026-08-12T16:56:00Z,online,12,idle,,false,false,
BR-SERVI-0417,2026-08-12T16:57:00Z,online,12,idle,,false,false,
BR-SERVI-0417,2026-08-12T16:58:00Z,online,12,active,0417-m0046,false,false,
BR-SERVI-0417,2026-08-12T16:59:00Z,online,12,idle,,false,false,
BR-SERVI-0417,2026-08-12T17:00:00Z,online,12,active,0417-m0047,false,false,
BR-SERVI-0417,2026-08-12T17:01:00Z,online,12,active,0417-m0047,false,false,
BR-SERVI-0417,2026-08-12T17:02:00Z,online,12,active,0417-m0048,false,false,
BR-SERVI-0417,2026-08-12T17:03:00Z,online,12,idle,,false,false,
BR-SERVI-0417,2026-08-12T17:04:00Z,online,12,active,0417-m0049,false,false,
BR-SERVI-0417,2026-08-12T17:05:00Z,online,12,idle,,false,false,
BR-SERVI-0417,2026-08-12T17:06:00Z,online,12,active,0417-m0050,false,false,
BR-SERVI-0417,2026-08-12T17:07:00Z,online,12,idle,,false,false,
BR-SERVI-0417,2026-08-12T17:08:00Z,online,12,idle,,false,false,
BR-SERVI-0417,2026-08-12T17:09:00Z,online,12,idle,,false,false,
BR-SERVI-0417,2026-08-12T17:10:00Z,online,12,active,0417-m0050,false,false,
BR-SERVI-0417,2026-08-12T17:11:00Z,online,12,idle,,false,false,
BR-SERVI-0417,2026-08-12T17:12:00Z,online,12,idle,,false,false,
BR-SERVI-0417,2026-08-12T17:13:00Z,online,12,idle,,false,false,
BR-SERVI-0417,2026-08-12T17:14:00Z,online,12,active,0417-m0050,false,false,
BR-SERVI-0417,2026-08-12T17:15:00Z,online,12,active,0417-m0051,false,false,
BR-SERVI-0417,2026-08-12T17:16:00Z,online,12,idle,,false,false,
BR-SERVI-0417,2026-08-12T17:17:00Z,online,12,idle,,false,false,
BR-SERVI-0417,2026-08-12T17:18:00Z,online,12,idle,,false,false,
BR-SERVI-0417,2026-08-12T17:19:00Z,online,12,active,0417-m0051,false,false,
BR-SERVI-0417,2026-08-12T17:20:00Z,online,12,active,0417-m0051,false,false,
BR-SERVI-0417,2026-08-12T17:21:00Z,online,12,active,0417-m0051,false,false,
BR-SERVI-0417,2026-08-12T17:22:00Z,online,12,idle,,false,false,
BR-SERVI-0417,2026-08-12T17:23:00Z,online,12,idle,,false,false,
BR-SERVI-0417,2026-08-12T17:24:00Z,online,12,idle,,false,false,
BR-SERVI-0417,2026-08-12T17:25:00Z,online,12,idle,,false,false,
BR-SERVI-0417,2026-08-12T17:26:00Z,online,12,idle,,false,false,
BR-SERVI-0417,2026-08-12T17:27:00Z,online,12,active,0417-m0051,false,false,
BR-SERVI-0417,2026-08-12T17:28:00Z,online,12,active,0417-m0052,false,false,
BR-SERVI-0417,2026-08-12T17:29:00Z,online,12,idle,,false,false,
BR-SERVI-0417,2026-08-12T17:30:00Z,online,12,idle,,false,false,
BR-SERVI-0417,2026-08-12T17:31:00Z,online,12,active,0417-m0053,false,false,
BR-SERVI-0417,2026-08-12T17:32:00Z,online,12,active,0417-m0053,false,false,
BR-SERVI-0417,2026-08-12T17:33:00Z,online,12,idle,,false,false,
BR-SERVI-0417,2026-08-12T17:34:00Z,online,12,active,0417-m0053,false,false,
BR-SERVI-0417,2026-08-12T17:35:00Z,online,12,idle,,false,false,
BR-SERVI-0417,2026-08-12T17:36:00Z,online,12,idle,,false,false,
BR-SERVI-0417,2026-08-12T17:37:00Z,online,12,active,0417-m0054,false,false,
BR-SERVI-0417,2026-08-12T17:38:00Z,online,12,idle,,false,false,
BR-SERVI-0417,2026-08-12T17:39:00Z,online,12,idle,,false,false,
BR-SERVI-0417,2026-08-12T17:40:00Z,online,12,idle,,false,false,
BR-SERVI-0417,2026-08-12T17:41:00Z,online,12,active,0417-m0054,false,false,
BR-SERVI-0417,2026-08-12T17:42:00Z,online,12,active,0417-m0055,false,false,
BR-SERVI-0417,2026-08-12T17:43:00Z,online,12,active,0417-m0055,false,false,
BR-SERVI-0417,2026-08-12T17:44:00Z,online,12,idle,,false,false,
BR-SERVI-0417,2026-08-12T17:45:00Z,online,12,active,0417-m0056,false,false,
BR-SERVI-0417,2026-08-12T17:46:00Z,online,12,active,0417-m0056,false,false,
BR-SERVI-0417,2026-08-12T17:47:00Z,online,12,idle,,false,false,
BR-SERVI-0417,2026-08-12T17:48:00Z,online,12,idle,,false,false,
BR-SERVI-0417,2026-08-12T17:49:00Z,online,12,idle,,false,false,
BR-SERVI-0417,2026-08-12T17:50:00Z,online,12,idle,,false,false,
BR-SERVI-0417,2026-08-12T17:51:00Z,online,12,idle,,false,false,
BR-SERVI-0417,2026-08-12T17:52:00Z,online,12,active,0417-m0056,false,false,
BR-SERVI-0417,2026-08-12T17:53:00Z,online,12,active,0417-m0056,false,false,
BR-SERVI-0417,2026-08-12T17:54:00Z,online,12,idle,,false,false,
BR-SERVI-0417,2026-08-12T17:55:00Z,online,12,active,0417-m0056,false,false,
BR-SERVI-0417,2026-08-12T17:56:00Z,online,12,active,0417-m0057,false,false,
BR-SERVI-0417,2026-08-12T17:57:00Z,online,12,active,0417-m0057,false,false,
BR-SERVI-0417,2026-08-12T17:58:00Z,online,12,active,0417-m0057,false,false,
BR-SERVI-0417,2026-08-12T17:59:00Z,online,12,active,0417-m0058,false,false,
BR-SERVI-0417,2026-08-12T18:00:00Z,online,12,active,0417-m0058,false,false,
BR-SERVI-0417,2026-08-12T18:01:00Z,online,12,active,0417-m0059,false,false,
BR-SERVI-0417,2026-08-12T18:02:00Z,online,12,idle,,false,false,
BR-SERVI-0417,2026-08-12T18:03:00Z,online,12,idle,,false,false,
BR-SERVI-0417,2026-08-12T18:04:00Z,online,12,idle,,false,false,
BR-SERVI-0417,2026-08-12T18:05:00Z,online,12,idle,,false,false,
BR-SERVI-0417,2026-08-12T18:06:00Z,online,12,idle,,false,false,
BR-SERVI-0417,2026-08-12T18:07:00Z,online,12,active,0417-m0060,false,false,
BR-SERVI-0417,2026-08-12T18:08:00Z,online,12,active,0417-m0060,false,false,
BR-SERVI-0417,2026-08-12T18:09:00Z,online,12,idle,,false,false,
BR-SERVI-0417,2026-08-12T18:10:00Z,online,12,idle,,false,false,
BR-SERVI-0417,2026-08-12T18:11:00Z,online,12,active,0417-m0060,false,false,
BR-SERVI-0417,2026-08-12T18:12:00Z,online,12,active,0417-m0061,false,false,
BR-SERVI-0417,2026-08-12T18:13:00Z,online,12,idle,,false,false,
BR-SERVI-0417,2026-08-12T18:14:00Z,online,12,active,0417-m0061,false,false,
BR-SERVI-0417,2026-08-12T18:15:00Z,online,12,idle,,false,false,
BR-SERVI-0417,2026-08-12T18:16:00Z,online,12,active,0417-m0061,false,false,
BR-SERVI-0417,2026-08-12T18:17:00Z,online,12,idle,,false,false,
BR-SERVI-0417,2026-08-12T18:18:00Z,online,12,idle,,false,false,
BR-SERVI-0417,2026-08-12T18:19:00Z,online,12,idle,,false,false,
BR-SERVI-0417,2026-08-12T18:20:00Z,online,12,idle,,false,false,
BR-SERVI-0417,2026-08-12T18:21:00Z,online,12,active,0417-m0062,false,false,
BR-SERVI-0417,2026-08-12T18:22:00Z,online,12,idle,,false,false,
BR-SERVI-0417,2026-08-12T18:23:00Z,online,12,active,0417-m0062,false,false,
BR-SERVI-0417,2026-08-12T18:24:00Z,online,12,idle,,false,false,
BR-SERVI-0417,2026-08-12T18:25:00Z,online,12,active,0417-m0062,false,false,
BR-SERVI-0417,2026-08-12T18:26:00Z,online,12,idle,,false,false,
BR-SERVI-0417,2026-08-12T18:27:00Z,online,12,idle,,false,false,
BR-SERVI-0417,2026-08-12T18:28:00Z,online,12,idle,,false,false,
BR-SERVI-0417,2026-08-12T18:29:00Z,online,12,active,0417-m0063,false,false,
BR-SERVI-0417,2026-08-12T18:30:00Z,online,12,idle,,false,false,
BR-SERVI-0417,2026-08-12T18:31:00Z,online,12,active,0417-m0063,false,false,
BR-SERVI-0417,2026-08-12T18:32:00Z,online,12,active,0417-m0064,false,false,
BR-SERVI-0417,2026-08-12T18:33:00Z,online,12,active,0417-m0064,false,false,
BR-SERVI-0417,2026-08-12T18:34:00Z,online,12,idle,,false,false,
BR-SERVI-0417,2026-08-12T18:35:00Z,online,12,active,0417-m0065,false,false,
BR-SERVI-0417,2026-08-12T18:36:00Z,online,12,active,0417-m0066,false,false,
BR-SERVI-0417,2026-08-12T18:37:00Z,online,12,idle,,false,false,
BR-SERVI-0417,2026-08-12T18:38:00Z,online,12,idle,,false,false,
BR-SERVI-0417,2026-08-12T18:39:00Z,online,12,idle,,false,false,
BR-SERVI-0417,2026-08-12T18:40:00Z,online,12,active,0417-m0066,false,false,
BR-SERVI-0417,2026-08-12T18:41:00Z,online,12,idle,,false,false,
BR-SERVI-0417,2026-08-12T18:42:00Z,online,12,idle,,false,false,
BR-SERVI-0417,2026-08-12T18:43:00Z,online,12,active,0417-m0066,false,false,
BR-SERVI-0417,2026-08-12T18:44:00Z,online,12,active,0417-m0066,false,false,
BR-SERVI-0417,2026-08-12T18:45:00Z,online,12,active,0417-m0067,false,false,
BR-SERVI-0417,2026-08-12T18:46:00Z,online,12,active,0417-m0067,false,false,
BR-SERVI-0417,2026-08-12T18:47:00Z,online,12,active,0417-m0068,false,false,
BR-SERVI-0417,2026-08-12T18:48:00Z,online,12,active,0417-m0069,false,false,
BR-SERVI-0417,2026-08-12T18:49:00Z,online,12,active,0417-m0069,false,false,
BR-SERVI-0417,2026-08-12T18:50:00Z,online,12,idle,,false,false,
BR-SERVI-0417,2026-08-12T18:51:00Z,online,12,idle,,false,false,
BR-SERVI-0417,2026-08-12T18:52:00Z,online,12,idle,,false,false,
BR-SERVI-0417,2026-08-12T18:53:00Z,online,12,idle,,false,false,
BR-SERVI-0417,2026-08-12T18:54:00Z,online,12,active,0417-m0070,false,false,
BR-SERVI-0417,2026-08-12T18:55:00Z,online,12,active,0417-m0070,false,false,
BR-SERVI-0417,2026-08-12T18:56:00Z,online,12,idle,,false,false,
BR-SERVI-0417,2026-08-12T18:57:00Z,online,12,active,0417-m0070,false,false,
BR-SERVI-0417,2026-08-12T18:58:00Z,online,12,idle,,false,false,
BR-SERVI-0417,2026-08-12T18:59:00Z,online,12,active,0417-m0070,false,false,
BR-SERVI-0417,2026-08-12T19:00:00Z,online,12,active,0417-m0071,false,false,
BR-SERVI-0417,2026-08-12T19:01:00Z,online,12,active,0417-m0071,false,false,
BR-SERVI-0417,2026-08-12T19:02:00Z,online,12,idle,,false,false,
BR-SERVI-0417,2026-08-12T19:03:00Z,online,12,idle,,false,false,
BR-SERVI-0417,2026-08-12T19:04:00Z,online,12,active,0417-m0071,false,false,
BR-SERVI-0417,2026-08-12T19:05:00Z,online,12,active,0417-m0071,false,false,
BR-SERVI-0417,2026-08-12T19:06:00Z,online,12,idle,,false,false,
BR-SERVI-0417,2026-08-12T19:07:00Z,online,12,active,0417-m0071,false,false,
BR-SERVI-0417,2026-08-12T19:08:00Z,online,12,idle,,false,false,
BR-SERVI-0417,2026-08-12T19:09:00Z,online,12,idle,,false,false,
BR-SERVI-0417,2026-08-12T19:10:00Z,online,12,active,0417-m0071,false,false,
BR-SERVI-0417,2026-08-12T19:11:00Z,online,12,idle,,false,false,
BR-SERVI-0417,2026-08-12T19:12:00Z,online,12,idle,,false,false,
BR-SERVI-0417,2026-08-12T19:13:00Z,online,12,idle,,false,false,
BR-SERVI-0417,2026-08-12T19:14:00Z,online,12,idle,,false,false,
BR-SERVI-0417,2026-08-12T19:15:00Z,online,12,idle,,false,false,
BR-SERVI-0417,2026-08-12T19:16:00Z,online,12,idle,,false,false,
BR-SERVI-0417,2026-08-12T19:17:00Z,online,12,idle,,false,false,
BR-SERVI-0417,2026-08-12T19:18:00Z,online,12,idle,,false,false,
BR-SERVI-0417,2026-08-12T19:19:00Z,online,12,active,0417-m0072,false,false,
BR-SERVI-0417,2026-08-12T19:20:00Z,online,12,idle,,false,false,
BR-SERVI-0417,2026-08-12T19:21:00Z,online,12,active,0417-m0072,false,false,
BR-SERVI-0417,2026-08-12T19:22:00Z,online,12,idle,,false,false,
BR-SERVI-0417,2026-08-12T19:23:00Z,online,12,active,0417-m0073,false,false,
BR-SERVI-0417,2026-08-12T19:24:00Z,online,12,idle,,false,false,
BR-SERVI-0417,2026-08-12T19:25:00Z,online,12,active,0417-m0074,false,false,
BR-SERVI-0417,2026-08-12T19:26:00Z,online,12,idle,,false,false,
BR-SERVI-0417,2026-08-12T19:27:00Z,online,12,active,0417-m0074,false,false,
BR-SERVI-0417,2026-08-12T19:28:00Z,online,12,active,0417-m0074,false,false,
BR-SERVI-0417,2026-08-12T19:29:00Z,online,12,idle,,false,false,
BR-SERVI-0417,2026-08-12T19:30:00Z,online,12,idle,,false,false,
BR-SERVI-0417,2026-08-12T19:31:00Z,online,12,idle,,false,false,
BR-SERVI-0417,2026-08-12T19:32:00Z,online,12,idle,,false,false,
BR-SERVI-0417,2026-08-12T19:33:00Z,online,12,idle,,false,false,
BR-SERVI-0417,2026-08-12T19:34:00Z,online,12,active,0417-m0074,false,false,
BR-SERVI-0417,2026-08-12T19:35:00Z,online,12,idle,,false,false,
BR-SERVI-0417,2026-08-12T19:36:00Z,online,12,idle,,false,false,
BR-SERVI-0417,2026-08-12T19:37:00Z,online,12,idle,,false,false,
BR-SERVI-0417,2026-08-12T19:38:00Z,online,12,active,0417-m0075,false,false,
BR-SERVI-0417,2026-08-12T19:39:00Z,online,12,active,0417-m0075,false,false,
BR-SERVI-0417,2026-08-12T19:40:00Z,online,12,idle,,false,false,
BR-SERVI-0417,2026-08-12T19:41:00Z,online,12,active,0417-m0075,false,false,
BR-SERVI-0417,2026-08-12T19:42:00Z,online,12,idle,,false,false,
BR-SERVI-0417,2026-08-12T19:43:00Z,online,12,idle,,false,false,
BR-SERVI-0417,2026-08-12T19:44:00Z,online,12,idle,,false,false,
BR-SERVI-0417,2026-08-12T19:45:00Z,online,12,active,0417-m0075,false,false,
BR-SERVI-0417,2026-08-12T19:46:00Z,online,12,active,0417-m0075,false,false,
BR-SERVI-0417,2026-08-12T19:47:00Z,online,12,active,0417-m0075,false,false,
BR-SERVI-0417,2026-08-12T19:48:00Z,online,12,active,0417-m0075,false,false,
BR-SERVI-0417,2026-08-12T19:49:00Z,online,12,idle,,false,false,
BR-SERVI-0417,2026-08-12T19:50:00Z,online,12,idle,,false,false,
BR-SERVI-0417,2026-08-12T19:51:00Z,online,12,idle,,false,false,
BR-SERVI-0417,2026-08-12T19:52:00Z,online,12,idle,,false,false,
BR-SERVI-0417,2026-08-12T19:53:00Z,online,12,active,0417-m0075,false,false,
BR-SERVI-0417,2026-08-12T19:54:00Z,online,12,idle,,false,false,
BR-SERVI-0417,2026-08-12T19:55:00Z,online,12,idle,,false,false,
BR-SERVI-0417,2026-08-12T19:56:00Z,online,12,active,0417-m0075,false,false,
BR-SERVI-0417,2026-08-12T19:57:00Z,online,12,idle,,false,false,
BR-SERVI-0417,2026-08-12T19:58:00Z,online,12,active,0417-m0075,false,false,
BR-SERVI-0417,2026-08-12T19:59:00Z,online,12,active,0417-m0076,false,false,
BR-SERVI-0417,2026-08-12T20:00:00Z,online,12,idle,,false,false,
BR-SERVI-0417,2026-08-12T20:01:00Z,online,12,idle,,false,false,
BR-SERVI-0417,2026-08-12T20:02:00Z,online,12,active,0417-m0076,false,false,
BR-SERVI-0417,2026-08-12T20:03:00Z,online,12,idle,,false,false,
BR-SERVI-0417,2026-08-12T20:04:00Z,online,12,idle,,false,false,
BR-SERVI-0417,2026-08-12T20:05:00Z,online,12,active,0417-m0076,false,false,
BR-SERVI-0417,2026-08-12T20:06:00Z,online,12,active,0417-m0077,false,false,
BR-SERVI-0417,2026-08-12T20:07:00Z,online,12,idle,,false,false,
BR-SERVI-0417,2026-08-12T20:08:00Z,online,12,active,0417-m0078,false,false,
BR-SERVI-0417,2026-08-12T20:09:00Z,online,12,active,0417-m0079,false,false,
BR-SERVI-0417,2026-08-12T20:10:00Z,online,12,idle,,false,false,
BR-SERVI-0417,2026-08-12T20:11:00Z,online,12,idle,,false,false,
BR-SERVI-0417,2026-08-12T20:12:00Z,online,12,idle,,false,false,
BR-SERVI-0417,2026-08-12T20:13:00Z,online,12,active,0417-m0079,false,false,
BR-SERVI-0417,2026-08-12T20:14:00Z,online,12,idle,,false,false,
BR-SERVI-0417,2026-08-12T20:15:00Z,online,12,active,0417-m0079,false,false,
BR-SERVI-0417,2026-08-12T20:16:00Z,online,12,idle,,false,false,
BR-SERVI-0417,2026-08-12T20:17:00Z,online,12,idle,,false,false,
BR-SERVI-0417,2026-08-12T20:18:00Z,online,12,active,0417-m0080,false,false,
BR-SERVI-0417,2026-08-12T20:19:00Z,online,12,idle,,false,false,
BR-SERVI-0417,2026-08-12T20:20:00Z,online,12,idle,,false,false,
BR-SERVI-0417,2026-08-12T20:21:00Z,online,12,idle,,false,false,
BR-SERVI-0417,2026-08-12T20:22:00Z,online,12,idle,,false,false,
BR-SERVI-0417,2026-08-12T20:23:00Z,online,12,active,0417-m0080,false,false,
BR-SERVI-0417,2026-08-12T20:24:00Z,online,12,active,0417-m0080,false,false,
BR-SERVI-0417,2026-08-12T20:25:00Z,online,12,idle,,false,false,
BR-SERVI-0417,2026-08-12T20:26:00Z,online,12,idle,,false,false,
BR-SERVI-0417,2026-08-12T20:27:00Z,online,12,active,0417-m0080,false,false,
BR-SERVI-0417,2026-08-12T20:28:00Z,online,12,idle,,false,false,
BR-SERVI-0417,2026-08-12T20:29:00Z,online,12,idle,,false,false,
BR-SERVI-0417,2026-08-12T20:30:00Z,online,12,idle,,false,false,
BR-SERVI-0417,2026-08-12T20:31:00Z,online,12,idle,,false,false,
BR-SERVI-0417,2026-08-12T20:32:00Z,online,12,idle,,false,false,
BR-SERVI-0417,2026-08-12T20:33:00Z,online,12,active,0417-m0080,false,false,
BR-SERVI-0417,2026-08-12T20:34:00Z,online,12,active,0417-m0080,false,false,
BR-SERVI-0417,2026-08-12T20:35:00Z,online,12,active,0417-m0080,false,false,
BR-SERVI-0417,2026-08-12T20:36:00Z,online,12,idle,,false,false,
BR-SERVI-0417,2026-08-12T20:37:00Z,online,12,idle,,false,false,
BR-SERVI-0417,2026-08-12T20:38:00Z,online,12,idle,,false,false,
BR-SERVI-0417,2026-08-12T20:39:00Z,online,12,active,0417-m0080,false,false,
BR-SERVI-0417,2026-08-12T20:40:00Z,online,12,idle,,false,false,
BR-SERVI-0417,2026-08-12T20:41:00Z,online,12,active,0417-m0080,false,false,
BR-SERVI-0417,2026-08-12T20:42:00Z,online,12,active,0417-m0081,false,false,
BR-SERVI-0417,2026-08-12T20:43:00Z,online,12,idle,,false,false,
BR-SERVI-0417,2026-08-12T20:44:00Z,online,12,active,0417-m0081,false,false,
BR-SERVI-0417,2026-08-12T20:45:00Z,online,12,active,0417-m0082,false,false,
BR-SERVI-0417,2026-08-12T20:46:00Z,online,12,active,0417-m0082,false,false,
BR-SERVI-0417,2026-08-12T20:47:00Z,online,12,active,0417-m0082,false,false,
BR-SERVI-0417,2026-08-12T20:48:00Z,online,12,idle,,false,false,
BR-SERVI-0417,2026-08-12T20:49:00Z,online,12,active,0417-m0082,false,false,
BR-SERVI-0417,2026-08-12T20:50:00Z,online,12,active,0417-m0083,false,false,
BR-SERVI-0417,2026-08-12T20:51:00Z,online,12,idle,,false,false,
BR-SERVI-0417,2026-08-12T20:52:00Z,online,12,active,0417-m0083,false,false,
BR-SERVI-0417,2026-08-12T20:53:00Z,online,12,active,0417-m0083,false,false,
BR-SERVI-0417,2026-08-12T20:54:00Z,online,12,idle,,false,false,
BR-SERVI-0417,2026-08-12T20:55:00Z,online,12,idle,,false,false,
BR-SERVI-0417,2026-08-12T20:56:00Z,online,12,active,0417-m0083,false,false,
BR-SERVI-0417,2026-08-12T20:57:00Z,online,12,idle,,false,false,
BR-SERVI-0417,2026-08-12T20:58:00Z,online,12,idle,,false,false,
BR-SERVI-0417,2026-08-12T20:59:00Z,online,12,active,0417-m0083,false,false,
BR-SERVI-0417,2026-08-12T21:00:00Z,online,12,active,0417-m0083,false,false,
BR-SERVI-0417,2026-08-12T21:01:00Z,online,12,active,0417-m0083,false,false,
BR-SERVI-0417,2026-08-12T21:02:00Z,online,12,idle,,false,false,
BR-SERVI-0417,2026-08-12T21:03:00Z,online,12,idle,,false,false,
BR-SERVI-0417,2026-08-12T21:04:00Z,online,12,idle,,false,false,
BR-SERVI-0417,2026-08-12T21:05:00Z,online,12,active,0417-m0084,false,false,
BR-SERVI-0417,2026-08-12T21:06:00Z,online,12,idle,,false,false,
BR-SERVI-0417,2026-08-12T21:07:00Z,online,12,active,0417-m0085,false,false,
BR-SERVI-0417,2026-08-12T21:08:00Z,online,12,idle,,false,false,
BR-SERVI-0417,2026-08-12T21:09:00Z,online,12,active,0417-m0086,false,false,
BR-SERVI-0417,2026-08-12T21:10:00Z,online,12,idle,,false,false,
BR-SERVI-0417,2026-08-12T21:11:00Z,online,12,active,0417-m0086,false,false,
BR-SERVI-0417,2026-08-12T21:12:00Z,online,12,active,0417-m0086,false,false,
BR-SERVI-0417,2026-08-12T21:13:00Z,online,12,idle,,false,false,
BR-SERVI-0417,2026-08-12T21:14:00Z,online,12,active,0417-m0086,false,false,
BR-SERVI-0417,2026-08-12T21:15:00Z,online,12,idle,,false,false,
BR-SERVI-0417,2026-08-12T21:16:00Z,online,12,idle,,false,false,
BR-SERVI-0417,2026-08-12T21:17:00Z,online,12,idle,,false,false,
BR-SERVI-0417,2026-08-12T21:18:00Z,online,12,idle,,false,false,
BR-SERVI-0417,2026-08-12T21:19:00Z,online,12,active,0417-m0086,false,false,
BR-SERVI-0417,2026-08-12T21:20:00Z,online,12,idle,,false,false,
BR-SERVI-0417,2026-08-12T21:21:00Z,online,12,active,0417-m0086,false,false,
BR-SERVI-0417,2026-08-12T21:22:00Z,online,12,active,0417-m0086,false,false,
BR-SERVI-0417,2026-08-12T21:23:00Z,online,12,idle,,false,false,
BR-SERVI-0417,2026-08-12T21:24:00Z,online,12,idle,,false,false,
BR-SERVI-0417,2026-08-12T21:25:00Z,online,12,active,0417-m0087,false,false,
BR-SERVI-0417,2026-08-12T21:26:00Z,online,12,active,0417-m0087,false,false,
BR-SERVI-0417,2026-08-12T21:27:00Z,online,12,active,0417-m0088,false,false,
BR-SERVI-0417,2026-08-12T21:28:00Z,online,12,idle,,false,false,
BR-SERVI-0417,2026-08-12T21:29:00Z,online,12,active,0417-m0088,false,false,
BR-SERVI-0417,2026-08-12T21:30:00Z,online,12,active,0417-m0088,false,false,
BR-SERVI-0417,2026-08-12T21:31:00Z,online,12,active,0417-m0088,false,false,
BR-SERVI-0417,2026-08-12T21:32:00Z,online,12,idle,,false,false,
BR-SERVI-0417,2026-08-12T21:33:00Z,online,12,idle,,false,false,
BR-SERVI-0417,2026-08-12T21:34:00Z,online,12,idle,,false,false,
BR-SERVI-0417,2026-08-12T21:35:00Z,online,12,active,0417-m0088,false,false,
BR-SERVI-0417,2026-08-12T21:36:00Z,online,12,active,0417-m0088,false,false,
BR-SERVI-0417,2026-08-12T21:37:00Z,online,12,idle,,false,false,
BR-SERVI-0417,2026-08-12T21:38:00Z,online,12,active,0417-m0088,false,false,
BR-SERVI-0417,2026-08-12T21:39:00Z,online,12,idle,,false,false,
BR-SERVI-0417,2026-08-12T21:40:00Z,online,12,active,0417-m0089,false,false,
BR-SERVI-0417,2026-08-12T21:41:00Z,online,12,active,0417-m0090,false,false,
BR-SERVI-0417,2026-08-12T21:42:00Z,online,12,idle,,false,false,
BR-SERVI-0417,2026-08-12T21:43:00Z,online,12,idle,,false,false,
BR-SERVI-0417,2026-08-12T21:44:00Z,online,12,active,0417-m0090,false,false,
BR-SERVI-0417,2026-08-12T21:45:00Z,online,12,active,0417-m0090,false,false,
BR-SERVI-0417,2026-08-12T21:46:00Z,online,12,idle,,false,false,
BR-SERVI-0417,2026-08-12T21:47:00Z,online,12,idle,,false,false,
BR-SERVI-0417,2026-08-12T21:48:00Z,online,12,idle,,false,false,
BR-SERVI-0417,2026-08-12T21:49:00Z,online,12,idle,,false,false,
BR-SERVI-0417,2026-08-12T21:50:00Z,online,12,active,0417-m0090,false,false,
BR-SERVI-0417,2026-08-12T21:51:00Z,online,12,idle,,false,false,
BR-SERVI-0417,2026-08-12T21:52:00Z,online,12,idle,,false,false,
BR-SERVI-0417,2026-08-12T21:53:00Z,online,12,active,0417-m0091,false,false,
BR-SERVI-0417,2026-08-12T21:54:00Z,online,12,active,0417-m0091,false,false,
BR-SERVI-0417,2026-08-12T21:55:00Z,online,12,idle,,false,false,
BR-SERVI-0417,2026-08-12T21:56:00Z,online,12,active,0417-m0091,false,false,
BR-SERVI-0417,2026-08-12T21:57:00Z,online,12,active,0417-m0092,false,false,
BR-SERVI-0417,2026-08-12T21:58:00Z,online,12,active,0417-m0092,false,false,
BR-SERVI-0417,2026-08-12T21:59:00Z,online,12,active,0417-m0092,false,false,
BR-SERVI-0417,2026-08-12T22:00:00Z,online,12,idle,,false,false,
BR-SERVI-0417,2026-08-12T22:01:00Z,online,12,active,0417-m0092,false,false,
BR-SERVI-0417,2026-08-12T22:02:00Z,online,12,active,0417-m0092,false,false,
BR-SERVI-0417,2026-08-12T22:03:00Z,online,12,idle,,false,false,
BR-SERVI-0417,2026-08-12T22:04:00Z,online,12,idle,,false,false,
BR-SERVI-0417,2026-08-12T22:05:00Z,online,12,idle,,false,false,
BR-SERVI-0417,2026-08-12T22:06:00Z,online,12,active,0417-m0093,false,false,
BR-SERVI-0417,2026-08-12T22:07:00Z,online,12,idle,,false,false,
BR-SERVI-0417,2026-08-12T22:08:00Z,online,12,active,0417-m0093,false,false,
BR-SERVI-0417,2026-08-12T22:09:00Z,online,12,idle,,false,false,
BR-SERVI-0417,2026-08-12T22:10:00Z,online,12,idle,,false,false,
BR-SERVI-0417,2026-08-12T22:11:00Z,online,12,active,0417-m0093,false,false,
BR-SERVI-0417,2026-08-12T22:12:00Z,online,12,active,0417-m0093,false,false,
BR-SERVI-0417,2026-08-12T22:13:00Z,online,12,active,0417-m0093,false,false,
BR-SERVI-0417,2026-08-12T22:14:00Z,online,12,active,0417-m0093,false,false,
BR-SERVI-0417,2026-08-12T22:15:00Z,online,12,idle,,false,false,
BR-SERVI-0417,2026-08-12T22:16:00Z,online,12,idle,,false,false,
BR-SERVI-0417,2026-08-12T22:17:00Z,online,12,active,0417-m0093,false,false,
BR-SERVI-0417,2026-08-12T22:18:00Z,online,12,idle,,false,false,
BR-SERVI-0417,2026-08-12T22:19:00Z,online,12,idle,,false,false,
BR-SERVI-0417,2026-08-12T22:20:00Z,online,12,idle,,false,false,
BR-SERVI-0417,2026-08-12T22:21:00Z,online,12,idle,,false,false,
BR-SERVI-0417,2026-08-12T22:22:00Z,online,12,idle,,false,false,
BR-SERVI-0417,2026-08-12T22:23:00Z,online,12,active,0417-m0093,false,false,
BR-SERVI-0417,2026-08-12T22:24:00Z,online,12,idle,,false,false,
BR-SERVI-0417,2026-08-12T22:25:00Z,online,12,idle,,false,false,
BR-SERVI-0417,2026-08-12T22:26:00Z,online,12,active,0417-m0093,false,false,
BR-SERVI-0417,2026-08-12T22:27:00Z,online,12,active,0417-m0093,false,false,
BR-SERVI-0417,2026-08-12T22:28:00Z,online,12,idle,,false,false,
BR-SERVI-0417,2026-08-12T22:29:00Z,online,12,active,0417-m0093,false,false,
BR-SERVI-0417,2026-08-12T22:30:00Z,online,12,idle,,false,false,
BR-SERVI-0417,2026-08-12T22:31:00Z,online,12,active,0417-m0093,false,false,
BR-SERVI-0417,2026-08-12T22:32:00Z,online,12,idle,,false,false,
BR-SERVI-0417,2026-08-12T22:33:00Z,online,12,active,0417-m0093,false,false,
BR-SERVI-0417,2026-08-12T22:34:00Z,online,12,idle,,false,false,
BR-SERVI-0417,2026-08-12T22:35:00Z,online,12,idle,,false,false,
BR-SERVI-0417,2026-08-12T22:36:00Z,online,12,active,0417-m0094,false,false,
BR-SERVI-0417,2026-08-12T22:37:00Z,online,12,idle,,false,false,
BR-SERVI-0417,2026-08-12T22:38:00Z,online,12,idle,,false,false,
BR-SERVI-0417,2026-08-12T22:39:00Z,online,12,active,0417-m0095,false,false,
BR-SERVI-0417,2026-08-12T22:40:00Z,online,12,active,0417-m0096,false,false,
BR-SERVI-0417,2026-08-12T22:41:00Z,online,12,active,0417-m0097,false,false,
BR-SERVI-0417,2026-08-12T22:42:00Z,online,12,idle,,false,false,
BR-SERVI-0417,2026-08-12T22:43:00Z,online,12,active,0417-m0097,false,false,
BR-SERVI-0417,2026-08-12T22:44:00Z,online,12,active,0417-m0098,false,false,
BR-SERVI-0417,2026-08-12T22:45:00Z,online,12,idle,,false,false,
BR-SERVI-0417,2026-08-12T22:46:00Z,online,12,idle,,false,false,
BR-SERVI-0417,2026-08-12T22:47:00Z,online,12,idle,,false,false,
BR-SERVI-0417,2026-08-12T22:48:00Z,online,12,idle,,false,false,
BR-SERVI-0417,2026-08-12T22:49:00Z,online,12,idle,,false,false,
BR-SERVI-0417,2026-08-12T22:50:00Z,online,12,active,0417-m0098,false,false,
BR-SERVI-0417,2026-08-12T22:51:00Z,online,12,active,0417-m0098,false,false,
BR-SERVI-0417,2026-08-12T22:52:00Z,online,12,idle,,false,false,
BR-SERVI-0417,2026-08-12T22:53:00Z,online,12,active,0417-m0098,false,false,
BR-SERVI-0417,2026-08-12T22:54:00Z,online,12,idle,,false,false,
BR-SERVI-0417,2026-08-12T22:55:00Z,online,12,active,0417-m0099,false,false,
BR-SERVI-0417,2026-08-12T22:56:00Z,online,12,idle,,false,false,
BR-SERVI-0417,2026-08-12T22:57:00Z,online,12,active,0417-m0100,false,false,
BR-SERVI-0417,2026-08-12T22:58:00Z,online,12,idle,,false,false,
BR-SERVI-0417,2026-08-12T22:59:00Z,online,12,idle,,false,false,
BR-SERVI-0417,2026-08-12T23:00:00Z,online,15,charging,,false,true,
BR-SERVI-0417,2026-08-12T23:01:00Z,online,18,charging,,false,true,
BR-SERVI-0417,2026-08-12T23:02:00Z,online,21,charging,,false,true,
BR-SERVI-0417,2026-08-12T23:03:00Z,online,24,charging,,false,true,
BR-SERVI-0417,2026-08-12T23:04:00Z,online,27,charging,,false,true,
BR-SERVI-0417,2026-08-12T23:05:00Z,online,30,charging,,false,true,
BR-SERVI-0417,2026-08-12T23:06:00Z,online,33,charging,,false,true,
BR-SERVI-0417,2026-08-12T23:07:00Z,online,36,charging,,false,true,
BR-SERVI-0417,2026-08-12T23:08:00Z,online,39,charging,,false,true,
BR-SERVI-0417,2026-08-12T23:09:00Z,online,42,charging,,false,true,
BR-SERVI-0417,2026-08-12T23:10:00Z,online,45,charging,,false,true,
BR-SERVI-0417,2026-08-12T23:11:00Z,online,48,charging,,false,true,
BR-SERVI-0417,2026-08-12T23:12:00Z,online,51,charging,,false,true,
BR-SERVI-0417,2026-08-12T23:13:00Z,online,54,charging,,false,true,
BR-SERVI-0417,2026-08-12T23:14:00Z,online,57,charging,,false,true,
BR-SERVI-0417,2026-08-12T23:15:00Z,online,60,charging,,false,true,
BR-SERVI-0417,2026-08-12T23:16:00Z,online,63,charging,,false,true,
BR-SERVI-0417,2026-08-12T23:17:00Z,online,66,charging,,false,true,
BR-SERVI-0417,2026-08-12T23:18:00Z,online,69,charging,,false,true,
BR-SERVI-0417,2026-08-12T23:19:00Z,online,72,charging,,false,true,
BR-SERVI-0417,2026-08-12T23:20:00Z,online,75,charging,,false,true,
BR-SERVI-0417,2026-08-12T23:21:00Z,online,78,charging,,false,true,
BR-SERVI-0417,2026-08-12T23:22:00Z,online,81,charging,,false,true,
BR-SERVI-0417,2026-08-12T23:23:00Z,online,84,charging,,false,true,
BR-SERVI-0417,2026-08-12T23:24:00Z,online,87,charging,,false,true,
BR-SERVI-0417,2026-08-12T23:25:00Z,online,90,charging,,false,true,
BR-SERVI-0417,2026-08-12T23:26:00Z,online,90,idle,,false,false,
BR-SERVI-0417,2026-08-12T23:27:00Z,online,93,charging,,false,true,
BR-SERVI-0417,2026-08-12T23:28:00Z,online,93,idle,,false,false,
BR-SERVI-0417,2026-08-12T23:29:00Z,online,92,idle,,false,false,
BR-SERVI-0417,2026-08-12T23:30:00Z,online,92,idle,,false,false,
BR-SERVI-0417,2026-08-12T23:31:00Z,online,92,idle,,false,false,
BR-SERVI-0417,2026-08-12T23:32:00Z,online,92,idle,,false,false,
BR-SERVI-0417,2026-08-12T23:33:00Z,online,92,idle,,false,false,
BR-SERVI-0417,2026-08-12T23:34:00Z,online,91,idle,,false,false,
BR-SERVI-0417,2026-08-12T23:35:00Z,online,91,idle,,false,false,
BR-SERVI-0417,2026-08-12T23:36:00Z,online,91,idle,,false,false,
BR-SERVI-0417,2026-08-12T23:37:00Z,online,91,idle,,false,false,
BR-SERVI-0417,2026-08-12T23:38:00Z,offline,91,,,false,false,
BR-SERVI-0417,2026-08-12T23:39:00Z,online,90,idle,,false,false,
BR-SERVI-0417,2026-08-12T23:40:00Z,online,90,idle,,false,false,
BR-SERVI-0417,2026-08-12T23:41:00Z,online,90,idle,,false,false,
BR-SERVI-0417,2026-08-12T23:42:00Z,online,93,charging,,false,true,
BR-SERVI-0417,2026-08-12T23:43:00Z,online,93,idle,,false,false,
BR-SERVI-0417,2026-08-12T23:44:00Z,online,93,idle,,false,false,
BR-SERVI-0417,2026-08-12T23:45:00Z,online,92,idle,,false,false,
BR-SERVI-0417,2026-08-12T23:46:00Z,online,92,idle,,false,false,
BR-SERVI-0417,2026-08-12T23:47:00Z,online,92,idle,,false,false,
BR-SERVI-0417,2026-08-12T23:48:00Z,online,92,idle,,false,false,
BR-SERVI-0417,2026-08-12T23:49:00Z,online,92,idle,,false,false,
BR-SERVI-0417,2026-08-12T23:50:00Z,online,91,idle,,false,false,
BR-SERVI-0417,2026-08-12T23:51:00Z,online,91,idle,,false,false,
BR-SERVI-0417,2026-08-12T23:52:00Z,online,91,idle,,false,false,
BR-SERVI-0417,2026-08-12T23:53:00Z,online,91,idle,,false,false,
BR-SERVI-0417,2026-08-12T23:54:00Z,online,91,idle,,false,false,
BR-SERVI-0417,2026-08-12T23:55:00Z,online,90,idle,,false,false,
BR-SERVI-0417,2026-08-12T23:56:00Z,online,90,idle,,false,false,
BR-SERVI-0417,2026-08-12T23:57:00Z,online,90,idle,,false,false,
BR-SERVI-0417,2026-08-12T23:58:00Z,online,93,charging,,false,true,
BR-SERVI-0417,2026-08-12T23:59:00Z,online,93,idle,,false,false,
BR-SERVI-0418,2026-08-12T00:00:00Z,online,92,idle,,false,false,
BR-SERVI-0418,2026-08-12T00:01:00Z,online,92,idle,,false,false,
BR-SERVI-0418,2026-08-12T00:02:00Z,online,91,idle,,false,false,
BR-SERVI-0418,2026-08-12T00:03:00Z,online,91,idle,,false,false,
BR-SERVI-0418,2026-08-12T00:04:00Z,online,91,idle,,false,false,
BR-SERVI-0418,2026-08-12T00:05:00Z,online,91,idle,,false,false,
BR-SERVI-0418,2026-08-12T00:06:00Z,online,91,idle,,false,false,
BR-SERVI-0418,2026-08-12T00:07:00Z,online,90,idle,,false,false,
BR-SERVI-0418,2026-08-12T00:08:00Z,online,90,idle,,false,false,
BR-SERVI-0418,2026-08-12T00:09:00Z,online,90,idle,,false,false,
BR-SERVI-0418,2026-08-12T00:10:00Z,online,93,charging,,false,true,
BR-SERVI-0418,2026-08-12T00:11:00Z,online,93,idle,,false,false,
BR-SERVI-0418,2026-08-12T00:12:00Z,online,93,idle,,false,false,
BR-SERVI-0418,2026-08-12T00:13:00Z,online,92,idle,,false,false,
BR-SERVI-0418,2026-08-12T00:14:00Z,online,92,idle,,false,false,
BR-SERVI-0418,2026-08-12T00:15:00Z,online,92,idle,,false,false,
BR-SERVI-0418,2026-08-12T00:16:00Z,online,92,idle,,false,false,
BR-SERVI-0418,2026-08-12T00:17:00Z,online,92,idle,,false,false,
BR-SERVI-0418,2026-08-12T00:18:00Z,online,91,idle,,false,false,
BR-SERVI-0418,2026-08-12T00:19:00Z,online,91,idle,,false,false,
BR-SERVI-0418,2026-08-12T00:20:00Z,online,91,idle,,false,false,
BR-SERVI-0418,2026-08-12T00:21:00Z,online,91,idle,,false,false,
BR-SERVI-0418,2026-08-12T00:22:00Z,online,91,idle,,false,false,
BR-SERVI-0418,2026-08-12T00:23:00Z,online,90,idle,,false,false,
BR-SERVI-0418,2026-08-12T00:24:00Z,online,90,idle,,false,false,
BR-SERVI-0418,2026-08-12T00:25:00Z,online,90,idle,,false,false,
BR-SERVI-0418,2026-08-12T00:26:00Z,online,93,charging,,false,true,
BR-SERVI-0418,2026-08-12T00:27:00Z,online,93,idle,,false,false,
BR-SERVI-0418,2026-08-12T00:28:00Z,online,93,idle,,false,false,
BR-SERVI-0418,2026-08-12T00:29:00Z,online,92,idle,,false,false,
BR-SERVI-0418,2026-08-12T00:30:00Z,online,92,idle,,false,false,
BR-SERVI-0418,2026-08-12T00:31:00Z,online,92,idle,,false,false,
BR-SERVI-0418,2026-08-12T00:32:00Z,online,92,idle,,false,false,
BR-SERVI-0418,2026-08-12T00:33:00Z,online,92,idle,,false,false,
BR-SERVI-0418,2026-08-12T00:34:00Z,online,91,idle,,false,false,
BR-SERVI-0418,2026-08-12T00:35:00Z,online,91,idle,,false,false,
BR-SERVI-0418,2026-08-12T00:36:00Z,online,91,idle,,false,false,
BR-SERVI-0418,2026-08-12T00:37:00Z,online,91,idle,,false,false,
BR-SERVI-0418,2026-08-12T00:38:00Z,online,91,idle,,false,false,
BR-SERVI-0418,2026-08-12T00:39:00Z,online,90,idle,,false,false,
BR-SERVI-0418,2026-08-12T00:40:00Z,online,90,idle,,false,false,
BR-SERVI-0418,2026-08-12T00:41:00Z,online,90,idle,,false,false,
BR-SERVI-0418,2026-08-12T00:42:00Z,online,93,charging,,false,true,
BR-SERVI-0418,2026-08-12T00:43:00Z,online,93,idle,,false,false,
BR-SERVI-0418,2026-08-12T00:44:00Z,online,93,idle,,false,false,
BR-SERVI-0418,2026-08-12T00:45:00Z,online,92,idle,,false,false,
BR-SERVI-0418,2026-08-12T00:46:00Z,online,92,idle,,false,false,
BR-SERVI-0418,2026-08-12T00:47:00Z,online,92,idle,,false,false,
BR-SERVI-0418,2026-08-12T00:48:00Z,online,92,idle,,false,false,
BR-SERVI-0418,2026-08-12T00:49:00Z,online,92,idle,,false,false,
BR-SERVI-0418,2026-08-12T00:50:00Z,online,91,idle,,false,false,
BR-SERVI-0418,2026-08-12T00:51:00Z,online,91,idle,,false,false,
BR-SERVI-0418,2026-08-12T00:52:00Z,online,91,idle,,false,false,
BR-SERVI-0418,2026-08-12T00:53:00Z,online,91,idle,,false,false,
BR-SERVI-0418,2026-08-12T00:54:00Z,online,91,idle,,false,false,
BR-SERVI-0418,2026-08-12T00:55:00Z,online,90,idle,,false,false,
BR-SERVI-0418,2026-08-12T00:56:00Z,offline,90,,,false,false,
BR-SERVI-0418,2026-08-12T00:57:00Z,online,90,idle,,false,false,
BR-SERVI-0418,2026-08-12T00:58:00Z,online,93,charging,,false,true,
BR-SERVI-0418,2026-08-12T00:59:00Z,offline,93,,,false,false,
BR-SERVI-0418,2026-08-12T01:00:00Z,online,93,idle,,false,false,
BR-SERVI-0418,2026-08-12T01:01:00Z,online,92,idle,,false,false,
BR-SERVI-0418,2026-08-12T01:02:00Z,online,92,idle,,false,false,
BR-SERVI-0418,2026-08-12T01:03:00Z,online,92,idle,,false,false,
BR-SERVI-0418,2026-08-12T01:04:00Z,online,92,idle,,false,false,
BR-SERVI-0418,2026-08-12T01:05:00Z,online,92,idle,,false,false,
BR-SERVI-0418,2026-08-12T01:06:00Z,online,91,idle,,false,false,
BR-SERVI-0418,2026-08-12T01:07:00Z,online,91,idle,,false,false,
BR-SERVI-0418,2026-08-12T01:08:00Z,online,91,idle,,false,false,
BR-SERVI-0418,2026-08-12T01:09:00Z,online,91,idle,,false,false,
BR-SERVI-0418,2026-08-12T01:10:00Z,online,91,idle,,false,false,
BR-SERVI-0418,2026-08-12T01:11:00Z,online,90,idle,,false,false,
BR-SERVI-0418,2026-08-12T01:12:00Z,offline,90,,,false,false,
BR-SERVI-0418,2026-08-12T01:13:00Z,online,90,idle,,false,false,
BR-SERVI-0418,2026-08-12T01:14:00Z,online,93,charging,,false,true,
BR-SERVI-0418,2026-08-12T01:15:00Z,online,93,idle,,false,false,
BR-SERVI-0418,2026-08-12T01:16:00Z,online,93,idle,,false,false,
BR-SERVI-0418,2026-08-12T01:17:00Z,offline,92,,,false,false,
BR-SERVI-0418,2026-08-12T01:18:00Z,online,92,idle,,false,false,
BR-SERVI-0418,2026-08-12T01:19:00Z,online,92,idle,,false,false,
BR-SERVI-0418,2026-08-12T01:20:00Z,online,92,idle,,false,false,
BR-SERVI-0418,2026-08-12T01:21:00Z,online,92,idle,,false,false,
BR-SERVI-0418,2026-08-12T01:22:00Z,online,91,idle,,false,false,
BR-SERVI-0418,2026-08-12T01:23:00Z,online,91,idle,,false,false,
BR-SERVI-0418,2026-08-12T01:24:00Z,online,91,idle,,false,false,
BR-SERVI-0418,2026-08-12T01:25:00Z,online,91,idle,,false,false,
BR-SERVI-0418,2026-08-12T01:26:00Z,online,91,idle,,false,false,
BR-SERVI-0418,2026-08-12T01:27:00Z,online,90,idle,,false,false,
BR-SERVI-0418,2026-08-12T01:28:00Z,online,90,idle,,false,false,
BR-SERVI-0418,2026-08-12T01:29:00Z,online,90,idle,,false,false,
BR-SERVI-0418,2026-08-12T01:30:00Z,online,93,charging,,false,true,
BR-SERVI-0418,2026-08-12T01:31:00Z,online,93,idle,,false,false,
BR-SERVI-0418,2026-08-12T01:32:00Z,online,93,idle,,false,false,
BR-SERVI-0418,2026-08-12T01:33:00Z,online,92,idle,,false,false,
BR-SERVI-0418,2026-08-12T01:34:00Z,online,92,idle,,false,false,
BR-SERVI-0418,2026-08-12T01:35:00Z,online,92,idle,,false,false,
BR-SERVI-0418,2026-08-12T01:36:00Z,online,92,idle,,false,false,
BR-SERVI-0418,2026-08-12T01:37:00Z,online,92,idle,,false,false,
BR-SERVI-0418,2026-08-12T01:38:00Z,online,91,idle,,false,false,
BR-SERVI-0418,2026-08-12T01:39:00Z,online,91,idle,,false,false,
BR-SERVI-0418,2026-08-12T01:40:00Z,online,91,idle,,false,false,
BR-SERVI-0418,2026-08-12T01:41:00Z,online,91,idle,,false,false,
BR-SERVI-0418,2026-08-12T01:42:00Z,online,91,idle,,false,false,
BR-SERVI-0418,2026-08-12T01:43:00Z,online,90,idle,,false,false,
BR-SERVI-0418,2026-08-12T01:44:00Z,online,90,idle,,false,false,
BR-SERVI-0418,2026-08-12T01:45:00Z,online,90,idle,,false,false,
BR-SERVI-0418,2026-08-12T01:46:00Z,online,93,charging,,false,true,
BR-SERVI-0418,2026-08-12T01:47:00Z,online,93,idle,,false,false,
BR-SERVI-0418,2026-08-12T01:48:00Z,online,93,idle,,false,false,
BR-SERVI-0418,2026-08-12T01:49:00Z,online,92,idle,,false,false,
BR-SERVI-0418,2026-08-12T01:50:00Z,online,92,idle,,false,false,
BR-SERVI-0418,2026-08-12T01:51:00Z,online,92,idle,,false,false,
BR-SERVI-0418,2026-08-12T01:52:00Z,online,92,idle,,false,false,
BR-SERVI-0418,2026-08-12T01:53:00Z,online,92,idle,,false,false,
BR-SERVI-0418,2026-08-12T01:54:00Z,online,91,idle,,false,false,
BR-SERVI-0418,2026-08-12T01:55:00Z,online,91,idle,,false,false,
BR-SERVI-0418,2026-08-12T01:56:00Z,online,91,idle,,false,false,
BR-SERVI-0418,2026-08-12T01:57:00Z,offline,91,,,false,false,
BR-SERVI-0418,2026-08-12T01:58:00Z,online,91,idle,,false,false,
BR-SERVI-0418,2026-08-12T01:59:00Z,online,90,idle,,false,false,
BR-SERVI-0418,2026-08-12T02:00:00Z,online,90,idle,,false,false,
BR-SERVI-0418,2026-08-12T02:01:00Z,online,90,idle,,false,false,
BR-SERVI-0418,2026-08-12T02:02:00Z,online,93,charging,,false,true,
BR-SERVI-0418,2026-08-12T02:03:00Z,online,93,idle,,false,false,
BR-SERVI-0418,2026-08-12T02:04:00Z,online,93,idle,,false,false,
BR-SERVI-0418,2026-08-12T02:05:00Z,online,92,idle,,false,false,
BR-SERVI-0418,2026-08-12T02:06:00Z,offline,92,,,false,false,
BR-SERVI-0418,2026-08-12T02:07:00Z,online,92,idle,,false,false,
BR-SERVI-0418,2026-08-12T02:08:00Z,online,92,idle,,false,false,
BR-SERVI-0418,2026-08-12T02:09:00Z,offline,92,,,false,false,
BR-SERVI-0418,2026-08-12T02:10:00Z,online,91,idle,,false,false,
BR-SERVI-0418,2026-08-12T02:11:00Z,online,91,idle,,false,false,
BR-SERVI-0418,2026-08-12T02:12:00Z,offline,91,,,false,false,
BR-SERVI-0418,2026-08-12T02:13:00Z,online,91,idle,,false,false,
BR-SERVI-0418,2026-08-12T02:14:00Z,online,91,idle,,false,false,
BR-SERVI-0418,2026-08-12T02:15:00Z,online,90,idle,,false,false,
BR-SERVI-0418,2026-08-12T02:16:00Z,online,90,idle,,false,false,
BR-SERVI-0418,2026-08-12T02:17:00Z,online,90,idle,,false,false,
BR-SERVI-0418,2026-08-12T02:18:00Z,online,93,charging,,false,true,
BR-SERVI-0418,2026-08-12T02:19:00Z,online,93,idle,,false,false,
BR-SERVI-0418,2026-08-12T02:20:00Z,online,93,idle,,false,false,
BR-SERVI-0418,2026-08-12T02:21:00Z,online,92,idle,,false,false,
BR-SERVI-0418,2026-08-12T02:22:00Z,online,92,idle,,false,false,
BR-SERVI-0418,2026-08-12T02:23:00Z,online,92,idle,,false,false,
BR-SERVI-0418,2026-08-12T02:24:00Z,online,92,idle,,false,false,
BR-SERVI-0418,2026-08-12T02:25:00Z,online,92,idle,,false,false,
BR-SERVI-0418,2026-08-12T02:26:00Z,online,91,idle,,false,false,
BR-SERVI-0418,2026-08-12T02:27:00Z,online,91,idle,,false,false,
BR-SERVI-0418,2026-08-12T02:28:00Z,online,91,idle,,false,false,
BR-SERVI-0418,2026-08-12T02:29:00Z,online,91,idle,,false,false,
BR-SERVI-0418,2026-08-12T02:30:00Z,offline,91,,,false,false,
BR-SERVI-0418,2026-08-12T02:31:00Z,online,90,idle,,false,false,
BR-SERVI-0418,2026-08-12T02:32:00Z,online,90,idle,,false,false,
BR-SERVI-0418,2026-08-12T02:33:00Z,offline,90,,,false,false,
BR-SERVI-0418,2026-08-12T02:34:00Z,online,93,charging,,false,true,
BR-SERVI-0418,2026-08-12T02:35:00Z,online,93,idle,,false,false,
BR-SERVI-0418,2026-08-12T02:36:00Z,online,93,idle,,false,false,
BR-SERVI-0418,2026-08-12T02:37:00Z,online,92,idle,,false,false,
BR-SERVI-0418,2026-08-12T02:38:00Z,online,92,idle,,false,false,
BR-SERVI-0418,2026-08-12T02:39:00Z,online,92,idle,,false,false,
BR-SERVI-0418,2026-08-12T02:40:00Z,online,92,idle,,false,false,
BR-SERVI-0418,2026-08-12T02:41:00Z,online,92,idle,,false,false,
BR-SERVI-0418,2026-08-12T02:42:00Z,online,91,idle,,false,false,
BR-SERVI-0418,2026-08-12T02:43:00Z,online,91,idle,,false,false,
BR-SERVI-0418,2026-08-12T02:44:00Z,online,91,idle,,false,false,
BR-SERVI-0418,2026-08-12T02:45:00Z,online,91,idle,,false,false,
BR-SERVI-0418,2026-08-12T02:46:00Z,offline,91,,,false,false,
BR-SERVI-0418,2026-08-12T02:47:00Z,online,90,idle,,false,false,
BR-SERVI-0418,2026-08-12T02:48:00Z,online,90,idle,,false,false,
BR-SERVI-0418,2026-08-12T02:49:00Z,online,90,idle,,false,false,
BR-SERVI-0418,2026-08-12T02:50:00Z,online,93,charging,,false,true,
BR-SERVI-0418,2026-08-12T02:51:00Z,online,93,idle,,false,false,
BR-SERVI-0418,2026-08-12T02:52:00Z,online,93,idle,,false,false,
BR-SERVI-0418,2026-08-12T02:53:00Z,online,92,idle,,false,false,
BR-SERVI-0418,2026-08-12T02:54:00Z,online,92,idle,,false,false,
BR-SERVI-0418,2026-08-12T02:55:00Z,online,92,idle,,false,false,
BR-SERVI-0418,2026-08-12T02:56:00Z,online,92,idle,,false,false,
BR-SERVI-0418,2026-08-12T02:57:00Z,online,92,idle,,false,false,
BR-SERVI-0418,2026-08-12T02:58:00Z,online,91,idle,,false,false,
BR-SERVI-0418,2026-08-12T02:59:00Z,online,91,idle,,false,false,
BR-SERVI-0418,2026-08-12T03:00:00Z,online,91,idle,,false,false,
BR-SERVI-0418,2026-08-12T03:01:00Z,online,91,idle,,false,false,
BR-SERVI-0418,2026-08-12T03:02:00Z,online,91,idle,,false,false,
BR-SERVI-0418,2026-08-12T03:03:00Z,online,90,idle,,false,false,
BR-SERVI-0418,2026-08-12T03:04:00Z,online,90,idle,,false,false,
BR-SERVI-0418,2026-08-12T03:05:00Z,online,90,idle,,false,false,
BR-SERVI-0418,2026-08-12T03:06:00Z,online,93,charging,,false,true,
BR-SERVI-0418,2026-08-12T03:07:00Z,offline,93,,,false,false,
BR-SERVI-0418,2026-08-12T03:08:00Z,online,93,idle,,false,false,
BR-SERVI-0418,2026-08-12T03:09:00Z,offline,92,,,false,false,
BR-SERVI-0418,2026-08-12T03:10:00Z,online,92,idle,,false,false,
BR-SERVI-0418,2026-08-12T03:11:00Z,online,92,idle,,false,false,
BR-SERVI-0418,2026-08-12T03:12:00Z,online,92,idle,,false,false,
BR-SERVI-0418,2026-08-12T03:13:00Z,online,92,idle,,false,false,
BR-SERVI-0418,2026-08-12T03:14:00Z,online,91,idle,,false,false,
BR-SERVI-0418,2026-08-12T03:15:00Z,online,91,idle,,false,false,
BR-SERVI-0418,2026-08-12T03:16:00Z,online,91,idle,,false,false,
BR-SERVI-0418,2026-08-12T03:17:00Z,online,91,idle,,false,false,
BR-SERVI-0418,2026-08-12T03:18:00Z,online,91,idle,,false,false,
BR-SERVI-0418,2026-08-12T03:19:00Z,online,90,idle,,false,false,
BR-SERVI-0418,2026-08-12T03:20:00Z,online,90,idle,,false,false,
BR-SERVI-0418,2026-08-12T03:21:00Z,online,90,idle,,false,false,
BR-SERVI-0418,2026-08-12T03:22:00Z,online,93,charging,,false,true,
BR-SERVI-0418,2026-08-12T03:23:00Z,online,93,idle,,false,false,
BR-SERVI-0418,2026-08-12T03:24:00Z,online,93,idle,,false,false,
BR-SERVI-0418,2026-08-12T03:25:00Z,online,92,idle,,false,false,
BR-SERVI-0418,2026-08-12T03:26:00Z,online,92,idle,,false,false,
BR-SERVI-0418,2026-08-12T03:27:00Z,online,92,idle,,false,false,
BR-SERVI-0418,2026-08-12T03:28:00Z,online,92,idle,,false,false,
BR-SERVI-0418,2026-08-12T03:29:00Z,online,92,idle,,false,false,
BR-SERVI-0418,2026-08-12T03:30:00Z,online,91,idle,,false,false,
BR-SERVI-0418,2026-08-12T03:31:00Z,online,91,idle,,false,false,
BR-SERVI-0418,2026-08-12T03:32:00Z,online,91,idle,,false,false,
BR-SERVI-0418,2026-08-12T03:33:00Z,online,91,idle,,false,false,
BR-SERVI-0418,2026-08-12T03:34:00Z,online,91,idle,,false,false,
BR-SERVI-0418,2026-08-12T03:35:00Z,online,90,idle,,false,false,
BR-SERVI-0418,2026-08-12T03:36:00Z,online,90,idle,,false,false,
BR-SERVI-0418,2026-08-12T03:37:00Z,online,90,idle,,false,false,
BR-SERVI-0418,2026-08-12T03:38:00Z,online,93,charging,,false,true,
BR-SERVI-0418,2026-08-12T03:39:00Z,online,93,idle,,false,false,
BR-SERVI-0418,2026-08-12T03:40:00Z,online,93,idle,,false,false,
BR-SERVI-0418,2026-08-12T03:41:00Z,online,92,idle,,false,false,
BR-SERVI-0418,2026-08-12T03:42:00Z,online,92,idle,,false,false,
BR-SERVI-0418,2026-08-12T03:43:00Z,online,92,idle,,false,false,
BR-SERVI-0418,2026-08-12T03:44:00Z,online,92,idle,,false,false,
BR-SERVI-0418,2026-08-12T03:45:00Z,online,92,idle,,false,false,
BR-SERVI-0418,2026-08-12T03:46:00Z,online,91,idle,,false,false,
BR-SERVI-0418,2026-08-12T03:47:00Z,offline,91,,,false,false,
BR-SERVI-0418,2026-08-12T03:48:00Z,online,91,idle,,false,false,
BR-SERVI-0418,2026-08-12T03:49:00Z,online,91,idle,,false,false,
BR-SERVI-0418,2026-08-12T03:50:00Z,online,91,idle,,false,false,
BR-SERVI-0418,2026-08-12T03:51:00Z,online,90,idle,,false,false,
BR-SERVI-0418,2026-08-12T03:52:00Z,online,90,idle,,false,false,
BR-SERVI-0418,2026-08-12T03:53:00Z,online,90,idle,,false,false,
BR-SERVI-0418,2026-08-12T03:54:00Z,online,93,charging,,false,true,
BR-SERVI-0418,2026-08-12T03:55:00Z,online,93,idle,,false,false,
BR-SERVI-0418,2026-08-12T03:56:00Z,online,93,idle,,false,false,
BR-SERVI-0418,2026-08-12T03:57:00Z,online,92,idle,,false,false,
BR-SERVI-0418,2026-08-12T03:58:00Z,online,92,idle,,false,false,
BR-SERVI-0418,2026-08-12T03:59:00Z,online,92,idle,,false,false,
BR-SERVI-0418,2026-08-12T04:00:00Z,online,92,idle,,false,false,
BR-SERVI-0418,2026-08-12T04:01:00Z,online,92,idle,,false,false,
BR-SERVI-0418,2026-08-12T04:02:00Z,online,91,idle,,false,false,
BR-SERVI-0418,2026-08-12T04:03:00Z,online,91,idle,,false,false,
BR-SERVI-0418,2026-08-12T04:04:00Z,online,91,idle,,false,false,
BR-SERVI-0418,2026-08-12T04:05:00Z,online,91,idle,,false,false,
BR-SERVI-0418,2026-08-12T04:06:00Z,online,91,idle,,false,false,
BR-SERVI-0418,2026-08-12T04:07:00Z,online,90,idle,,false,false,
BR-SERVI-0418,2026-08-12T04:08:00Z,online,90,idle,,false,false,
BR-SERVI-0418,2026-08-12T04:09:00Z,online,90,idle,,false,false,
BR-SERVI-0418,2026-08-12T04:10:00Z,online,93,charging,,false,true,
BR-SERVI-0418,2026-08-12T04:11:00Z,online,93,idle,,false,false,
BR-SERVI-0418,2026-08-12T04:12:00Z,online,93,idle,,false,false,
BR-SERVI-0418,2026-08-12T04:13:00Z,online,92,idle,,false,false,
BR-SERVI-0418,2026-08-12T04:14:00Z,online,92,idle,,false,false,
BR-SERVI-0418,2026-08-12T04:15:00Z,online,92,idle,,false,false,
BR-SERVI-0418,2026-08-12T04:16:00Z,online,92,idle,,false,false,
BR-SERVI-0418,2026-08-12T04:17:00Z,online,92,idle,,false,false,
BR-SERVI-0418,2026-08-12T04:18:00Z,online,91,idle,,false,false,
BR-SERVI-0418,2026-08-12T04:19:00Z,online,91,idle,,false,false,
BR-SERVI-0418,2026-08-12T04:20:00Z,online,91,idle,,false,false,
BR-SERVI-0418,2026-08-12T04:21:00Z,online,91,idle,,false,false,
BR-SERVI-0418,2026-08-12T04:22:00Z,online,91,idle,,false,false,
BR-SERVI-0418,2026-08-12T04:23:00Z,online,90,idle,,false,false,
BR-SERVI-0418,2026-08-12T04:24:00Z,online,90,idle,,false,false,
BR-SERVI-0418,2026-08-12T04:25:00Z,online,90,idle,,false,false,
BR-SERVI-0418,2026-08-12T04:26:00Z,online,93,charging,,false,true,
BR-SERVI-0418,2026-08-12T04:27:00Z,online,93,idle,,false,false,
BR-SERVI-0418,2026-08-12T04:28:00Z,online,93,idle,,false,false,
BR-SERVI-0418,2026-08-12T04:29:00Z,online,92,idle,,false,false,
BR-SERVI-0418,2026-08-12T04:30:00Z,online,92,idle,,false,false,
BR-SERVI-0418,2026-08-12T04:31:00Z,online,92,idle,,false,false,
BR-SERVI-0418,2026-08-12T04:32:00Z,online,92,idle,,false,false,
BR-SERVI-0418,2026-08-12T04:33:00Z,online,92,idle,,false,false,
BR-SERVI-0418,2026-08-12T04:34:00Z,online,91,idle,,false,false,
BR-SERVI-0418,2026-08-12T04:35:00Z,online,91,idle,,false,false,
BR-SERVI-0418,2026-08-12T04:36:00Z,online,91,idle,,false,false,
BR-SERVI-0418,2026-08-12T04:37:00Z,online,91,idle,,false,false,
BR-SERVI-0418,2026-08-12T04:38:00Z,online,91,idle,,false,false,
BR-SERVI-0418,2026-08-12T04:39:00Z,online,90,idle,,false,false,
BR-SERVI-0418,2026-08-12T04:40:00Z,online,90,idle,,false,false,
BR-SERVI-0418,2026-08-12T04:41:00Z,online,90,idle,,false,false,
BR-SERVI-0418,2026-08-12T04:42:00Z,online,93,charging,,false,true,
BR-SERVI-0418,2026-08-12T04:43:00Z,online,93,idle,,false,false,
BR-SERVI-0418,2026-08-12T04:44:00Z,online,93,idle,,false,false,
BR-SERVI-0418,2026-08-12T04:45:00Z,online,92,idle,,false,false,
BR-SERVI-0418,2026-08-12T04:46:00Z,online,92,idle,,false,false,
BR-SERVI-0418,2026-08-12T04:47:00Z,online,92,idle,,false,false,
BR-SERVI-0418,2026-08-12T04:48:00Z,online,92,idle,,false,false,
BR-SERVI-0418,2026-08-12T04:49:00Z,online,92,idle,,false,false,
BR-SERVI-0418,2026-08-12T04:50:00Z,online,91,idle,,false,false,
BR-SERVI-0418,2026-08-12T04:51:00Z,online,91,idle,,false,false,
BR-SERVI-0418,2026-08-12T04:52:00Z,online,91,idle,,false,false,
BR-SERVI-0418,2026-08-12T04:53:00Z,online,91,idle,,false,false,
BR-SERVI-0418,2026-08-12T04:54:00Z,online,91,idle,,false,false,
BR-SERVI-0418,2026-08-12T04:55:00Z,online,90,idle,,false,false,
BR-SERVI-0418,2026-08-12T04:56:00Z,online,90,idle,,false,false,
BR-SERVI-0418,2026-08-12T04:57:00Z,online,90,idle,,false,false,
BR-SERVI-0418,2026-08-12T04:58:00Z,online,93,charging,,false,true,
BR-SERVI-0418,2026-08-12T04:59:00Z,online,93,idle,,false,false,
BR-SERVI-0418,2026-08-12T05:00:00Z,online,93,idle,,false,false,
BR-SERVI-0418,2026-08-12T05:01:00Z,online,92,idle,,false,false,
BR-SERVI-0418,2026-08-12T05:02:00Z,online,92,idle,,false,false,
BR-SERVI-0418,2026-08-12T05:03:00Z,online,92,idle,,false,false,
BR-SERVI-0418,2026-08-12T05:04:00Z,online,92,idle,,false,false,
BR-SERVI-0418,2026-08-12T05:05:00Z,online,92,idle,,false,false,
BR-SERVI-0418,2026-08-12T05:06:00Z,online,91,idle,,false,false,
BR-SERVI-0418,2026-08-12T05:07:00Z,online,91,idle,,false,false,
BR-SERVI-0418,2026-08-12T05:08:00Z,online,91,idle,,false,false,
BR-SERVI-0418,2026-08-12T05:09:00Z,online,91,idle,,false,false,
BR-SERVI-0418,2026-08-12T05:10:00Z,online,91,idle,,false,false,
BR-SERVI-0418,2026-08-12T05:11:00Z,online,90,idle,,false,false,
BR-SERVI-0418,2026-08-12T05:12:00Z,online,90,idle,,false,false,
BR-SERVI-0418,2026-08-12T05:13:00Z,online,90,idle,,false,false,
BR-SERVI-0418,2026-08-12T05:14:00Z,online,93,charging,,false,true,
BR-SERVI-0418,2026-08-12T05:15:00Z,offline,93,,,false,false,
BR-SERVI-0418,2026-08-12T05:16:00Z,online,93,idle,,false,false,
BR-SERVI-0418,2026-08-12T05:17:00Z,online,92,idle,,false,false,
BR-SERVI-0418,2026-08-12T05:18:00Z,online,92,idle,,false,false,
BR-SERVI-0418,2026-08-12T05:19:00Z,online,92,idle,,false,false,
BR-SERVI-0418,2026-08-12T05:20:00Z,online,92,idle,,false,false,
BR-SERVI-0418,2026-08-12T05:21:00Z,online,92,idle,,false,false,
BR-SERVI-0418,2026-08-12T05:22:00Z,online,91,idle,,false,false,
BR-SERVI-0418,2026-08-12T05:23:00Z,online,91,idle,,false,false,
BR-SERVI-0418,2026-08-12T05:24:00Z,online,91,idle,,false,false,
BR-SERVI-0418,2026-08-12T05:25:00Z,online,91,idle,,false,false,
BR-SERVI-0418,2026-08-12T05:26:00Z,online,91,idle,,false,false,
BR-SERVI-0418,2026-08-12T05:27:00Z,online,90,idle,,false,false,
BR-SERVI-0418,2026-08-12T05:28:00Z,online,90,idle,,false,false,
BR-SERVI-0418,2026-08-12T05:29:00Z,online,90,idle,,false,false,
BR-SERVI-0418,2026-08-12T05:30:00Z,online,93,charging,,false,true,
BR-SERVI-0418,2026-08-12T05:31:00Z,online,93,idle,,false,false,
BR-SERVI-0418,2026-08-12T05:32:00Z,online,93,idle,,false,false,
BR-SERVI-0418,2026-08-12T05:33:00Z,online,92,idle,,false,false,
BR-SERVI-0418,2026-08-12T05:34:00Z,online,92,idle,,false,false,
BR-SERVI-0418,2026-08-12T05:35:00Z,online,92,idle,,false,false,
BR-SERVI-0418,2026-08-12T05:36:00Z,offline,92,,,false,false,
BR-SERVI-0418,2026-08-12T05:37:00Z,online,92,idle,,false,false,
BR-SERVI-0418,2026-08-12T05:38:00Z,offline,91,,,false,false,
BR-SERVI-0418,2026-08-12T05:39:00Z,online,91,idle,,false,false,
BR-SERVI-0418,2026-08-12T05:40:00Z,offline,91,,,false,false,
BR-SERVI-0418,2026-08-12T05:41:00Z,online,91,idle,,false,false,
BR-SERVI-0418,2026-08-12T05:42:00Z,online,91,idle,,false,false,
BR-SERVI-0418,2026-08-12T05:43:00Z,online,90,idle,,false,false,
BR-SERVI-0418,2026-08-12T05:44:00Z,online,90,idle,,false,false,
BR-SERVI-0418,2026-08-12T05:45:00Z,online,90,idle,,false,false,
BR-SERVI-0418,2026-08-12T05:46:00Z,online,93,charging,,false,true,
BR-SERVI-0418,2026-08-12T05:47:00Z,online,93,idle,,false,false,
BR-SERVI-0418,2026-08-12T05:48:00Z,online,93,idle,,false,false,
BR-SERVI-0418,2026-08-12T05:49:00Z,online,92,idle,,false,false,
BR-SERVI-0418,2026-08-12T05:50:00Z,offline,92,,,false,false,
BR-SERVI-0418,2026-08-12T05:51:00Z,online,92,idle,,false,false,
BR-SERVI-0418,2026-08-12T05:52:00Z,online,92,idle,,false,false,
BR-SERVI-0418,2026-08-12T05:53:00Z,online,92,idle,,false,false,
BR-SERVI-0418,2026-08-12T05:54:00Z,online,91,idle,,false,false,
BR-SERVI-0418,2026-08-12T05:55:00Z,online,91,idle,,false,false,
BR-SERVI-0418,2026-08-12T05:56:00Z,online,91,idle,,false,false,
BR-SERVI-0418,2026-08-12T05:57:00Z,online,91,idle,,false,false,
BR-SERVI-0418,2026-08-12T05:58:00Z,online,91,idle,,false,false,
BR-SERVI-0418,2026-08-12T05:59:00Z,online,90,idle,,false,false,
BR-SERVI-0418,2026-08-12T06:00:00Z,online,90,idle,,false,false,
BR-SERVI-0418,2026-08-12T06:01:00Z,online,90,idle,,false,false,
BR-SERVI-0418,2026-08-12T06:02:00Z,online,93,charging,,false,true,
BR-SERVI-0418,2026-08-12T06:03:00Z,online,93,idle,,false,false,
BR-SERVI-0418,2026-08-12T06:04:00Z,online,93,idle,,false,false,
BR-SERVI-0418,2026-08-12T06:05:00Z,online,92,idle,,false,false,
BR-SERVI-0418,2026-08-12T06:06:00Z,online,92,idle,,false,false,
BR-SERVI-0418,2026-08-12T06:07:00Z,online,92,idle,,false,false,
BR-SERVI-0418,2026-08-12T06:08:00Z,online,92,idle,,false,false,
BR-SERVI-0418,2026-08-12T06:09:00Z,online,92,idle,,false,false,
BR-SERVI-0418,2026-08-12T06:10:00Z,online,91,idle,,false,false,
BR-SERVI-0418,2026-08-12T06:11:00Z,online,91,idle,,false,false,
BR-SERVI-0418,2026-08-12T06:12:00Z,online,91,idle,,false,false,
BR-SERVI-0418,2026-08-12T06:13:00Z,online,91,idle,,false,false,
BR-SERVI-0418,2026-08-12T06:14:00Z,online,91,idle,,false,false,
BR-SERVI-0418,2026-08-12T06:15:00Z,online,90,idle,,false,false,
BR-SERVI-0418,2026-08-12T06:16:00Z,online,90,idle,,false,false,
BR-SERVI-0418,2026-08-12T06:17:00Z,online,90,idle,,false,false,
BR-SERVI-0418,2026-08-12T06:18:00Z,online,93,charging,,false,true,
BR-SERVI-0418,2026-08-12T06:19:00Z,online,93,idle,,false,false,
BR-SERVI-0418,2026-08-12T06:20:00Z,online,93,idle,,false,false,
BR-SERVI-0418,2026-08-12T06:21:00Z,online,92,idle,,false,false,
BR-SERVI-0418,2026-08-12T06:22:00Z,online,92,idle,,false,false,
BR-SERVI-0418,2026-08-12T06:23:00Z,online,92,idle,,false,false,
BR-SERVI-0418,2026-08-12T06:24:00Z,online,92,idle,,false,false,
BR-SERVI-0418,2026-08-12T06:25:00Z,online,92,idle,,false,false,
BR-SERVI-0418,2026-08-12T06:26:00Z,online,91,idle,,false,false,
BR-SERVI-0418,2026-08-12T06:27:00Z,online,91,idle,,false,false,
BR-SERVI-0418,2026-08-12T06:28:00Z,online,91,idle,,false,false,
BR-SERVI-0418,2026-08-12T06:29:00Z,online,91,idle,,false,false,
BR-SERVI-0418,2026-08-12T06:30:00Z,online,91,idle,,false,false,
BR-SERVI-0418,2026-08-12T06:31:00Z,online,90,idle,,false,false,
BR-SERVI-0418,2026-08-12T06:32:00Z,online,90,idle,,false,false,
BR-SERVI-0418,2026-08-12T06:33:00Z,online,90,idle,,false,false,
BR-SERVI-0418,2026-08-12T06:34:00Z,online,93,charging,,false,true,
BR-SERVI-0418,2026-08-12T06:35:00Z,online,93,idle,,false,false,
BR-SERVI-0418,2026-08-12T06:36:00Z,online,93,idle,,false,false,
BR-SERVI-0418,2026-08-12T06:37:00Z,online,92,idle,,false,false,
BR-SERVI-0418,2026-08-12T06:38:00Z,online,92,idle,,false,false,
BR-SERVI-0418,2026-08-12T06:39:00Z,online,92,idle,,false,false,
BR-SERVI-0418,2026-08-12T06:40:00Z,online,92,idle,,false,false,
BR-SERVI-0418,2026-08-12T06:41:00Z,online,92,idle,,false,false,
BR-SERVI-0418,2026-08-12T06:42:00Z,online,91,idle,,false,false,
BR-SERVI-0418,2026-08-12T06:43:00Z,online,91,idle,,false,false,
BR-SERVI-0418,2026-08-12T06:44:00Z,online,91,idle,,false,false,
BR-SERVI-0418,2026-08-12T06:45:00Z,online,91,idle,,false,false,
BR-SERVI-0418,2026-08-12T06:46:00Z,online,91,idle,,false,false,
BR-SERVI-0418,2026-08-12T06:47:00Z,online,90,idle,,false,false,
BR-SERVI-0418,2026-08-12T06:48:00Z,online,90,idle,,false,false,
BR-SERVI-0418,2026-08-12T06:49:00Z,online,90,idle,,false,false,
BR-SERVI-0418,2026-08-12T06:50:00Z,online,93,charging,,false,true,
BR-SERVI-0418,2026-08-12T06:51:00Z,online,93,idle,,false,false,
BR-SERVI-0418,2026-08-12T06:52:00Z,online,93,idle,,false,false,
BR-SERVI-0418,2026-08-12T06:53:00Z,online,92,idle,,false,false,
BR-SERVI-0418,2026-08-12T06:54:00Z,online,92,idle,,false,false,
BR-SERVI-0418,2026-08-12T06:55:00Z,online,92,idle,,false,false,
BR-SERVI-0418,2026-08-12T06:56:00Z,online,92,idle,,false,false,
BR-SERVI-0418,2026-08-12T06:57:00Z,online,92,idle,,false,false,
BR-SERVI-0418,2026-08-12T06:58:00Z,online,91,idle,,false,false,
BR-SERVI-0418,2026-08-12T06:59:00Z,online,91,idle,,false,false,
BR-SERVI-0418,2026-08-12T07:00:00Z,online,91,idle,,false,false,
BR-SERVI-0418,2026-08-12T07:01:00Z,online,91,idle,,false,false,
BR-SERVI-0418,2026-08-12T07:02:00Z,offline,91,,,false,false,
BR-SERVI-0418,2026-08-12T07:03:00Z,online,90,idle,,false,false,
BR-SERVI-0418,2026-08-12T07:04:00Z,online,90,idle,,false,false,
BR-SERVI-0418,2026-08-12T07:05:00Z,online,90,idle,,false,false,
BR-SERVI-0418,2026-08-12T07:06:00Z,online,93,charging,,false,true,
BR-SERVI-0418,2026-08-12T07:07:00Z,online,93,idle,,false,false,
BR-SERVI-0418,2026-08-12T07:08:00Z,online,93,idle,,false,false,
BR-SERVI-0418,2026-08-12T07:09:00Z,online,92,idle,,false,false,
BR-SERVI-0418,2026-08-12T07:10:00Z,online,92,idle,,false,false,
BR-SERVI-0418,2026-08-12T07:11:00Z,online,92,idle,,false,false,
BR-SERVI-0418,2026-08-12T07:12:00Z,online,92,idle,,false,false,
BR-SERVI-0418,2026-08-12T07:13:00Z,online,92,idle,,false,false,
BR-SERVI-0418,2026-08-12T07:14:00Z,online,91,idle,,false,false,
BR-SERVI-0418,2026-08-12T07:15:00Z,online,91,idle,,false,false,
BR-SERVI-0418,2026-08-12T07:16:00Z,online,91,idle,,false,false,
BR-SERVI-0418,2026-08-12T07:17:00Z,online,91,idle,,false,false,
BR-SERVI-0418,2026-08-12T07:18:00Z,online,91,idle,,false,false,
BR-SERVI-0418,2026-08-12T07:19:00Z,online,90,idle,,false,false,
BR-SERVI-0418,2026-08-12T07:20:00Z,online,90,idle,,false,false,
BR-SERVI-0418,2026-08-12T07:21:00Z,online,90,idle,,false,false,
BR-SERVI-0418,2026-08-12T07:22:00Z,online,93,charging,,false,true,
BR-SERVI-0418,2026-08-12T07:23:00Z,online,93,idle,,false,false,
BR-SERVI-0418,2026-08-12T07:24:00Z,online,93,idle,,false,false,
BR-SERVI-0418,2026-08-12T07:25:00Z,online,92,idle,,false,false,
BR-SERVI-0418,2026-08-12T07:26:00Z,online,92,idle,,false,false,
BR-SERVI-0418,2026-08-12T07:27:00Z,online,92,idle,,false,false,
BR-SERVI-0418,2026-08-12T07:28:00Z,online,92,idle,,false,false,
BR-SERVI-0418,2026-08-12T07:29:00Z,online,92,idle,,false,false,
BR-SERVI-0418,2026-08-12T07:30:00Z,online,91,idle,,false,false,
BR-SERVI-0418,2026-08-12T07:31:00Z,online,91,idle,,false,false,
BR-SERVI-0418,2026-08-12T07:32:00Z,online,91,idle,,false,false,
BR-SERVI-0418,2026-08-12T07:33:00Z,online,91,idle,,false,false,
BR-SERVI-0418,2026-08-12T07:34:00Z,online,91,idle,,false,false,
BR-SERVI-0418,2026-08-12T07:35:00Z,online,90,idle,,false,false,
BR-SERVI-0418,2026-08-12T07:36:00Z,online,90,idle,,false,false,
BR-SERVI-0418,2026-08-12T07:37:00Z,online,90,idle,,false,false,
BR-SERVI-0418,2026-08-12T07:38:00Z,online,93,charging,,false,true,
BR-SERVI-0418,2026-08-12T07:39:00Z,online,93,idle,,false,false,
BR-SERVI-0418,2026-08-12T07:40:00Z,online,93,idle,,false,false,
BR-SERVI-0418,2026-08-12T07:41:00Z,online,92,idle,,false,false,
BR-SERVI-0418,2026-08-12T07:42:00Z,online,92,idle,,false,false,
BR-SERVI-0418,2026-08-12T07:43:00Z,online,92,idle,,false,false,
BR-SERVI-0418,2026-08-12T07:44:00Z,online,92,idle,,false,false,
BR-SERVI-0418,2026-08-12T07:45:00Z,online,92,idle,,false,false,
BR-SERVI-0418,2026-08-12T07:46:00Z,online,91,idle,,false,false,
BR-SERVI-0418,2026-08-12T07:47:00Z,online,91,idle,,false,false,
BR-SERVI-0418,2026-08-12T07:48:00Z,online,91,idle,,false,false,
BR-SERVI-0418,2026-08-12T07:49:00Z,online,91,idle,,false,false,
BR-SERVI-0418,2026-08-12T07:50:00Z,online,91,idle,,false,false,
BR-SERVI-0418,2026-08-12T07:51:00Z,online,90,idle,,false,false,
BR-SERVI-0418,2026-08-12T07:52:00Z,online,90,idle,,false,false,
BR-SERVI-0418,2026-08-12T07:53:00Z,online,90,idle,,false,false,
BR-SERVI-0418,2026-08-12T07:54:00Z,online,93,charging,,false,true,
BR-SERVI-0418,2026-08-12T07:55:00Z,offline,93,,,false,false,
BR-SERVI-0418,2026-08-12T07:56:00Z,online,93,idle,,false,false,
BR-SERVI-0418,2026-08-12T07:57:00Z,online,92,idle,,false,false,
BR-SERVI-0418,2026-08-12T07:58:00Z,online,92,idle,,false,false,
BR-SERVI-0418,2026-08-12T07:59:00Z,online,92,idle,,false,false,
BR-SERVI-0418,2026-08-12T08:00:00Z,online,92,idle,,false,false,
BR-SERVI-0418,2026-08-12T08:01:00Z,online,92,idle,,false,false,
BR-SERVI-0418,2026-08-12T08:02:00Z,online,91,idle,,false,false,
BR-SERVI-0418,2026-08-12T08:03:00Z,online,91,idle,,false,false,
BR-SERVI-0418,2026-08-12T08:04:00Z,offline,91,,,false,false,
BR-SERVI-0418,2026-08-12T08:05:00Z,online,91,idle,,false,false,
BR-SERVI-0418,2026-08-12T08:06:00Z,online,91,idle,,false,false,
BR-SERVI-0418,2026-08-12T08:07:00Z,online,90,idle,,false,false,
BR-SERVI-0418,2026-08-12T08:08:00Z,offline,90,,,false,false,
BR-SERVI-0418,2026-08-12T08:09:00Z,online,90,idle,,false,false,
BR-SERVI-0418,2026-08-12T08:10:00Z,online,93,charging,,false,true,
BR-SERVI-0418,2026-08-12T08:11:00Z,online,93,idle,,false,false,
BR-SERVI-0418,2026-08-12T08:12:00Z,online,93,idle,,false,false,
BR-SERVI-0418,2026-08-12T08:13:00Z,online,92,idle,,false,false,
BR-SERVI-0418,2026-08-12T08:14:00Z,online,92,idle,,false,false,
BR-SERVI-0418,2026-08-12T08:15:00Z,online,92,idle,,false,false,
BR-SERVI-0418,2026-08-12T08:16:00Z,offline,92,,,false,false,
BR-SERVI-0418,2026-08-12T08:17:00Z,online,92,idle,,false,false,
BR-SERVI-0418,2026-08-12T08:18:00Z,online,91,idle,,false,false,
BR-SERVI-0418,2026-08-12T08:19:00Z,online,91,idle,,false,false,
BR-SERVI-0418,2026-08-12T08:20:00Z,online,91,idle,,false,false,
BR-SERVI-0418,2026-08-12T08:21:00Z,online,91,idle,,false,false,
BR-SERVI-0418,2026-08-12T08:22:00Z,online,91,idle,,false,false,
BR-SERVI-0418,2026-08-12T08:23:00Z,online,90,idle,,false,false,
BR-SERVI-0418,2026-08-12T08:24:00Z,online,90,idle,,false,false,
BR-SERVI-0418,2026-08-12T08:25:00Z,online,90,idle,,false,false,
BR-SERVI-0418,2026-08-12T08:26:00Z,online,93,charging,,false,true,
BR-SERVI-0418,2026-08-12T08:27:00Z,online,93,idle,,false,false,
BR-SERVI-0418,2026-08-12T08:28:00Z,online,93,idle,,false,false,
BR-SERVI-0418,2026-08-12T08:29:00Z,online,92,idle,,false,false,
BR-SERVI-0418,2026-08-12T08:30:00Z,online,92,idle,,false,false,
BR-SERVI-0418,2026-08-12T08:31:00Z,online,92,idle,,false,false,
BR-SERVI-0418,2026-08-12T08:32:00Z,online,92,idle,,false,false,
BR-SERVI-0418,2026-08-12T08:33:00Z,online,92,idle,,false,false,
BR-SERVI-0418,2026-08-12T08:34:00Z,online,91,idle,,false,false,
BR-SERVI-0418,2026-08-12T08:35:00Z,online,91,idle,,false,false,
BR-SERVI-0418,2026-08-12T08:36:00Z,online,91,idle,,false,false,
BR-SERVI-0418,2026-08-12T08:37:00Z,online,91,idle,,false,false,
BR-SERVI-0418,2026-08-12T08:38:00Z,online,91,idle,,false,false,
BR-SERVI-0418,2026-08-12T08:39:00Z,online,90,idle,,false,false,
BR-SERVI-0418,2026-08-12T08:40:00Z,online,90,idle,,false,false,
BR-SERVI-0418,2026-08-12T08:41:00Z,online,90,idle,,false,false,
BR-SERVI-0418,2026-08-12T08:42:00Z,online,93,charging,,false,true,
BR-SERVI-0418,2026-08-12T08:43:00Z,online,93,idle,,false,false,
BR-SERVI-0418,2026-08-12T08:44:00Z,online,93,idle,,false,false,
BR-SERVI-0418,2026-08-12T08:45:00Z,online,92,idle,,false,false,
BR-SERVI-0418,2026-08-12T08:46:00Z,online,92,idle,,false,false,
BR-SERVI-0418,2026-08-12T08:47:00Z,online,92,idle,,false,false,
BR-SERVI-0418,2026-08-12T08:48:00Z,online,92,idle,,false,false,
BR-SERVI-0418,2026-08-12T08:49:00Z,online,92,idle,,false,false,
BR-SERVI-0418,2026-08-12T08:50:00Z,online,91,idle,,false,false,
BR-SERVI-0418,2026-08-12T08:51:00Z,online,91,idle,,false,false,
BR-SERVI-0418,2026-08-12T08:52:00Z,online,91,idle,,false,false,
BR-SERVI-0418,2026-08-12T08:53:00Z,online,91,idle,,false,false,
BR-SERVI-0418,2026-08-12T08:54:00Z,online,91,idle,,false,false,
BR-SERVI-0418,2026-08-12T08:55:00Z,online,90,idle,,false,false,
BR-SERVI-0418,2026-08-12T08:56:00Z,online,90,idle,,false,false,
BR-SERVI-0418,2026-08-12T08:57:00Z,online,90,idle,,false,false,
BR-SERVI-0418,2026-08-12T08:58:00Z,online,93,charging,,false,true,
BR-SERVI-0418,2026-08-12T08:59:00Z,online,93,idle,,false,false,
BR-SERVI-0418,2026-08-12T09:00:00Z,online,93,idle,,false,false,
BR-SERVI-0418,2026-08-12T09:01:00Z,online,92,idle,,false,false,
BR-SERVI-0418,2026-08-12T09:02:00Z,online,92,idle,,false,false,
BR-SERVI-0418,2026-08-12T09:03:00Z,online,92,idle,,false,false,
BR-SERVI-0418,2026-08-12T09:04:00Z,online,92,idle,,false,false,
BR-SERVI-0418,2026-08-12T09:05:00Z,online,92,idle,,false,false,
BR-SERVI-0418,2026-08-12T09:06:00Z,online,91,idle,,false,false,
BR-SERVI-0418,2026-08-12T09:07:00Z,offline,91,,,false,false,
BR-SERVI-0418,2026-08-12T09:08:00Z,online,91,idle,,false,false,
BR-SERVI-0418,2026-08-12T09:09:00Z,online,91,idle,,false,false,
BR-SERVI-0418,2026-08-12T09:10:00Z,online,91,idle,,false,false,
BR-SERVI-0418,2026-08-12T09:11:00Z,online,90,idle,,false,false,
BR-SERVI-0418,2026-08-12T09:12:00Z,online,90,idle,,false,false,
BR-SERVI-0418,2026-08-12T09:13:00Z,online,90,idle,,false,false,
BR-SERVI-0418,2026-08-12T09:14:00Z,online,93,charging,,false,true,
BR-SERVI-0418,2026-08-12T09:15:00Z,online,93,idle,,false,false,
BR-SERVI-0418,2026-08-12T09:16:00Z,online,93,idle,,false,false,
BR-SERVI-0418,2026-08-12T09:17:00Z,online,92,idle,,false,false,
BR-SERVI-0418,2026-08-12T09:18:00Z,online,92,idle,,false,false,
BR-SERVI-0418,2026-08-12T09:19:00Z,online,92,idle,,false,false,
BR-SERVI-0418,2026-08-12T09:20:00Z,online,92,idle,,false,false,
BR-SERVI-0418,2026-08-12T09:21:00Z,online,92,idle,,false,false,
BR-SERVI-0418,2026-08-12T09:22:00Z,online,91,idle,,false,false,
BR-SERVI-0418,2026-08-12T09:23:00Z,online,91,idle,,false,false,
BR-SERVI-0418,2026-08-12T09:24:00Z,online,91,idle,,false,false,
BR-SERVI-0418,2026-08-12T09:25:00Z,online,91,idle,,false,false,
BR-SERVI-0418,2026-08-12T09:26:00Z,online,91,idle,,false,false,
BR-SERVI-0418,2026-08-12T09:27:00Z,online,90,idle,,false,false,
BR-SERVI-0418,2026-08-12T09:28:00Z,online,90,idle,,false,false,
BR-SERVI-0418,2026-08-12T09:29:00Z,online,90,idle,,false,false,
BR-SERVI-0418,2026-08-12T09:30:00Z,online,93,charging,,false,true,
BR-SERVI-0418,2026-08-12T09:31:00Z,online,93,idle,,false,false,
BR-SERVI-0418,2026-08-12T09:32:00Z,online,93,idle,,false,false,
BR-SERVI-0418,2026-08-12T09:33:00Z,online,92,idle,,false,false,
BR-SERVI-0418,2026-08-12T09:34:00Z,offline,92,,,false,false,
BR-SERVI-0418,2026-08-12T09:35:00Z,online,92,idle,,false,false,
BR-SERVI-0418,2026-08-12T09:36:00Z,online,92,idle,,false,false,
BR-SERVI-0418,2026-08-12T09:37:00Z,online,92,idle,,false,false,
BR-SERVI-0418,2026-08-12T09:38:00Z,online,91,idle,,false,false,
BR-SERVI-0418,2026-08-12T09:39:00Z,online,91,idle,,false,false,
BR-SERVI-0418,2026-08-12T09:40:00Z,online,91,idle,,false,false,
BR-SERVI-0418,2026-08-12T09:41:00Z,online,91,idle,,false,false,
BR-SERVI-0418,2026-08-12T09:42:00Z,offline,91,,,false,false,
BR-SERVI-0418,2026-08-12T09:43:00Z,online,90,idle,,false,false,
BR-SERVI-0418,2026-08-12T09:44:00Z,online,90,idle,,false,false,
BR-SERVI-0418,2026-08-12T09:45:00Z,online,90,idle,,false,false,
BR-SERVI-0418,2026-08-12T09:46:00Z,online,93,charging,,false,true,
BR-SERVI-0418,2026-08-12T09:47:00Z,online,93,idle,,false,false,
BR-SERVI-0418,2026-08-12T09:48:00Z,online,93,idle,,false,false,
BR-SERVI-0418,2026-08-12T09:49:00Z,online,92,idle,,false,false,
BR-SERVI-0418,2026-08-12T09:50:00Z,offline,92,,,false,false,
BR-SERVI-0418,2026-08-12T09:51:00Z,online,92,idle,,false,false,
BR-SERVI-0418,2026-08-12T09:52:00Z,online,92,idle,,false,false,
BR-SERVI-0418,2026-08-12T09:53:00Z,online,92,idle,,false,false,
BR-SERVI-0418,2026-08-12T09:54:00Z,online,91,idle,,false,false,
BR-SERVI-0418,2026-08-12T09:55:00Z,offline,91,,,false,false,
BR-SERVI-0418,2026-08-12T09:56:00Z,online,91,idle,,false,false,
BR-SERVI-0418,2026-08-12T09:57:00Z,online,91,idle,,false,false,
BR-SERVI-0418,2026-08-12T09:58:00Z,online,91,idle,,false,false,
BR-SERVI-0418,2026-08-12T09:59:00Z,online,90,idle,,false,false,
BR-SERVI-0418,2026-08-12T10:00:00Z,online,90,idle,,false,false,
BR-SERVI-0418,2026-08-12T10:01:00Z,online,90,idle,,false,false,
BR-SERVI-0418,2026-08-12T10:02:00Z,online,93,charging,,false,true,
BR-SERVI-0418,2026-08-12T10:03:00Z,offline,93,,,false,false,
BR-SERVI-0418,2026-08-12T10:04:00Z,online,93,idle,,false,false,
BR-SERVI-0418,2026-08-12T10:05:00Z,online,92,idle,,false,false,
BR-SERVI-0418,2026-08-12T10:06:00Z,offline,92,,,false,false,
BR-SERVI-0418,2026-08-12T10:07:00Z,online,92,idle,,false,false,
BR-SERVI-0418,2026-08-12T10:08:00Z,online,92,idle,,false,false,
BR-SERVI-0418,2026-08-12T10:09:00Z,online,92,idle,,false,false,
BR-SERVI-0418,2026-08-12T10:10:00Z,online,91,idle,,false,false,
BR-SERVI-0418,2026-08-12T10:11:00Z,online,91,idle,,false,false,
BR-SERVI-0418,2026-08-12T10:12:00Z,online,91,idle,,false,false,
BR-SERVI-0418,2026-08-12T10:13:00Z,online,91,idle,,false,false,
BR-SERVI-0418,2026-08-12T10:14:00Z,online,91,idle,,false,false,
BR-SERVI-0418,2026-08-12T10:15:00Z,offline,90,,,false,false,
BR-SERVI-0418,2026-08-12T10:16:00Z,online,90,idle,,false,false,
BR-SERVI-0418,2026-08-12T10:17:00Z,online,90,idle,,false,false,
BR-SERVI-0418,2026-08-12T10:18:00Z,online,93,charging,,false,true,
BR-SERVI-0418,2026-08-12T10:19:00Z,online,93,idle,,false,false,
BR-SERVI-0418,2026-08-12T10:20:00Z,online,93,idle,,false,false,
BR-SERVI-0418,2026-08-12T10:21:00Z,online,92,idle,,false,false,
BR-SERVI-0418,2026-08-12T10:22:00Z,online,92,idle,,false,false,
BR-SERVI-0418,2026-08-12T10:23:00Z,online,92,idle,,false,false,
BR-SERVI-0418,2026-08-12T10:24:00Z,online,92,idle,,false,false,
BR-SERVI-0418,2026-08-12T10:25:00Z,online,92,idle,,false,false,
BR-SERVI-0418,2026-08-12T10:26:00Z,online,91,idle,,false,false,
BR-SERVI-0418,2026-08-12T10:27:00Z,online,91,idle,,false,false,
BR-SERVI-0418,2026-08-12T10:28:00Z,online,91,idle,,false,false,
BR-SERVI-0418,2026-08-12T10:29:00Z,online,91,idle,,false,false,
BR-SERVI-0418,2026-08-12T10:30:00Z,online,91,idle,,false,false,
BR-SERVI-0418,2026-08-12T10:31:00Z,online,90,idle,,false,false,
BR-SERVI-0418,2026-08-12T10:32:00Z,online,90,idle,,false,false,
BR-SERVI-0418,2026-08-12T10:33:00Z,online,90,idle,,false,false,
BR-SERVI-0418,2026-08-12T10:34:00Z,online,93,charging,,false,true,
BR-SERVI-0418,2026-08-12T10:35:00Z,online,93,idle,,false,false,
BR-SERVI-0418,2026-08-12T10:36:00Z,online,93,idle,,false,false,
BR-SERVI-0418,2026-08-12T10:37:00Z,online,92,idle,,false,false,
BR-SERVI-0418,2026-08-12T10:38:00Z,online,92,idle,,false,false,
BR-SERVI-0418,2026-08-12T10:39:00Z,online,92,idle,,false,false,
BR-SERVI-0418,2026-08-12T10:40:00Z,online,92,idle,,false,false,
BR-SERVI-0418,2026-08-12T10:41:00Z,online,92,idle,,false,false,
BR-SERVI-0418,2026-08-12T10:42:00Z,online,91,idle,,false,false,
BR-SERVI-0418,2026-08-12T10:43:00Z,online,91,idle,,false,false,
BR-SERVI-0418,2026-08-12T10:44:00Z,online,91,idle,,false,false,
BR-SERVI-0418,2026-08-12T10:45:00Z,online,91,idle,,false,false,
BR-SERVI-0418,2026-08-12T10:46:00Z,online,91,idle,,false,false,
BR-SERVI-0418,2026-08-12T10:47:00Z,online,90,idle,,false,false,
BR-SERVI-0418,2026-08-12T10:48:00Z,online,90,idle,,false,false,
BR-SERVI-0418,2026-08-12T10:49:00Z,online,90,idle,,false,false,
BR-SERVI-0418,2026-08-12T10:50:00Z,online,93,charging,,false,true,
BR-SERVI-0418,2026-08-12T10:51:00Z,online,93,idle,,false,false,
BR-SERVI-0418,2026-08-12T10:52:00Z,offline,93,,,false,false,
BR-SERVI-0418,2026-08-12T10:53:00Z,online,92,idle,,false,false,
BR-SERVI-0418,2026-08-12T10:54:00Z,online,92,idle,,false,false,
BR-SERVI-0418,2026-08-12T10:55:00Z,online,92,idle,,false,false,
BR-SERVI-0418,2026-08-12T10:56:00Z,online,92,idle,,false,false,
BR-SERVI-0418,2026-08-12T10:57:00Z,online,92,idle,,false,false,
BR-SERVI-0418,2026-08-12T10:58:00Z,online,91,idle,,false,false,
BR-SERVI-0418,2026-08-12T10:59:00Z,offline,91,,,false,false,
BR-SERVI-0418,2026-08-12T11:00:00Z,online,91,idle,,false,false,
BR-SERVI-0418,2026-08-12T11:01:00Z,online,91,idle,,false,false,
BR-SERVI-0418,2026-08-12T11:02:00Z,online,91,idle,,false,false,
BR-SERVI-0418,2026-08-12T11:03:00Z,online,90,idle,,false,false,
BR-SERVI-0418,2026-08-12T11:04:00Z,online,90,idle,,false,false,
BR-SERVI-0418,2026-08-12T11:05:00Z,online,90,idle,,false,false,
BR-SERVI-0418,2026-08-12T11:06:00Z,online,90,idle,,false,false,
BR-SERVI-0418,2026-08-12T11:07:00Z,online,90,idle,,false,false,
BR-SERVI-0418,2026-08-12T11:08:00Z,online,89,idle,,false,false,
BR-SERVI-0418,2026-08-12T11:09:00Z,online,89,idle,,false,false,
BR-SERVI-0418,2026-08-12T11:10:00Z,online,88,active,0418-m0000,false,false,
BR-SERVI-0418,2026-08-12T11:11:00Z,online,88,idle,,false,false,
BR-SERVI-0418,2026-08-12T11:12:00Z,online,87,idle,,false,false,
BR-SERVI-0418,2026-08-12T11:13:00Z,online,87,idle,,false,false,
BR-SERVI-0418,2026-08-12T11:14:00Z,online,87,idle,,false,false,
BR-SERVI-0418,2026-08-12T11:15:00Z,online,87,idle,,false,false,
BR-SERVI-0418,2026-08-12T11:16:00Z,online,87,idle,,false,false,
BR-SERVI-0418,2026-08-12T11:17:00Z,online,86,idle,,false,false,
BR-SERVI-0418,2026-08-12T11:18:00Z,online,85,active,0418-m0000,false,false,
BR-SERVI-0418,2026-08-12T11:19:00Z,online,85,idle,,false,false,
BR-SERVI-0418,2026-08-12T11:20:00Z,online,85,idle,,false,false,
BR-SERVI-0418,2026-08-12T11:21:00Z,online,84,idle,,false,false,
BR-SERVI-0418,2026-08-12T11:22:00Z,online,84,idle,,false,false,
BR-SERVI-0418,2026-08-12T11:23:00Z,online,84,idle,,false,false,
BR-SERVI-0418,2026-08-12T11:24:00Z,online,84,idle,,false,false,
BR-SERVI-0418,2026-08-12T11:25:00Z,online,84,idle,,false,false,
BR-SERVI-0418,2026-08-12T11:26:00Z,online,83,idle,,false,false,
BR-SERVI-0418,2026-08-12T11:27:00Z,online,82,active,0418-m0000,false,false,
BR-SERVI-0418,2026-08-12T11:28:00Z,online,82,idle,,false,false,
BR-SERVI-0418,2026-08-12T11:29:00Z,online,82,idle,,false,false,
BR-SERVI-0418,2026-08-12T11:30:00Z,online,81,idle,,false,false,
BR-SERVI-0418,2026-08-12T11:31:00Z,online,81,idle,,false,false,
BR-SERVI-0418,2026-08-12T11:32:00Z,online,81,idle,,false,false,
BR-SERVI-0418,2026-08-12T11:33:00Z,online,81,idle,,false,false,
BR-SERVI-0418,2026-08-12T11:34:00Z,online,81,idle,,false,false,
BR-SERVI-0418,2026-08-12T11:35:00Z,online,79,active,0418-m0000,false,false,
BR-SERVI-0418,2026-08-12T11:36:00Z,online,79,idle,,false,false,
BR-SERVI-0418,2026-08-12T11:37:00Z,online,79,idle,,false,false,
BR-SERVI-0418,2026-08-12T11:38:00Z,online,79,idle,,false,false,
BR-SERVI-0418,2026-08-12T11:39:00Z,online,78,idle,,false,false,
BR-SERVI-0418,2026-08-12T11:40:00Z,online,78,idle,,false,false,
BR-SERVI-0418,2026-08-12T11:41:00Z,online,78,idle,,false,false,
BR-SERVI-0418,2026-08-12T11:42:00Z,online,77,active,0418-m0001,false,false,
BR-SERVI-0418,2026-08-12T11:43:00Z,online,76,idle,,false,false,
BR-SERVI-0418,2026-08-12T11:44:00Z,online,76,idle,,false,false,
BR-SERVI-0418,2026-08-12T11:45:00Z,online,76,idle,,false,false,
BR-SERVI-0418,2026-08-12T11:46:00Z,online,76,idle,,false,false,
BR-SERVI-0418,2026-08-12T11:47:00Z,online,76,idle,,false,false,
BR-SERVI-0418,2026-08-12T11:48:00Z,online,75,idle,,false,false,
BR-SERVI-0418,2026-08-12T11:49:00Z,online,75,idle,,false,false,
BR-SERVI-0418,2026-08-12T11:50:00Z,online,75,idle,,false,false,
BR-SERVI-0418,2026-08-12T11:51:00Z,online,75,idle,,false,false,
BR-SERVI-0418,2026-08-12T11:52:00Z,online,75,idle,,false,false,
BR-SERVI-0418,2026-08-12T11:53:00Z,online,74,idle,,false,false,
BR-SERVI-0418,2026-08-12T11:54:00Z,online,73,active,0418-m0001,false,false,
BR-SERVI-0418,2026-08-12T11:55:00Z,online,73,idle,,false,false,
BR-SERVI-0418,2026-08-12T11:56:00Z,online,73,idle,,false,false,
BR-SERVI-0418,2026-08-12T11:57:00Z,online,72,idle,,false,false,
BR-SERVI-0418,2026-08-12T11:58:00Z,online,72,idle,,false,false,
BR-SERVI-0418,2026-08-12T11:59:00Z,online,72,idle,,false,false,
BR-SERVI-0418,2026-08-12T12:00:00Z,online,72,idle,,false,false,
BR-SERVI-0418,2026-08-12T12:01:00Z,online,72,idle,,false,false,
BR-SERVI-0418,2026-08-12T12:02:00Z,online,71,idle,,false,false,
BR-SERVI-0418,2026-08-12T12:03:00Z,online,71,idle,,false,false,
BR-SERVI-0418,2026-08-12T12:04:00Z,online,71,idle,,false,false,
BR-SERVI-0418,2026-08-12T12:05:00Z,online,71,idle,,false,false,
BR-SERVI-0418,2026-08-12T12:06:00Z,online,71,idle,,false,false,
BR-SERVI-0418,2026-08-12T12:07:00Z,online,70,idle,,false,false,
BR-SERVI-0418,2026-08-12T12:08:00Z,online,70,idle,,false,false,
BR-SERVI-0418,2026-08-12T12:09:00Z,online,70,idle,,false,false,
BR-SERVI-0418,2026-08-12T12:10:00Z,online,70,idle,,false,false,
BR-SERVI-0418,2026-08-12T12:11:00Z,online,70,idle,,false,false,
BR-SERVI-0418,2026-08-12T12:12:00Z,online,69,idle,,false,false,
BR-SERVI-0418,2026-08-12T12:13:00Z,online,69,idle,,false,false,
BR-SERVI-0418,2026-08-12T12:14:00Z,online,69,idle,,false,false,
BR-SERVI-0418,2026-08-12T12:15:00Z,online,69,idle,,false,false,
BR-SERVI-0418,2026-08-12T12:16:00Z,online,69,idle,,false,false,
BR-SERVI-0418,2026-08-12T12:17:00Z,online,68,idle,,false,false,
BR-SERVI-0418,2026-08-12T12:18:00Z,online,68,idle,,false,false,
BR-SERVI-0418,2026-08-12T12:19:00Z,online,68,idle,,false,false,
BR-SERVI-0418,2026-08-12T12:20:00Z,online,68,idle,,false,false,
BR-SERVI-0418,2026-08-12T12:21:00Z,online,68,idle,,false,false,
BR-SERVI-0418,2026-08-12T12:22:00Z,online,67,idle,,false,false,
BR-SERVI-0418,2026-08-12T12:23:00Z,online,67,idle,,false,false,
BR-SERVI-0418,2026-08-12T12:24:00Z,online,67,idle,,false,false,
BR-SERVI-0418,2026-08-12T12:25:00Z,online,66,active,0418-m0001,false,false,
BR-SERVI-0418,2026-08-12T12:26:00Z,online,65,idle,,false,false,
BR-SERVI-0418,2026-08-12T12:27:00Z,online,65,idle,,false,false,
BR-SERVI-0418,2026-08-12T12:28:00Z,online,65,idle,,false,false,
BR-SERVI-0418,2026-08-12T12:29:00Z,online,65,idle,,false,false,
BR-SERVI-0418,2026-08-12T12:30:00Z,online,65,idle,,false,false,
BR-SERVI-0418,2026-08-12T12:31:00Z,online,64,idle,,false,false,
BR-SERVI-0418,2026-08-12T12:32:00Z,online,64,idle,,false,false,
BR-SERVI-0418,2026-08-12T12:33:00Z,online,63,active,0418-m0002,false,false,
BR-SERVI-0418,2026-08-12T12:34:00Z,online,63,idle,,false,false,
BR-SERVI-0418,2026-08-12T12:35:00Z,online,62,idle,,false,false,
BR-SERVI-0418,2026-08-12T12:36:00Z,online,61,active,0418-m0002,false,false,
BR-SERVI-0418,2026-08-12T12:37:00Z,online,61,idle,,false,false,
BR-SERVI-0418,2026-08-12T12:38:00Z,online,59,active,0418-m0003,false,false,
BR-SERVI-0418,2026-08-12T12:39:00Z,online,59,idle,,false,false,
BR-SERVI-0418,2026-08-12T12:40:00Z,online,59,idle,,false,false,
BR-SERVI-0418,2026-08-12T12:41:00Z,online,58,active,0418-m0003,false,false,
BR-SERVI-0418,2026-08-12T12:42:00Z,online,57,idle,,false,false,
BR-SERVI-0418,2026-08-12T12:43:00Z,online,57,idle,,false,false,
BR-SERVI-0418,2026-08-12T12:44:00Z,online,56,active,0418-m0004,false,false,
BR-SERVI-0418,2026-08-12T12:45:00Z,online,56,idle,,false,false,
BR-SERVI-0418,2026-08-12T12:46:00Z,online,55,idle,,false,false,
BR-SERVI-0418,2026-08-12T12:47:00Z,online,54,active,0418-m0004,false,false,
BR-SERVI-0418,2026-08-12T12:48:00Z,online,54,idle,,false,false,
BR-SERVI-0418,2026-08-12T12:49:00Z,online,54,idle,,false,false,
BR-SERVI-0418,2026-08-12T12:50:00Z,online,53,idle,,false,false,
BR-SERVI-0418,2026-08-12T12:51:00Z,online,53,idle,,false,false,
BR-SERVI-0418,2026-08-12T12:52:00Z,online,53,idle,,false,false,
BR-SERVI-0418,2026-08-12T12:53:00Z,online,53,idle,,false,false,
BR-SERVI-0418,2026-08-12T12:54:00Z,online,53,idle,,false,false,
BR-SERVI-0418,2026-08-12T12:55:00Z,online,52,idle,,false,false,
BR-SERVI-0418,2026-08-12T12:56:00Z,online,52,idle,,false,false,
BR-SERVI-0418,2026-08-12T12:57:00Z,online,52,idle,,false,false,
BR-SERVI-0418,2026-08-12T12:58:00Z,online,52,idle,,false,false,
BR-SERVI-0418,2026-08-12T12:59:00Z,online,52,idle,,false,false,
BR-SERVI-0418,2026-08-12T13:00:00Z,online,51,idle,,false,false,
BR-SERVI-0418,2026-08-12T13:01:00Z,online,51,idle,,false,false,
BR-SERVI-0418,2026-08-12T13:02:00Z,online,51,idle,,false,false,
BR-SERVI-0418,2026-08-12T13:03:00Z,online,51,idle,,false,false,
BR-SERVI-0418,2026-08-12T13:04:00Z,online,51,idle,,false,false,
BR-SERVI-0418,2026-08-12T13:05:00Z,online,50,idle,,false,false,
BR-SERVI-0418,2026-08-12T13:06:00Z,online,50,idle,,false,false,
BR-SERVI-0418,2026-08-12T13:07:00Z,online,50,idle,,false,false,
BR-SERVI-0418,2026-08-12T13:08:00Z,online,50,idle,,false,false,
BR-SERVI-0418,2026-08-12T13:09:00Z,online,50,idle,,false,false,
BR-SERVI-0418,2026-08-12T13:10:00Z,online,49,idle,,false,false,
BR-SERVI-0418,2026-08-12T13:11:00Z,online,49,idle,,false,false,
BR-SERVI-0418,2026-08-12T13:12:00Z,online,48,active,0418-m0004,false,false,
BR-SERVI-0418,2026-08-12T13:13:00Z,online,48,idle,,false,false,
BR-SERVI-0418,2026-08-12T13:14:00Z,online,47,idle,,false,false,
BR-SERVI-0418,2026-08-12T13:15:00Z,online,47,idle,,false,false,
BR-SERVI-0418,2026-08-12T13:16:00Z,online,47,idle,,false,false,
BR-SERVI-0418,2026-08-12T13:17:00Z,online,47,idle,,false,false,
BR-SERVI-0418,2026-08-12T13:18:00Z,online,45,active,0418-m0004,false,false,
BR-SERVI-0418,2026-08-12T13:19:00Z,online,45,idle,,false,false,
BR-SERVI-0418,2026-08-12T13:20:00Z,online,45,idle,,false,false,
BR-SERVI-0418,2026-08-12T13:21:00Z,online,45,idle,,false,false,
BR-SERVI-0418,2026-08-12T13:22:00Z,online,45,idle,,false,false,
BR-SERVI-0418,2026-08-12T13:23:00Z,online,44,idle,,false,false,
BR-SERVI-0418,2026-08-12T13:24:00Z,online,44,idle,,false,false,
BR-SERVI-0418,2026-08-12T13:25:00Z,online,44,idle,,false,false,
BR-SERVI-0418,2026-08-12T13:26:00Z,online,43,active,0418-m0005,false,false,
BR-SERVI-0418,2026-08-12T13:27:00Z,online,42,idle,,false,false,
BR-SERVI-0418,2026-08-12T13:28:00Z,online,41,active,0418-m0005,false,false,
BR-SERVI-0418,2026-08-12T13:29:00Z,online,41,idle,,false,false,
BR-SERVI-0418,2026-08-12T13:30:00Z,online,41,idle,,false,false,
BR-SERVI-0418,2026-08-12T13:31:00Z,online,40,idle,,false,false,
BR-SERVI-0418,2026-08-12T13:32:00Z,online,40,idle,,false,false,
BR-SERVI-0418,2026-08-12T13:33:00Z,online,40,idle,,false,false,
BR-SERVI-0418,2026-08-12T13:34:00Z,online,40,idle,,false,false,
BR-SERVI-0418,2026-08-12T13:35:00Z,online,40,idle,,false,false,
BR-SERVI-0418,2026-08-12T13:36:00Z,online,39,idle,,false,false,
BR-SERVI-0418,2026-08-12T13:37:00Z,online,39,idle,,false,false,
BR-SERVI-0418,2026-08-12T13:38:00Z,online,39,idle,,false,false,
BR-SERVI-0418,2026-08-12T13:39:00Z,online,39,idle,,false,false,
BR-SERVI-0418,2026-08-12T13:40:00Z,online,39,idle,,false,false,
BR-SERVI-0418,2026-08-12T13:41:00Z,online,37,active,0418-m0005,false,false,
BR-SERVI-0418,2026-08-12T13:42:00Z,online,37,idle,,false,false,
BR-SERVI-0418,2026-08-12T13:43:00Z,online,37,idle,,false,false,
BR-SERVI-0418,2026-08-12T13:44:00Z,online,37,idle,,false,false,
BR-SERVI-0418,2026-08-12T13:45:00Z,online,36,idle,,false,false,
BR-SERVI-0418,2026-08-12T13:46:00Z,online,36,idle,,false,false,
BR-SERVI-0418,2026-08-12T13:47:00Z,online,36,idle,,false,false,
BR-SERVI-0418,2026-08-12T13:48:00Z,online,36,idle,,false,false,
BR-SERVI-0418,2026-08-12T13:49:00Z,online,36,idle,,false,false,
BR-SERVI-0418,2026-08-12T13:50:00Z,online,35,idle,,false,false,
BR-SERVI-0418,2026-08-12T13:51:00Z,online,35,idle,,false,false,
BR-SERVI-0418,2026-08-12T13:52:00Z,online,34,active,0418-m0005,false,false,
BR-SERVI-0418,2026-08-12T13:53:00Z,online,34,idle,,false,false,
BR-SERVI-0418,2026-08-12T13:54:00Z,online,33,idle,,false,false,
BR-SERVI-0418,2026-08-12T13:55:00Z,online,33,idle,,false,false,
BR-SERVI-0418,2026-08-12T13:56:00Z,online,32,active,0418-m0006,false,false,
BR-SERVI-0418,2026-08-12T13:57:00Z,online,30,active,0418-m0007,false,false,
BR-SERVI-0418,2026-08-12T13:58:00Z,online,29,active,0418-m0007,false,false,
BR-SERVI-0418,2026-08-12T13:59:00Z,online,28,active,0418-m0008,false,false,
BR-SERVI-0418,2026-08-12T14:00:00Z,online,27,idle,,false,false,
BR-SERVI-0418,2026-08-12T14:01:00Z,online,27,idle,,false,false,
BR-SERVI-0418,2026-08-12T14:02:00Z,online,27,idle,,false,false,
BR-SERVI-0418,2026-08-12T14:03:00Z,online,27,idle,,false,false,
BR-SERVI-0418,2026-08-12T14:04:00Z,online,25,active,0418-m0008,false,false,
BR-SERVI-0418,2026-08-12T14:05:00Z,online,25,idle,,false,false,
BR-SERVI-0418,2026-08-12T14:06:00Z,online,25,idle,,false,false,
BR-SERVI-0418,2026-08-12T14:07:00Z,online,24,active,0418-m0008,false,false,
BR-SERVI-0418,2026-08-12T14:08:00Z,online,23,idle,,false,false,
BR-SERVI-0418,2026-08-12T14:09:00Z,online,23,idle,,false,false,
BR-SERVI-0418,2026-08-12T14:10:00Z,online,23,idle,,false,false,
BR-SERVI-0418,2026-08-12T14:11:00Z,online,23,idle,,false,false,
BR-SERVI-0418,2026-08-12T14:12:00Z,online,23,idle,,false,false,
BR-SERVI-0418,2026-08-12T14:13:00Z,online,22,idle,,false,false,
BR-SERVI-0418,2026-08-12T14:14:00Z,online,22,idle,,false,false,
BR-SERVI-0418,2026-08-12T14:15:00Z,online,22,idle,,false,false,
BR-SERVI-0418,2026-08-12T14:16:00Z,online,22,idle,,false,false,
BR-SERVI-0418,2026-08-12T14:17:00Z,online,22,idle,,false,false,
BR-SERVI-0418,2026-08-12T14:18:00Z,online,21,idle,,false,false,
BR-SERVI-0418,2026-08-12T14:19:00Z,online,21,idle,,false,false,
BR-SERVI-0418,2026-08-12T14:20:00Z,online,21,idle,,false,false,
BR-SERVI-0418,2026-08-12T14:21:00Z,online,21,idle,,false,false,
BR-SERVI-0418,2026-08-12T14:22:00Z,online,21,idle,,false,false,
BR-SERVI-0418,2026-08-12T14:23:00Z,online,20,idle,,false,false,
BR-SERVI-0418,2026-08-12T14:24:00Z,online,19,active,0418-m0008,false,false,
BR-SERVI-0418,2026-08-12T14:25:00Z,online,19,idle,,false,false,
BR-SERVI-0418,2026-08-12T14:26:00Z,online,19,idle,,false,false,
BR-SERVI-0418,2026-08-12T14:27:00Z,online,18,idle,,false,false,
BR-SERVI-0418,2026-08-12T14:28:00Z,online,18,idle,,false,false,
BR-SERVI-0418,2026-08-12T14:29:00Z,online,18,idle,,false,false,
BR-SERVI-0418,2026-08-12T14:30:00Z,online,18,idle,,false,false,
BR-SERVI-0418,2026-08-12T14:31:00Z,online,18,idle,,false,false,
BR-SERVI-0418,2026-08-12T14:32:00Z,online,17,idle,,false,false,
BR-SERVI-0418,2026-08-12T14:33:00Z,online,17,idle,,false,false,
BR-SERVI-0418,2026-08-12T14:34:00Z,online,17,idle,,false,false,
BR-SERVI-0418,2026-08-12T14:35:00Z,online,17,idle,,false,false,
BR-SERVI-0418,2026-08-12T14:36:00Z,online,17,idle,,false,false,
BR-SERVI-0418,2026-08-12T14:37:00Z,online,16,idle,,false,false,
BR-SERVI-0418,2026-08-12T14:38:00Z,online,16,idle,,false,false,
BR-SERVI-0418,2026-08-12T14:39:00Z,online,16,idle,,false,false,
BR-SERVI-0418,2026-08-12T14:40:00Z,online,16,idle,,false,false,
BR-SERVI-0418,2026-08-12T14:41:00Z,online,14,active,0418-m0008,false,false,
BR-SERVI-0418,2026-08-12T14:42:00Z,online,13,active,0418-m0008,false,false,
BR-SERVI-0418,2026-08-12T14:43:00Z,online,13,idle,,false,false,
BR-SERVI-0418,2026-08-12T14:44:00Z,online,13,idle,,false,false,
BR-SERVI-0418,2026-08-12T14:45:00Z,online,12,idle,,false,false,
BR-SERVI-0418,2026-08-12T14:46:00Z,online,12,idle,,false,false,
BR-SERVI-0418,2026-08-12T14:47:00Z,online,12,idle,,false,false,
BR-SERVI-0418,2026-08-12T14:48:00Z,online,12,idle,,false,false,
BR-SERVI-0418,2026-08-12T14:49:00Z,online,12,idle,,false,false,
BR-SERVI-0418,2026-08-12T14:50:00Z,online,12,idle,,false,false,
BR-SERVI-0418,2026-08-12T14:51:00Z,online,12,active,0418-m0008,false,false,
BR-SERVI-0418,2026-08-12T14:52:00Z,online,12,idle,,false,false,
BR-SERVI-0418,2026-08-12T14:53:00Z,online,12,idle,,false,false,
BR-SERVI-0418,2026-08-12T14:54:00Z,online,12,idle,,false,false,
BR-SERVI-0418,2026-08-12T14:55:00Z,online,12,idle,,false,false,
BR-SERVI-0418,2026-08-12T14:56:00Z,online,12,idle,,false,false,
BR-SERVI-0418,2026-08-12T14:57:00Z,online,12,active,0418-m0008,false,false,
BR-SERVI-0418,2026-08-12T14:58:00Z,online,12,idle,,false,false,
BR-SERVI-0418,2026-08-12T14:59:00Z,online,12,idle,,false,false,
BR-SERVI-0418,2026-08-12T15:00:00Z,online,12,idle,,false,false,
BR-SERVI-0418,2026-08-12T15:01:00Z,online,12,idle,,false,false,
BR-SERVI-0418,2026-08-12T15:02:00Z,online,12,idle,,false,false,
BR-SERVI-0418,2026-08-12T15:03:00Z,online,12,active,0418-m0008,false,false,
BR-SERVI-0418,2026-08-12T15:04:00Z,online,12,idle,,false,false,
BR-SERVI-0418,2026-08-12T15:05:00Z,online,12,idle,,false,false,
BR-SERVI-0418,2026-08-12T15:06:00Z,online,12,idle,,false,false,
BR-SERVI-0418,2026-08-12T15:07:00Z,online,12,idle,,false,false,
BR-SERVI-0418,2026-08-12T15:08:00Z,online,12,idle,,false,false,
BR-SERVI-0418,2026-08-12T15:09:00Z,online,12,idle,,false,false,
BR-SERVI-0418,2026-08-12T15:10:00Z,online,12,idle,,false,false,
BR-SERVI-0418,2026-08-12T15:11:00Z,online,12,idle,,false,false,
BR-SERVI-0418,2026-08-12T15:12:00Z,online,12,idle,,false,false,
BR-SERVI-0418,2026-08-12T15:13:00Z,online,12,idle,,false,false,
BR-SERVI-0418,2026-08-12T15:14:00Z,online,12,active,0418-m0009,false,false,
BR-SERVI-0418,2026-08-12T15:15:00Z,online,12,idle,,false,false,
BR-SERVI-0418,2026-08-12T15:16:00Z,online,12,idle,,false,false,
BR-SERVI-0418,2026-08-12T15:17:00Z,online,12,idle,,false,false,
BR-SERVI-0418,2026-08-12T15:18:00Z,online,12,idle,,false,false,
BR-SERVI-0418,2026-08-12T15:19:00Z,online,12,idle,,false,false,
BR-SERVI-0418,2026-08-12T15:20:00Z,online,12,idle,,false,false,
BR-SERVI-0418,2026-08-12T15:21:00Z,online,12,idle,,false,false,
BR-SERVI-0418,2026-08-12T15:22:00Z,online,12,idle,,false,false,
BR-SERVI-0418,2026-08-12T15:23:00Z,online,12,idle,,false,false,
BR-SERVI-0418,2026-08-12T15:24:00Z,online,12,idle,,false,false,
BR-SERVI-0418,2026-08-12T15:25:00Z,online,12,idle,,false,false,
BR-SERVI-0418,2026-08-12T15:26:00Z,online,12,idle,,false,false,
BR-SERVI-0418,2026-08-12T15:27:00Z,online,12,idle,,false,false,
BR-SERVI-0418,2026-08-12T15:28:00Z,online,12,idle,,false,false,
BR-SERVI-0418,2026-08-12T15:29:00Z,online,12,idle,,false,false,
BR-SERVI-0418,2026-08-12T15:30:00Z,online,12,idle,,false,false,
BR-SERVI-0418,2026-08-12T15:31:00Z,online,12,idle,,false,false,
BR-SERVI-0418,2026-08-12T15:32:00Z,online,12,idle,,false,false,
BR-SERVI-0418,2026-08-12T15:33:00Z,online,12,idle,,false,false,
BR-SERVI-0418,2026-08-12T15:34:00Z,online,12,idle,,false,false,
BR-SERVI-0418,2026-08-12T15:35:00Z,online,12,idle,,false,false,
BR-SERVI-0418,2026-08-12T15:36:00Z,online,12,idle,,false,false,
BR-SERVI-0418,2026-08-12T15:37:00Z,online,12,idle,,false,false,
BR-SERVI-0418,2026-08-12T15:38:00Z,online,12,idle,,false,false,
BR-SERVI-0418,2026-08-12T15:39:00Z,online,12,idle,,false,false,
BR-SERVI-0418,2026-08-12T15:40:00Z,online,12,idle,,false,false,
BR-SERVI-0418,2026-08-12T15:41:00Z,online,12,idle,,false,false,
BR-SERVI-0418,2026-08-12T15:42:00Z,online,12,active,0418-m0009,false,false,
BR-SERVI-0418,2026-08-12T15:43:00Z,online,12,active,0418-m0010,false,false,
BR-SERVI-0418,2026-08-12T15:44:00Z,online,12,idle,,false,false,
BR-SERVI-0418,2026-08-12T15:45:00Z,online,12,idle,,false,false,
BR-SERVI-0418,2026-08-12T15:46:00Z,online,12,idle,,false,false,
BR-SERVI-0418,2026-08-12T15:47:00Z,online,12,active,0418-m0010,false,false,
BR-SERVI-0418,2026-08-12T15:48:00Z,online,12,idle,,false,false,
BR-SERVI-0418,2026-08-12T15:49:00Z,online,12,idle,,false,false,
BR-SERVI-0418,2026-08-12T15:50:00Z,online,12,idle,,false,false,
BR-SERVI-0418,2026-08-12T15:51:00Z,online,12,active,0418-m0010,false,false,
BR-SERVI-0418,2026-08-12T15:52:00Z,online,12,idle,,false,false,
BR-SERVI-0418,2026-08-12T15:53:00Z,online,12,idle,,false,false,
BR-SERVI-0418,2026-08-12T15:54:00Z,online,12,idle,,false,false,
BR-SERVI-0418,2026-08-12T15:55:00Z,online,12,idle,,false,false,
BR-SERVI-0418,2026-08-12T15:56:00Z,online,12,idle,,false,false,
BR-SERVI-0418,2026-08-12T15:57:00Z,online,12,idle,,false,false,
BR-SERVI-0418,2026-08-12T15:58:00Z,online,12,idle,,false,false,
BR-SERVI-0418,2026-08-12T15:59:00Z,online,12,idle,,false,false,
BR-SERVI-0418,2026-08-12T16:00:00Z,online,12,idle,,false,false,
BR-SERVI-0418,2026-08-12T16:01:00Z,online,12,active,0418-m0011,false,false,
BR-SERVI-0418,2026-08-12T16:02:00Z,online,12,idle,,false,false,
BR-SERVI-0418,2026-08-12T16:03:00Z,online,12,active,0418-m0012,false,false,
BR-SERVI-0418,2026-08-12T16:04:00Z,online,12,active,0418-m0013,false,false,
BR-SERVI-0418,2026-08-12T16:05:00Z,online,12,idle,,false,false,
BR-SERVI-0418,2026-08-12T16:06:00Z,online,12,active,0418-m0013,false,false,
BR-SERVI-0418,2026-08-12T16:07:00Z,online,12,idle,,false,false,
BR-SERVI-0418,2026-08-12T16:08:00Z,online,12,idle,,false,false,
BR-SERVI-0418,2026-08-12T16:09:00Z,online,12,idle,,false,false,
BR-SERVI-0418,2026-08-12T16:10:00Z,online,12,idle,,false,false,
BR-SERVI-0418,2026-08-12T16:11:00Z,online,12,idle,,false,false,
BR-SERVI-0418,2026-08-12T16:12:00Z,online,12,idle,,false,false,
BR-SERVI-0418,2026-08-12T16:13:00Z,online,12,idle,,false,false,
BR-SERVI-0418,2026-08-12T16:14:00Z,online,12,idle,,false,false,
BR-SERVI-0418,2026-08-12T16:15:00Z,online,12,idle,,false,false,
BR-SERVI-0418,2026-08-12T16:16:00Z,online,12,idle,,false,false,
BR-SERVI-0418,2026-08-12T16:17:00Z,online,12,active,0418-m0013,false,false,
BR-SERVI-0418,2026-08-12T16:18:00Z,online,12,idle,,false,false,
BR-SERVI-0418,2026-08-12T16:19:00Z,online,12,idle,,false,false,
BR-SERVI-0418,2026-08-12T16:20:00Z,online,12,idle,,false,false,
BR-SERVI-0418,2026-08-12T16:21:00Z,online,12,idle,,false,false,
BR-SERVI-0418,2026-08-12T16:22:00Z,online,12,idle,,false,false,
BR-SERVI-0418,2026-08-12T16:23:00Z,online,12,idle,,false,false,
BR-SERVI-0418,2026-08-12T16:24:00Z,online,12,idle,,false,false,
BR-SERVI-0418,2026-08-12T16:25:00Z,online,12,idle,,false,false,
BR-SERVI-0418,2026-08-12T16:26:00Z,online,12,idle,,false,false,
BR-SERVI-0418,2026-08-12T16:27:00Z,online,12,idle,,false,false,
BR-SERVI-0418,2026-08-12T16:28:00Z,online,12,idle,,false,false,
BR-SERVI-0418,2026-08-12T16:29:00Z,online,12,idle,,false,false,
BR-SERVI-0418,2026-08-12T16:30:00Z,online,12,idle,,false,false,
BR-SERVI-0418,2026-08-12T16:31:00Z,online,12,active,0418-m0014,false,false,
BR-SERVI-0418,2026-08-12T16:32:00Z,online,12,idle,,false,false,
BR-SERVI-0418,2026-08-12T16:33:00Z,online,12,idle,,false,false,
BR-SERVI-0418,2026-08-12T16:34:00Z,online,12,idle,,false,false,
BR-SERVI-0418,2026-08-12T16:35:00Z,online,12,idle,,false,false,
BR-SERVI-0418,2026-08-12T16:36:00Z,online,12,idle,,false,false,
BR-SERVI-0418,2026-08-12T16:37:00Z,online,12,idle,,false,false,
BR-SERVI-0418,2026-08-12T16:38:00Z,online,12,idle,,false,false,
BR-SERVI-0418,2026-08-12T16:39:00Z,online,12,active,0418-m0015,false,false,
BR-SERVI-0418,2026-08-12T16:40:00Z,online,12,idle,,false,false,
BR-SERVI-0418,2026-08-12T16:41:00Z,online,12,idle,,false,false,
BR-SERVI-0418,2026-08-12T16:42:00Z,online,12,active,0418-m0016,false,false,
BR-SERVI-0418,2026-08-12T16:43:00Z,online,12,idle,,false,false,
BR-SERVI-0418,2026-08-12T16:44:00Z,online,12,active,0418-m0016,false,false,
BR-SERVI-0418,2026-08-12T16:45:00Z,online,12,idle,,false,false,
BR-SERVI-0418,2026-08-12T16:46:00Z,online,12,idle,,false,false,
BR-SERVI-0418,2026-08-12T16:47:00Z,online,12,active,0418-m0016,false,false,
BR-SERVI-0418,2026-08-12T16:48:00Z,online,12,idle,,false,false,
BR-SERVI-0418,2026-08-12T16:49:00Z,online,12,idle,,false,false,
BR-SERVI-0418,2026-08-12T16:50:00Z,online,12,idle,,false,false,
BR-SERVI-0418,2026-08-12T16:51:00Z,online,12,idle,,false,false,
BR-SERVI-0418,2026-08-12T16:52:00Z,online,12,idle,,false,false,
BR-SERVI-0418,2026-08-12T16:53:00Z,online,12,idle,,false,false,
BR-SERVI-0418,2026-08-12T16:54:00Z,online,12,idle,,false,false,
BR-SERVI-0418,2026-08-12T16:55:00Z,online,12,idle,,false,false,
BR-SERVI-0418,2026-08-12T16:56:00Z,online,12,idle,,false,false,
BR-SERVI-0418,2026-08-12T16:57:00Z,online,12,idle,,false,false,
BR-SERVI-0418,2026-08-12T16:58:00Z,online,12,active,0418-m0016,false,false,
BR-SERVI-0418,2026-08-12T16:59:00Z,online,12,active,0418-m0017,false,false,
BR-SERVI-0418,2026-08-12T17:00:00Z,online,12,idle,,false,false,
BR-SERVI-0418,2026-08-12T17:01:00Z,online,12,idle,,false,false,
BR-SERVI-0418,2026-08-12T17:02:00Z,online,12,idle,,false,false,
BR-SERVI-0418,2026-08-12T17:03:00Z,online,12,active,0418-m0018,false,false,
BR-SERVI-0418,2026-08-12T17:04:00Z,online,12,idle,,false,false,
BR-SERVI-0418,2026-08-12T17:05:00Z,online,12,idle,,false,false,
BR-SERVI-0418,2026-08-12T17:06:00Z,online,12,idle,,false,false,
BR-SERVI-0418,2026-08-12T17:07:00Z,online,12,idle,,false,false,
BR-SERVI-0418,2026-08-12T17:08:00Z,online,12,idle,,false,false,
BR-SERVI-0418,2026-08-12T17:09:00Z,online,12,idle,,false,false,
BR-SERVI-0418,2026-08-12T17:10:00Z,online,12,idle,,false,false,
BR-SERVI-0418,2026-08-12T17:11:00Z,online,12,idle,,false,false,
BR-SERVI-0418,2026-08-12T17:12:00Z,online,12,idle,,false,false,
BR-SERVI-0418,2026-08-12T17:13:00Z,online,12,idle,,false,false,
BR-SERVI-0418,2026-08-12T17:14:00Z,online,12,idle,,false,false,
BR-SERVI-0418,2026-08-12T17:15:00Z,online,12,idle,,false,false,
BR-SERVI-0418,2026-08-12T17:16:00Z,online,12,idle,,false,false,
BR-SERVI-0418,2026-08-12T17:17:00Z,online,12,idle,,false,false,
BR-SERVI-0418,2026-08-12T17:18:00Z,online,12,idle,,false,false,
BR-SERVI-0418,2026-08-12T17:19:00Z,online,12,idle,,false,false,
BR-SERVI-0418,2026-08-12T17:20:00Z,online,12,idle,,false,false,
BR-SERVI-0418,2026-08-12T17:21:00Z,online,12,idle,,false,false,
BR-SERVI-0418,2026-08-12T17:22:00Z,online,12,idle,,false,false,
BR-SERVI-0418,2026-08-12T17:23:00Z,online,12,idle,,false,false,
BR-SERVI-0418,2026-08-12T17:24:00Z,online,12,idle,,false,false,
BR-SERVI-0418,2026-08-12T17:25:00Z,online,12,idle,,false,false,
BR-SERVI-0418,2026-08-12T17:26:00Z,online,12,active,0418-m0018,false,false,
BR-SERVI-0418,2026-08-12T17:27:00Z,online,12,idle,,false,false,
BR-SERVI-0418,2026-08-12T17:28:00Z,online,12,active,0418-m0019,false,false,
BR-SERVI-0418,2026-08-12T17:29:00Z,online,12,idle,,false,false,
BR-SERVI-0418,2026-08-12T17:30:00Z,online,12,idle,,false,false,
BR-SERVI-0418,2026-08-12T17:31:00Z,online,12,idle,,false,false,
BR-SERVI-0418,2026-08-12T17:32:00Z,online,12,idle,,false,false,
BR-SERVI-0418,2026-08-12T17:33:00Z,online,12,idle,,false,false,
BR-SERVI-0418,2026-08-12T17:34:00Z,online,12,idle,,false,false,
BR-SERVI-0418,2026-08-12T17:35:00Z,online,12,idle,,false,false,
BR-SERVI-0418,2026-08-12T17:36:00Z,online,12,idle,,false,false,
BR-SERVI-0418,2026-08-12T17:37:00Z,online,12,active,0418-m0019,false,false,
BR-SERVI-0418,2026-08-12T17:38:00Z,online,12,idle,,false,false,
BR-SERVI-0418,2026-08-12T17:39:00Z,online,12,idle,,false,false,
BR-SERVI-0418,2026-08-12T17:40:00Z,online,12,idle,,false,false,
BR-SERVI-0418,2026-08-12T17:41:00Z,online,12,idle,,false,false,
BR-SERVI-0418,2026-08-12T17:42:00Z,online,12,active,0418-m0019,false,false,
BR-SERVI-0418,2026-08-12T17:43:00Z,online,12,idle,,false,false,
BR-SERVI-0418,2026-08-12T17:44:00Z,online,12,idle,,false,false,
BR-SERVI-0418,2026-08-12T17:45:00Z,online,12,idle,,false,false,
BR-SERVI-0418,2026-08-12T17:46:00Z,online,12,idle,,false,false,
BR-SERVI-0418,2026-08-12T17:47:00Z,online,12,idle,,false,false,
BR-SERVI-0418,2026-08-12T17:48:00Z,online,12,idle,,false,false,
BR-SERVI-0418,2026-08-12T17:49:00Z,online,12,idle,,false,false,
BR-SERVI-0418,2026-08-12T17:50:00Z,online,12,idle,,false,false,
BR-SERVI-0418,2026-08-12T17:51:00Z,online,12,active,0418-m0019,false,false,
BR-SERVI-0418,2026-08-12T17:52:00Z,online,12,idle,,false,false,
BR-SERVI-0418,2026-08-12T17:53:00Z,online,12,idle,,false,false,
BR-SERVI-0418,2026-08-12T17:54:00Z,online,12,idle,,false,false,
BR-SERVI-0418,2026-08-12T17:55:00Z,online,12,idle,,false,false,
BR-SERVI-0418,2026-08-12T17:56:00Z,online,12,idle,,false,false,
BR-SERVI-0418,2026-08-12T17:57:00Z,online,12,idle,,false,false,
BR-SERVI-0418,2026-08-12T17:58:00Z,online,12,idle,,false,false,
BR-SERVI-0418,2026-08-12T17:59:00Z,online,12,idle,,false,false,
BR-SERVI-0418,2026-08-12T18:00:00Z,online,12,idle,,false,false,
BR-SERVI-0418,2026-08-12T18:01:00Z,online,12,idle,,false,false,
BR-SERVI-0418,2026-08-12T18:02:00Z,online,12,idle,,false,false,
BR-SERVI-0418,2026-08-12T18:03:00Z,online,12,idle,,false,false,
BR-SERVI-0418,2026-08-12T18:04:00Z,online,12,active,0418-m0020,false,false,
BR-SERVI-0418,2026-08-12T18:05:00Z,online,12,idle,,false,false,
BR-SERVI-0418,2026-08-12T18:06:00Z,online,12,idle,,false,false,
BR-SERVI-0418,2026-08-12T18:07:00Z,online,12,idle,,false,false,
BR-SERVI-0418,2026-08-12T18:08:00Z,online,12,active,0418-m0020,false,false,
BR-SERVI-0418,2026-08-12T18:09:00Z,online,12,active,0418-m0021,false,false,
BR-SERVI-0418,2026-08-12T18:10:00Z,online,12,idle,,false,false,
BR-SERVI-0418,2026-08-12T18:11:00Z,online,12,idle,,false,false,
BR-SERVI-0418,2026-08-12T18:12:00Z,online,12,idle,,false,false,
BR-SERVI-0418,2026-08-12T18:13:00Z,online,12,idle,,false,false,
BR-SERVI-0418,2026-08-12T18:14:00Z,online,12,idle,,false,false,
BR-SERVI-0418,2026-08-12T18:15:00Z,online,12,idle,,false,false,
BR-SERVI-0418,2026-08-12T18:16:00Z,online,12,idle,,false,false,
BR-SERVI-0418,2026-08-12T18:17:00Z,online,12,active,0418-m0021,false,false,
BR-SERVI-0418,2026-08-12T18:18:00Z,online,12,idle,,false,false,
BR-SERVI-0418,2026-08-12T18:19:00Z,online,12,active,0418-m0021,false,false,
BR-SERVI-0418,2026-08-12T18:20:00Z,online,12,idle,,false,false,
BR-SERVI-0418,2026-08-12T18:21:00Z,online,12,idle,,false,false,
BR-SERVI-0418,2026-08-12T18:22:00Z,online,12,idle,,false,false,
BR-SERVI-0418,2026-08-12T18:23:00Z,online,12,idle,,false,false,
BR-SERVI-0418,2026-08-12T18:24:00Z,online,12,idle,,false,false,
BR-SERVI-0418,2026-08-12T18:25:00Z,online,12,idle,,false,false,
BR-SERVI-0418,2026-08-12T18:26:00Z,online,12,idle,,false,false,
BR-SERVI-0418,2026-08-12T18:27:00Z,online,12,idle,,false,false,
BR-SERVI-0418,2026-08-12T18:28:00Z,online,12,idle,,false,false,
BR-SERVI-0418,2026-08-12T18:29:00Z,online,12,idle,,false,false,
BR-SERVI-0418,2026-08-12T18:30:00Z,online,12,active,0418-m0021,false,false,
BR-SERVI-0418,2026-08-12T18:31:00Z,online,12,idle,,false,false,
BR-SERVI-0418,2026-08-12T18:32:00Z,online,12,idle,,false,false,
BR-SERVI-0418,2026-08-12T18:33:00Z,online,12,idle,,false,false,
BR-SERVI-0418,2026-08-12T18:34:00Z,online,12,active,0418-m0021,false,false,
BR-SERVI-0418,2026-08-12T18:35:00Z,online,12,idle,,false,false,
BR-SERVI-0418,2026-08-12T18:36:00Z,online,12,active,0418-m0021,false,false,
BR-SERVI-0418,2026-08-12T18:37:00Z,online,12,idle,,false,false,
BR-SERVI-0418,2026-08-12T18:38:00Z,online,12,idle,,false,false,
BR-SERVI-0418,2026-08-12T18:39:00Z,online,12,idle,,false,false,
BR-SERVI-0418,2026-08-12T18:40:00Z,online,12,idle,,false,false,
BR-SERVI-0418,2026-08-12T18:41:00Z,online,12,idle,,false,false,
BR-SERVI-0418,2026-08-12T18:42:00Z,online,12,idle,,false,false,
BR-SERVI-0418,2026-08-12T18:43:00Z,online,12,active,0418-m0022,false,false,
BR-SERVI-0418,2026-08-12T18:44:00Z,online,12,active,0418-m0022,false,false,
BR-SERVI-0418,2026-08-12T18:45:00Z,online,12,idle,,false,false,
BR-SERVI-0418,2026-08-12T18:46:00Z,online,12,idle,,false,false,
BR-SERVI-0418,2026-08-12T18:47:00Z,online,12,idle,,false,false,
BR-SERVI-0418,2026-08-12T18:48:00Z,online,12,idle,,false,false,
BR-SERVI-0418,2026-08-12T18:49:00Z,online,12,idle,,false,false,
BR-SERVI-0418,2026-08-12T18:50:00Z,online,12,idle,,false,false,
BR-SERVI-0418,2026-08-12T18:51:00Z,online,12,idle,,false,false,
BR-SERVI-0418,2026-08-12T18:52:00Z,online,12,idle,,false,false,
BR-SERVI-0418,2026-08-12T18:53:00Z,online,12,active,0418-m0022,false,false,
BR-SERVI-0418,2026-08-12T18:54:00Z,online,12,idle,,false,false,
BR-SERVI-0418,2026-08-12T18:55:00Z,online,12,idle,,false,false,
BR-SERVI-0418,2026-08-12T18:56:00Z,online,12,idle,,false,false,
BR-SERVI-0418,2026-08-12T18:57:00Z,online,12,idle,,false,false,
BR-SERVI-0418,2026-08-12T18:58:00Z,online,12,idle,,false,false,
BR-SERVI-0418,2026-08-12T18:59:00Z,online,12,idle,,false,false,
BR-SERVI-0418,2026-08-12T19:00:00Z,online,12,idle,,false,false,
BR-SERVI-0418,2026-08-12T19:01:00Z,online,12,idle,,false,false,
BR-SERVI-0418,2026-08-12T19:02:00Z,online,12,idle,,false,false,
BR-SERVI-0418,2026-08-12T19:03:00Z,online,12,idle,,false,false,
BR-SERVI-0418,2026-08-12T19:04:00Z,online,12,idle,,false,false,
BR-SERVI-0418,2026-08-12T19:05:00Z,online,12,idle,,false,false,
BR-SERVI-0418,2026-08-12T19:06:00Z,online,12,idle,,false,false,
BR-SERVI-0418,2026-08-12T19:07:00Z,online,12,idle,,false,false,
BR-SERVI-0418,2026-08-12T19:08:00Z,online,12,idle,,false,false,
BR-SERVI-0418,2026-08-12T19:09:00Z,online,12,idle,,false,false,
BR-SERVI-0418,2026-08-12T19:10:00Z,online,12,idle,,false,false,
BR-SERVI-0418,2026-08-12T19:11:00Z,online,12,idle,,false,false,
BR-SERVI-0418,2026-08-12T19:12:00Z,online,12,idle,,false,false,
BR-SERVI-0418,2026-08-12T19:13:00Z,online,12,idle,,false,false,
BR-SERVI-0418,2026-08-12T19:14:00Z,online,12,idle,,false,false,
BR-SERVI-0418,2026-08-12T19:15:00Z,online,12,idle,,false,false,
BR-SERVI-0418,2026-08-12T19:16:00Z,online,12,idle,,false,false,
BR-SERVI-0418,2026-08-12T19:17:00Z,online,12,idle,,false,false,
BR-SERVI-0418,2026-08-12T19:18:00Z,online,12,idle,,false,false,
BR-SERVI-0418,2026-08-12T19:19:00Z,online,12,idle,,false,false,
BR-SERVI-0418,2026-08-12T19:20:00Z,online,12,idle,,false,false,
BR-SERVI-0418,2026-08-12T19:21:00Z,online,12,idle,,false,false,
BR-SERVI-0418,2026-08-12T19:22:00Z,online,12,active,0418-m0022,false,false,
BR-SERVI-0418,2026-08-12T19:23:00Z,online,12,idle,,false,false,
BR-SERVI-0418,2026-08-12T19:24:00Z,online,12,idle,,false,false,
BR-SERVI-0418,2026-08-12T19:25:00Z,online,12,idle,,false,false,
BR-SERVI-0418,2026-08-12T19:26:00Z,online,12,idle,,false,false,
BR-SERVI-0418,2026-08-12T19:27:00Z,online,12,idle,,false,false,
BR-SERVI-0418,2026-08-12T19:28:00Z,online,12,idle,,false,false,
BR-SERVI-0418,2026-08-12T19:29:00Z,online,12,idle,,false,false,
BR-SERVI-0418,2026-08-12T19:30:00Z,online,12,idle,,false,false,
BR-SERVI-0418,2026-08-12T19:31:00Z,online,12,idle,,false,false,
BR-SERVI-0418,2026-08-12T19:32:00Z,online,12,idle,,false,false,
BR-SERVI-0418,2026-08-12T19:33:00Z,online,12,idle,,false,false,
BR-SERVI-0418,2026-08-12T19:34:00Z,online,12,active,0418-m0022,false,false,
BR-SERVI-0418,2026-08-12T19:35:00Z,online,12,idle,,false,false,
BR-SERVI-0418,2026-08-12T19:36:00Z,online,12,idle,,false,false,
BR-SERVI-0418,2026-08-12T19:37:00Z,online,12,idle,,false,false,
BR-SERVI-0418,2026-08-12T19:38:00Z,online,12,active,0418-m0022,false,false,
BR-SERVI-0418,2026-08-12T19:39:00Z,online,12,idle,,false,false,
BR-SERVI-0418,2026-08-12T19:40:00Z,online,12,idle,,false,false,
BR-SERVI-0418,2026-08-12T19:41:00Z,online,12,idle,,false,false,
BR-SERVI-0418,2026-08-12T19:42:00Z,online,12,idle,,false,false,
BR-SERVI-0418,2026-08-12T19:43:00Z,online,12,idle,,false,false,
BR-SERVI-0418,2026-08-12T19:44:00Z,online,12,idle,,false,false,
BR-SERVI-0418,2026-08-12T19:45:00Z,online,12,idle,,false,false,
BR-SERVI-0418,2026-08-12T19:46:00Z,online,12,active,0418-m0023,false,false,
BR-SERVI-0418,2026-08-12T19:47:00Z,online,12,idle,,false,false,
BR-SERVI-0418,2026-08-12T19:48:00Z,online,12,active,0418-m0023,false,false,
BR-SERVI-0418,2026-08-12T19:49:00Z,online,12,idle,,false,false,
BR-SERVI-0418,2026-08-12T19:50:00Z,online,12,idle,,false,false,
BR-SERVI-0418,2026-08-12T19:51:00Z,online,12,idle,,false,false,
BR-SERVI-0418,2026-08-12T19:52:00Z,online,12,idle,,false,false,
BR-SERVI-0418,2026-08-12T19:53:00Z,online,12,idle,,false,false,
BR-SERVI-0418,2026-08-12T19:54:00Z,online,12,idle,,false,false,
BR-SERVI-0418,2026-08-12T19:55:00Z,online,12,idle,,false,false,
BR-SERVI-0418,2026-08-12T19:56:00Z,online,12,idle,,false,false,
BR-SERVI-0418,2026-08-12T19:57:00Z,online,12,idle,,false,false,
BR-SERVI-0418,2026-08-12T19:58:00Z,online,12,idle,,false,false,
BR-SERVI-0418,2026-08-12T19:59:00Z,online,12,idle,,false,false,
BR-SERVI-0418,2026-08-12T20:00:00Z,online,12,idle,,false,false,
BR-SERVI-0418,2026-08-12T20:01:00Z,online,12,idle,,false,false,
BR-SERVI-0418,2026-08-12T20:02:00Z,online,12,idle,,false,false,
BR-SERVI-0418,2026-08-12T20:03:00Z,online,12,idle,,false,false,
BR-SERVI-0418,2026-08-12T20:04:00Z,online,12,active,0418-m0024,false,false,
BR-SERVI-0418,2026-08-12T20:05:00Z,online,12,idle,,false,false,
BR-SERVI-0418,2026-08-12T20:06:00Z,online,12,idle,,false,false,
BR-SERVI-0418,2026-08-12T20:07:00Z,online,12,idle,,false,false,
BR-SERVI-0418,2026-08-12T20:08:00Z,online,12,active,0418-m0024,false,false,
BR-SERVI-0418,2026-08-12T20:09:00Z,online,12,idle,,false,false,
BR-SERVI-0418,2026-08-12T20:10:00Z,online,12,idle,,false,false,
BR-SERVI-0418,2026-08-12T20:11:00Z,online,12,idle,,false,false,
BR-SERVI-0418,2026-08-12T20:12:00Z,online,12,idle,,false,false,
BR-SERVI-0418,2026-08-12T20:13:00Z,online,12,idle,,false,false,
BR-SERVI-0418,2026-08-12T20:14:00Z,online,12,idle,,false,false,
BR-SERVI-0418,2026-08-12T20:15:00Z,online,12,idle,,false,false,
BR-SERVI-0418,2026-08-12T20:16:00Z,online,12,idle,,false,false,
BR-SERVI-0418,2026-08-12T20:17:00Z,online,12,idle,,false,false,
BR-SERVI-0418,2026-08-12T20:18:00Z,online,12,idle,,false,false,
BR-SERVI-0418,2026-08-12T20:19:00Z,online,12,idle,,false,false,
BR-SERVI-0418,2026-08-12T20:20:00Z,online,12,idle,,false,false,
BR-SERVI-0418,2026-08-12T20:21:00Z,online,12,idle,,false,false,
BR-SERVI-0418,2026-08-12T20:22:00Z,online,12,idle,,false,false,
BR-SERVI-0418,2026-08-12T20:23:00Z,online,12,idle,,false,false,
BR-SERVI-0418,2026-08-12T20:24:00Z,online,12,idle,,false,false,
BR-SERVI-0418,2026-08-12T20:25:00Z,online,12,idle,,false,false,
BR-SERVI-0418,2026-08-12T20:26:00Z,online,12,idle,,false,false,
BR-SERVI-0418,2026-08-12T20:27:00Z,online,12,idle,,false,false,
BR-SERVI-0418,2026-08-12T20:28:00Z,online,12,idle,,false,false,
BR-SERVI-0418,2026-08-12T20:29:00Z,online,12,active,0418-m0024,false,false,
BR-SERVI-0418,2026-08-12T20:30:00Z,online,12,idle,,false,false,
BR-SERVI-0418,2026-08-12T20:31:00Z,online,12,idle,,false,false,
BR-SERVI-0418,2026-08-12T20:32:00Z,online,12,active,0418-m0024,false,false,
BR-SERVI-0418,2026-08-12T20:33:00Z,online,12,idle,,false,false,
BR-SERVI-0418,2026-08-12T20:34:00Z,online,12,active,0418-m0024,false,false,
BR-SERVI-0418,2026-08-12T20:35:00Z,online,12,idle,,false,false,
BR-SERVI-0418,2026-08-12T20:36:00Z,online,12,idle,,false,false,
BR-SERVI-0418,2026-08-12T20:37:00Z,online,12,active,0418-m0024,false,false,
BR-SERVI-0418,2026-08-12T20:38:00Z,online,12,idle,,false,false,
BR-SERVI-0418,2026-08-12T20:39:00Z,online,12,idle,,false,false,
BR-SERVI-0418,2026-08-12T20:40:00Z,online,12,idle,,false,false,
BR-SERVI-0418,2026-08-12T20:41:00Z,online,12,idle,,false,false,
BR-SERVI-0418,2026-08-12T20:42:00Z,online,12,idle,,false,false,
BR-SERVI-0418,2026-08-12T20:43:00Z,online,12,idle,,false,false,
BR-SERVI-0418,2026-08-12T20:44:00Z,online,12,idle,,false,false,
BR-SERVI-0418,2026-08-12T20:45:00Z,online,12,idle,,false,false,
BR-SERVI-0418,2026-08-12T20:46:00Z,online,12,idle,,false,false,
BR-SERVI-0418,2026-08-12T20:47:00Z,online,12,idle,,false,false,
BR-SERVI-0418,2026-08-12T20:48:00Z,online,12,idle,,false,false,
BR-SERVI-0418,2026-08-12T20:49:00Z,online,12,idle,,false,false,
BR-SERVI-0418,2026-08-12T20:50:00Z,online,12,idle,,false,false,
BR-SERVI-0418,2026-08-12T20:51:00Z,online,12,idle,,false,false,
BR-SERVI-0418,2026-08-12T20:52:00Z,online,12,idle,,false,false,
BR-SERVI-0418,2026-08-12T20:53:00Z,online,12,idle,,false,false,
BR-SERVI-0418,2026-08-12T20:54:00Z,online,12,idle,,false,false,
BR-SERVI-0418,2026-08-12T20:55:00Z,online,12,idle,,false,false,
BR-SERVI-0418,2026-08-12T20:56:00Z,online,12,idle,,false,false,
BR-SERVI-0418,2026-08-12T20:57:00Z,online,12,idle,,false,false,
BR-SERVI-0418,2026-08-12T20:58:00Z,online,12,idle,,false,false,
BR-SERVI-0418,2026-08-12T20:59:00Z,online,12,idle,,false,false,
BR-SERVI-0418,2026-08-12T21:00:00Z,online,12,idle,,false,false,
BR-SERVI-0418,2026-08-12T21:01:00Z,online,12,idle,,false,false,
BR-SERVI-0418,2026-08-12T21:02:00Z,online,12,idle,,false,false,
BR-SERVI-0418,2026-08-12T21:03:00Z,online,12,idle,,false,false,
BR-SERVI-0418,2026-08-12T21:04:00Z,online,12,idle,,false,false,
BR-SERVI-0418,2026-08-12T21:05:00Z,online,12,idle,,false,false,
BR-SERVI-0418,2026-08-12T21:06:00Z,online,12,idle,,false,false,
BR-SERVI-0418,2026-08-12T21:07:00Z,online,12,idle,,false,false,
BR-SERVI-0418,2026-08-12T21:08:00Z,online,12,idle,,false,false,
BR-SERVI-0418,2026-08-12T21:09:00Z,online,12,idle,,false,false,
BR-SERVI-0418,2026-08-12T21:10:00Z,online,12,idle,,false,false,
BR-SERVI-0418,2026-08-12T21:11:00Z,online,12,idle,,false,false,
BR-SERVI-0418,2026-08-12T21:12:00Z,online,12,idle,,false,false,
BR-SERVI-0418,2026-08-12T21:13:00Z,online,12,idle,,false,false,
BR-SERVI-0418,2026-08-12T21:14:00Z,online,12,idle,,false,false,
BR-SERVI-0418,2026-08-12T21:15:00Z,online,12,idle,,false,false,
BR-SERVI-0418,2026-08-12T21:16:00Z,online,12,active,0418-m0024,false,false,
BR-SERVI-0418,2026-08-12T21:17:00Z,online,12,idle,,false,false,
BR-SERVI-0418,2026-08-12T21:18:00Z,online,12,idle,,false,false,
BR-SERVI-0418,2026-08-12T21:19:00Z,online,12,idle,,false,false,
BR-SERVI-0418,2026-08-12T21:20:00Z,online,12,idle,,false,false,
BR-SERVI-0418,2026-08-12T21:21:00Z,online,12,idle,,false,false,
BR-SERVI-0418,2026-08-12T21:22:00Z,online,12,idle,,false,false,
BR-SERVI-0418,2026-08-12T21:23:00Z,online,12,idle,,false,false,
BR-SERVI-0418,2026-08-12T21:24:00Z,online,12,idle,,false,false,
BR-SERVI-0418,2026-08-12T21:25:00Z,online,12,idle,,false,false,
BR-SERVI-0418,2026-08-12T21:26:00Z,online,12,idle,,false,false,
BR-SERVI-0418,2026-08-12T21:27:00Z,online,12,idle,,false,false,
BR-SERVI-0418,2026-08-12T21:28:00Z,online,12,idle,,false,false,
BR-SERVI-0418,2026-08-12T21:29:00Z,online,12,active,0418-m0025,false,false,
BR-SERVI-0418,2026-08-12T21:30:00Z,online,12,idle,,false,false,
BR-SERVI-0418,2026-08-12T21:31:00Z,online,12,idle,,false,false,
BR-SERVI-0418,2026-08-12T21:32:00Z,online,12,idle,,false,false,
BR-SERVI-0418,2026-08-12T21:33:00Z,online,12,idle,,false,false,
BR-SERVI-0418,2026-08-12T21:34:00Z,online,12,idle,,false,false,
BR-SERVI-0418,2026-08-12T21:35:00Z,online,12,idle,,false,false,
BR-SERVI-0418,2026-08-12T21:36:00Z,online,12,idle,,false,false,
BR-SERVI-0418,2026-08-12T21:37:00Z,online,12,idle,,false,false,
BR-SERVI-0418,2026-08-12T21:38:00Z,online,12,idle,,false,false,
BR-SERVI-0418,2026-08-12T21:39:00Z,online,12,idle,,false,false,
BR-SERVI-0418,2026-08-12T21:40:00Z,online,12,active,0418-m0025,false,false,
BR-SERVI-0418,2026-08-12T21:41:00Z,online,12,idle,,false,false,
BR-SERVI-0418,2026-08-12T21:42:00Z,online,12,idle,,false,false,
BR-SERVI-0418,2026-08-12T21:43:00Z,online,12,active,0418-m0025,false,false,
BR-SERVI-0418,2026-08-12T21:44:00Z,online,12,active,0418-m0025,false,false,
BR-SERVI-0418,2026-08-12T21:45:00Z,online,12,active,0418-m0026,false,false,
BR-SERVI-0418,2026-08-12T21:46:00Z,online,12,idle,,false,false,
BR-SERVI-0418,2026-08-12T21:47:00Z,online,12,idle,,false,false,
BR-SERVI-0418,2026-08-12T21:48:00Z,online,12,idle,,false,false,
BR-SERVI-0418,2026-08-12T21:49:00Z,online,12,idle,,false,false,
BR-SERVI-0418,2026-08-12T21:50:00Z,online,12,idle,,false,false,
BR-SERVI-0418,2026-08-12T21:51:00Z,online,12,active,0418-m0026,false,false,
BR-SERVI-0418,2026-08-12T21:52:00Z,online,12,idle,,false,false,
BR-SERVI-0418,2026-08-12T21:53:00Z,online,12,active,0418-m0027,false,false,
BR-SERVI-0418,2026-08-12T21:54:00Z,online,12,active,0418-m0027,false,false,
BR-SERVI-0418,2026-08-12T21:55:00Z,online,12,idle,,false,false,
BR-SERVI-0418,2026-08-12T21:56:00Z,online,12,idle,,false,false,
BR-SERVI-0418,2026-08-12T21:57:00Z,online,12,idle,,false,false,
BR-SERVI-0418,2026-08-12T21:58:00Z,online,12,idle,,false,false,
BR-SERVI-0418,2026-08-12T21:59:00Z,online,12,idle,,false,false,
BR-SERVI-0418,2026-08-12T22:00:00Z,online,12,idle,,false,false,
BR-SERVI-0418,2026-08-12T22:01:00Z,online,12,idle,,false,false,
BR-SERVI-0418,2026-08-12T22:02:00Z,online,12,idle,,false,false,
BR-SERVI-0418,2026-08-12T22:03:00Z,online,12,idle,,false,false,
BR-SERVI-0418,2026-08-12T22:04:00Z,online,12,active,0418-m0028,false,false,
BR-SERVI-0418,2026-08-12T22:05:00Z,online,12,idle,,false,false,
BR-SERVI-0418,2026-08-12T22:06:00Z,online,12,idle,,false,false,
BR-SERVI-0418,2026-08-12T22:07:00Z,online,12,idle,,false,false,
BR-SERVI-0418,2026-08-12T22:08:00Z,online,12,idle,,false,false,
BR-SERVI-0418,2026-08-12T22:09:00Z,online,12,idle,,false,false,
BR-SERVI-0418,2026-08-12T22:10:00Z,online,12,idle,,false,false,
BR-SERVI-0418,2026-08-12T22:11:00Z,online,12,idle,,false,false,
BR-SERVI-0418,2026-08-12T22:12:00Z,online,12,active,0418-m0028,false,false,
BR-SERVI-0418,2026-08-12T22:13:00Z,online,12,idle,,false,false,
BR-SERVI-0418,2026-08-12T22:14:00Z,online,12,idle,,false,false,
BR-SERVI-0418,2026-08-12T22:15:00Z,online,12,idle,,false,false,
BR-SERVI-0418,2026-08-12T22:16:00Z,online,12,active,0418-m0028,false,false,
BR-SERVI-0418,2026-08-12T22:17:00Z,online,12,idle,,false,false,
BR-SERVI-0418,2026-08-12T22:18:00Z,online,12,idle,,false,false,
BR-SERVI-0418,2026-08-12T22:19:00Z,online,12,idle,,false,false,
BR-SERVI-0418,2026-08-12T22:20:00Z,online,12,active,0418-m0029,false,false,
BR-SERVI-0418,2026-08-12T22:21:00Z,online,12,idle,,false,false,
BR-SERVI-0418,2026-08-12T22:22:00Z,online,12,idle,,false,false,
BR-SERVI-0418,2026-08-12T22:23:00Z,online,12,idle,,false,false,
BR-SERVI-0418,2026-08-12T22:24:00Z,online,12,idle,,false,false,
BR-SERVI-0418,2026-08-12T22:25:00Z,online,12,idle,,false,false,
BR-SERVI-0418,2026-08-12T22:26:00Z,online,12,active,0418-m0029,false,false,
BR-SERVI-0418,2026-08-12T22:27:00Z,online,12,idle,,false,false,
BR-SERVI-0418,2026-08-12T22:28:00Z,online,12,idle,,false,false,
BR-SERVI-0418,2026-08-12T22:29:00Z,online,12,active,0418-m0029,false,false,
BR-SERVI-0418,2026-08-12T22:30:00Z,online,12,idle,,false,false,
BR-SERVI-0418,2026-08-12T22:31:00Z,online,12,idle,,false,false,
BR-SERVI-0418,2026-08-12T22:32:00Z,online,12,idle,,false,false,
BR-SERVI-0418,2026-08-12T22:33:00Z,online,12,idle,,false,false,
BR-SERVI-0418,2026-08-12T22:34:00Z,online,12,idle,,false,false,
BR-SERVI-0418,2026-08-12T22:35:00Z,online,12,active,0418-m0030,false,false,
BR-SERVI-0418,2026-08-12T22:36:00Z,online,12,idle,,false,false,
BR-SERVI-0418,2026-08-12T22:37:00Z,online,12,idle,,false,false,
BR-SERVI-0418,2026-08-12T22:38:00Z,online,12,idle,,false,false,
BR-SERVI-0418,2026-08-12T22:39:00Z,online,12,idle,,false,false,
BR-SERVI-0418,2026-08-12T22:40:00Z,online,12,idle,,false,false,
BR-SERVI-0418,2026-08-12T22:41:00Z,online,12,idle,,false,false,
BR-SERVI-0418,2026-08-12T22:42:00Z,online,12,idle,,false,false,
BR-SERVI-0418,2026-08-12T22:43:00Z,online,12,idle,,false,false,
BR-SERVI-0418,2026-08-12T22:44:00Z,online,12,idle,,false,false,
BR-SERVI-0418,2026-08-12T22:45:00Z,online,12,idle,,false,false,
BR-SERVI-0418,2026-08-12T22:46:00Z,online,12,idle,,false,false,
BR-SERVI-0418,2026-08-12T22:47:00Z,online,12,idle,,false,false,
BR-SERVI-0418,2026-08-12T22:48:00Z,online,12,idle,,false,false,
BR-SERVI-0418,2026-08-12T22:49:00Z,online,12,idle,,false,false,
BR-SERVI-0418,2026-08-12T22:50:00Z,online,12,idle,,false,false,
BR-SERVI-0418,2026-08-12T22:51:00Z,online,12,idle,,false,false,
BR-SERVI-0418,2026-08-12T22:52:00Z,online,12,idle,,false,false,
BR-SERVI-0418,2026-08-12T22:53:00Z,online,12,idle,,false,false,
BR-SERVI-0418,2026-08-12T22:54:00Z,online,12,idle,,false,false,
BR-SERVI-0418,2026-08-12T22:55:00Z,online,12,active,0418-m0031,false,false,
BR-SERVI-0418,2026-08-12T22:56:00Z,online,12,idle,,false,false,
BR-SERVI-0418,2026-08-12T22:57:00Z,online,12,idle,,false,false,
BR-SERVI-0418,2026-08-12T22:58:00Z,online,12,idle,,false,false,
BR-SERVI-0418,2026-08-12T22:59:00Z,online,12,active,0418-m0031,false,false,
BR-SERVI-0418,2026-08-12T23:00:00Z,online,15,charging,,false,true,
BR-SERVI-0418,2026-08-12T23:01:00Z,online,18,charging,,false,true,
BR-SERVI-0418,2026-08-12T23:02:00Z,online,21,charging,,false,true,
BR-SERVI-0418,2026-08-12T23:03:00Z,online,24,charging,,false,true,
BR-SERVI-0418,2026-08-12T23:04:00Z,online,27,charging,,false,true,
BR-SERVI-0418,2026-08-12T23:05:00Z,online,30,charging,,false,true,
BR-SERVI-0418,2026-08-12T23:06:00Z,online,33,charging,,false,true,
BR-SERVI-0418,2026-08-12T23:07:00Z,online,36,charging,,false,true,
BR-SERVI-0418,2026-08-12T23:08:00Z,online,39,charging,,false,true,
BR-SERVI-0418,2026-08-12T23:09:00Z,online,42,charging,,false,true,
BR-SERVI-0418,2026-08-12T23:10:00Z,online,45,charging,,false,true,
BR-SERVI-0418,2026-08-12T23:11:00Z,online,48,charging,,false,true,
BR-SERVI-0418,2026-08-12T23:12:00Z,online,51,charging,,false,true,
BR-SERVI-0418,2026-08-12T23:13:00Z,online,54,charging,,false,true,
BR-SERVI-0418,2026-08-12T23:14:00Z,online,57,charging,,false,true,
BR-SERVI-0418,2026-08-12T23:15:00Z,online,60,charging,,false,true,
BR-SERVI-0418,2026-08-12T23:16:00Z,online,63,charging,,false,true,
BR-SERVI-0418,2026-08-12T23:17:00Z,online,66,charging,,false,true,
BR-SERVI-0418,2026-08-12T23:18:00Z,online,69,charging,,false,true,
BR-SERVI-0418,2026-08-12T23:19:00Z,online,72,charging,,false,true,
BR-SERVI-0418,2026-08-12T23:20:00Z,online,75,charging,,false,true,
BR-SERVI-0418,2026-08-12T23:21:00Z,online,78,charging,,false,true,
BR-SERVI-0418,2026-08-12T23:22:00Z,online,81,charging,,false,true,
BR-SERVI-0418,2026-08-12T23:23:00Z,online,84,charging,,false,true,
BR-SERVI-0418,2026-08-12T23:24:00Z,online,87,charging,,false,true,
BR-SERVI-0418,2026-08-12T23:25:00Z,online,90,charging,,false,true,
BR-SERVI-0418,2026-08-12T23:26:00Z,online,90,idle,,false,false,
BR-SERVI-0418,2026-08-12T23:27:00Z,online,93,charging,,false,true,
BR-SERVI-0418,2026-08-12T23:28:00Z,online,93,idle,,false,false,
BR-SERVI-0418,2026-08-12T23:29:00Z,online,92,idle,,false,false,
BR-SERVI-0418,2026-08-12T23:30:00Z,online,92,idle,,false,false,
BR-SERVI-0418,2026-08-12T23:31:00Z,offline,92,,,false,false,
BR-SERVI-0418,2026-08-12T23:32:00Z,online,92,idle,,false,false,
BR-SERVI-0418,2026-08-12T23:33:00Z,online,92,idle,,false,false,
BR-SERVI-0418,2026-08-12T23:34:00Z,online,91,idle,,false,false,
BR-SERVI-0418,2026-08-12T23:35:00Z,online,91,idle,,false,false,
BR-SERVI-0418,2026-08-12T23:36:00Z,online,91,idle,,false,false,
BR-SERVI-0418,2026-08-12T23:37:00Z,online,91,idle,,false,false,
BR-SERVI-0418,2026-08-12T23:38:00Z,online,91,idle,,false,false,
BR-SERVI-0418,2026-08-12T23:39:00Z,online,90,idle,,false,false,
BR-SERVI-0418,2026-08-12T23:40:00Z,online,90,idle,,false,false,
BR-SERVI-0418,2026-08-12T23:41:00Z,online,90,idle,,false,false,
BR-SERVI-0418,2026-08-12T23:42:00Z,online,93,charging,,false,true,
BR-SERVI-0418,2026-08-12T23:43:00Z,online,93,idle,,false,false,
BR-SERVI-0418,2026-08-12T23:44:00Z,online,93,idle,,false,false,
BR-SERVI-0418,2026-08-12T23:45:00Z,offline,92,,,false,false,
BR-SERVI-0418,2026-08-12T23:46:00Z,online,92,idle,,false,false,
BR-SERVI-0418,2026-08-12T23:47:00Z,online,92,idle,,false,false,
BR-SERVI-0418,2026-08-12T23:48:00Z,online,92,idle,,false,false,
BR-SERVI-0418,2026-08-12T23:49:00Z,online,92,idle,,false,false,
BR-SERVI-0418,2026-08-12T23:50:00Z,offline,91,,,false,false,
BR-SERVI-0418,2026-08-12T23:51:00Z,online,91,idle,,false,false,
BR-SERVI-0418,2026-08-12T23:52:00Z,online,91,idle,,false,false,
BR-SERVI-0418,2026-08-12T23:53:00Z,online,91,idle,,false,false,
BR-SERVI-0418,2026-08-12T23:54:00Z,online,91,idle,,false,false,
BR-SERVI-0418,2026-08-12T23:55:00Z,online,90,idle,,false,false,
BR-SERVI-0418,2026-08-12T23:56:00Z,online,90,idle,,false,false,
BR-SERVI-0418,2026-08-12T23:57:00Z,offline,90,,,false,false,
BR-SERVI-0418,2026-08-12T23:58:00Z,online,93,charging,,false,true,
BR-SERVI-0418,2026-08-12T23:59:00Z,online,93,idle,,false,false,
PD-P3-2291,2026-08-12T00:00:00Z,online,92,idle,,false,false,
PD-P3-2291,2026-08-12T00:01:00Z,online,92,idle,,false,false,
PD-P3-2291,2026-08-12T00:02:00Z,online,91,idle,,false,false,
PD-P3-2291,2026-08-12T00:03:00Z,online,91,idle,,false,false,
PD-P3-2291,2026-08-12T00:04:00Z,online,91,idle,,false,false,
PD-P3-2291,2026-08-12T00:05:00Z,online,91,idle,,false,false,
PD-P3-2291,2026-08-12T00:06:00Z,online,91,idle,,false,false,
PD-P3-2291,2026-08-12T00:07:00Z,online,90,idle,,false,false,
PD-P3-2291,2026-08-12T00:08:00Z,online,90,idle,,false,false,
PD-P3-2291,2026-08-12T00:09:00Z,online,90,idle,,false,false,
PD-P3-2291,2026-08-12T00:10:00Z,online,93,charging,,false,true,
PD-P3-2291,2026-08-12T00:11:00Z,online,93,idle,,false,false,
PD-P3-2291,2026-08-12T00:12:00Z,online,93,idle,,false,false,
PD-P3-2291,2026-08-12T00:13:00Z,online,92,idle,,false,false,
PD-P3-2291,2026-08-12T00:14:00Z,online,92,idle,,false,false,
PD-P3-2291,2026-08-12T00:15:00Z,online,92,idle,,false,false,
PD-P3-2291,2026-08-12T00:16:00Z,online,92,idle,,false,false,
PD-P3-2291,2026-08-12T00:17:00Z,online,92,idle,,false,false,
PD-P3-2291,2026-08-12T00:18:00Z,online,91,idle,,false,false,
PD-P3-2291,2026-08-12T00:19:00Z,online,91,idle,,false,false,
PD-P3-2291,2026-08-12T00:20:00Z,online,91,idle,,false,false,
PD-P3-2291,2026-08-12T00:21:00Z,online,91,idle,,false,false,
PD-P3-2291,2026-08-12T00:22:00Z,online,91,idle,,false,false,
PD-P3-2291,2026-08-12T00:23:00Z,online,90,idle,,false,false,
PD-P3-2291,2026-08-12T00:24:00Z,online,90,idle,,false,false,
PD-P3-2291,2026-08-12T00:25:00Z,online,90,idle,,false,false,
PD-P3-2291,2026-08-12T00:26:00Z,online,93,charging,,false,true,
PD-P3-2291,2026-08-12T00:27:00Z,online,93,idle,,false,false,
PD-P3-2291,2026-08-12T00:28:00Z,offline,93,,,false,false,
PD-P3-2291,2026-08-12T00:29:00Z,online,92,idle,,false,false,
PD-P3-2291,2026-08-12T00:30:00Z,online,92,idle,,false,false,
PD-P3-2291,2026-08-12T00:31:00Z,online,92,idle,,false,false,
PD-P3-2291,2026-08-12T00:32:00Z,online,92,idle,,false,false,
PD-P3-2291,2026-08-12T00:33:00Z,online,92,idle,,false,false,
PD-P3-2291,2026-08-12T00:34:00Z,online,91,idle,,false,false,
PD-P3-2291,2026-08-12T00:35:00Z,online,91,idle,,false,false,
PD-P3-2291,2026-08-12T00:36:00Z,online,91,idle,,false,false,
PD-P3-2291,2026-08-12T00:37:00Z,online,91,idle,,false,false,
PD-P3-2291,2026-08-12T00:38:00Z,online,91,idle,,false,false,
PD-P3-2291,2026-08-12T00:39:00Z,online,90,idle,,false,false,
PD-P3-2291,2026-08-12T00:40:00Z,online,90,idle,,false,false,
PD-P3-2291,2026-08-12T00:41:00Z,online,90,idle,,false,false,
PD-P3-2291,2026-08-12T00:42:00Z,online,93,charging,,false,true,
PD-P3-2291,2026-08-12T00:43:00Z,online,93,idle,,false,false,
PD-P3-2291,2026-08-12T00:44:00Z,online,93,idle,,false,false,
PD-P3-2291,2026-08-12T00:45:00Z,online,92,idle,,false,false,
PD-P3-2291,2026-08-12T00:46:00Z,online,92,idle,,false,false,
PD-P3-2291,2026-08-12T00:47:00Z,online,92,idle,,false,false,
PD-P3-2291,2026-08-12T00:48:00Z,online,92,idle,,false,false,
PD-P3-2291,2026-08-12T00:49:00Z,online,92,idle,,false,false,
PD-P3-2291,2026-08-12T00:50:00Z,online,91,idle,,false,false,
PD-P3-2291,2026-08-12T00:51:00Z,online,91,idle,,false,false,
PD-P3-2291,2026-08-12T00:52:00Z,online,91,idle,,false,false,
PD-P3-2291,2026-08-12T00:53:00Z,online,91,idle,,false,false,
PD-P3-2291,2026-08-12T00:54:00Z,online,91,idle,,false,false,
PD-P3-2291,2026-08-12T00:55:00Z,online,90,idle,,false,false,
PD-P3-2291,2026-08-12T00:56:00Z,online,90,idle,,false,false,
PD-P3-2291,2026-08-12T00:57:00Z,online,90,idle,,false,false,
PD-P3-2291,2026-08-12T00:58:00Z,online,93,charging,,false,true,
PD-P3-2291,2026-08-12T00:59:00Z,online,93,idle,,false,false,
PD-P3-2291,2026-08-12T01:00:00Z,online,93,idle,,false,false,
PD-P3-2291,2026-08-12T01:01:00Z,online,92,idle,,false,false,
PD-P3-2291,2026-08-12T01:02:00Z,online,92,idle,,false,false,
PD-P3-2291,2026-08-12T01:03:00Z,online,92,idle,,false,false,
PD-P3-2291,2026-08-12T01:04:00Z,online,92,idle,,false,false,
PD-P3-2291,2026-08-12T01:05:00Z,online,92,idle,,false,false,
PD-P3-2291,2026-08-12T01:06:00Z,online,91,idle,,false,false,
PD-P3-2291,2026-08-12T01:07:00Z,online,91,idle,,false,false,
PD-P3-2291,2026-08-12T01:08:00Z,online,91,idle,,false,false,
PD-P3-2291,2026-08-12T01:09:00Z,online,91,idle,,false,false,
PD-P3-2291,2026-08-12T01:10:00Z,online,91,idle,,false,false,
PD-P3-2291,2026-08-12T01:11:00Z,online,90,idle,,false,false,
PD-P3-2291,2026-08-12T01:12:00Z,online,90,idle,,false,false,
PD-P3-2291,2026-08-12T01:13:00Z,online,90,idle,,false,false,
PD-P3-2291,2026-08-12T01:14:00Z,online,93,charging,,false,true,
PD-P3-2291,2026-08-12T01:15:00Z,online,93,idle,,false,false,
PD-P3-2291,2026-08-12T01:16:00Z,online,93,idle,,false,false,
PD-P3-2291,2026-08-12T01:17:00Z,online,92,idle,,false,false,
PD-P3-2291,2026-08-12T01:18:00Z,online,92,idle,,false,false,
PD-P3-2291,2026-08-12T01:19:00Z,offline,92,,,false,false,
PD-P3-2291,2026-08-12T01:20:00Z,online,92,idle,,false,false,
PD-P3-2291,2026-08-12T01:21:00Z,online,92,idle,,false,false,
PD-P3-2291,2026-08-12T01:22:00Z,online,91,idle,,false,false,
PD-P3-2291,2026-08-12T01:23:00Z,online,91,idle,,false,false,
PD-P3-2291,2026-08-12T01:24:00Z,online,91,idle,,false,false,
PD-P3-2291,2026-08-12T01:25:00Z,online,91,idle,,false,false,
PD-P3-2291,2026-08-12T01:26:00Z,online,91,idle,,false,false,
PD-P3-2291,2026-08-12T01:27:00Z,online,90,idle,,false,false,
PD-P3-2291,2026-08-12T01:28:00Z,online,90,idle,,false,false,
PD-P3-2291,2026-08-12T01:29:00Z,online,90,idle,,false,false,
PD-P3-2291,2026-08-12T01:30:00Z,online,93,charging,,false,true,
PD-P3-2291,2026-08-12T01:31:00Z,online,93,idle,,false,false,
PD-P3-2291,2026-08-12T01:32:00Z,online,93,idle,,false,false,
PD-P3-2291,2026-08-12T01:33:00Z,online,92,idle,,false,false,
PD-P3-2291,2026-08-12T01:34:00Z,online,92,idle,,false,false,
PD-P3-2291,2026-08-12T01:35:00Z,online,92,idle,,false,false,
PD-P3-2291,2026-08-12T01:36:00Z,online,92,idle,,false,false,
PD-P3-2291,2026-08-12T01:37:00Z,online,92,idle,,false,false,
PD-P3-2291,2026-08-12T01:38:00Z,online,91,idle,,false,false,
PD-P3-2291,2026-08-12T01:39:00Z,online,91,idle,,false,false,
PD-P3-2291,2026-08-12T01:40:00Z,online,91,idle,,false,false,
PD-P3-2291,2026-08-12T01:41:00Z,online,91,idle,,false,false,
PD-P3-2291,2026-08-12T01:42:00Z,online,91,idle,,false,false,
PD-P3-2291,2026-08-12T01:43:00Z,online,90,idle,,false,false,
PD-P3-2291,2026-08-12T01:44:00Z,online,90,idle,,false,false,
PD-P3-2291,2026-08-12T01:45:00Z,online,90,idle,,false,false,
PD-P3-2291,2026-08-12T01:46:00Z,online,93,charging,,false,true,
PD-P3-2291,2026-08-12T01:47:00Z,online,93,idle,,false,false,
PD-P3-2291,2026-08-12T01:48:00Z,online,93,idle,,false,false,
PD-P3-2291,2026-08-12T01:49:00Z,online,92,idle,,false,false,
PD-P3-2291,2026-08-12T01:50:00Z,online,92,idle,,false,false,
PD-P3-2291,2026-08-12T01:51:00Z,online,92,idle,,false,false,
PD-P3-2291,2026-08-12T01:52:00Z,online,92,idle,,false,false,
PD-P3-2291,2026-08-12T01:53:00Z,online,92,idle,,false,false,
PD-P3-2291,2026-08-12T01:54:00Z,online,91,idle,,false,false,
PD-P3-2291,2026-08-12T01:55:00Z,online,91,idle,,false,false,
PD-P3-2291,2026-08-12T01:56:00Z,offline,91,,,false,false,
PD-P3-2291,2026-08-12T01:57:00Z,online,91,idle,,false,false,
PD-P3-2291,2026-08-12T01:58:00Z,online,91,idle,,false,false,
PD-P3-2291,2026-08-12T01:59:00Z,online,90,idle,,false,false,
PD-P3-2291,2026-08-12T02:00:00Z,online,90,idle,,false,false,
PD-P3-2291,2026-08-12T02:01:00Z,online,90,idle,,false,false,
PD-P3-2291,2026-08-12T02:02:00Z,online,93,charging,,false,true,
PD-P3-2291,2026-08-12T02:03:00Z,online,93,idle,,false,false,
PD-P3-2291,2026-08-12T02:04:00Z,online,93,idle,,false,false,
PD-P3-2291,2026-08-12T02:05:00Z,online,92,idle,,false,false,
PD-P3-2291,2026-08-12T02:06:00Z,online,92,idle,,false,false,
PD-P3-2291,2026-08-12T02:07:00Z,online,92,idle,,false,false,
PD-P3-2291,2026-08-12T02:08:00Z,online,92,idle,,false,false,
PD-P3-2291,2026-08-12T02:09:00Z,online,92,idle,,false,false,
PD-P3-2291,2026-08-12T02:10:00Z,online,91,idle,,false,false,
PD-P3-2291,2026-08-12T02:11:00Z,online,91,idle,,false,false,
PD-P3-2291,2026-08-12T02:12:00Z,online,91,idle,,false,false,
PD-P3-2291,2026-08-12T02:13:00Z,offline,91,,,false,false,
PD-P3-2291,2026-08-12T02:14:00Z,online,91,idle,,false,false,
PD-P3-2291,2026-08-12T02:15:00Z,online,90,idle,,false,false,
PD-P3-2291,2026-08-12T02:16:00Z,online,90,idle,,false,false,
PD-P3-2291,2026-08-12T02:17:00Z,online,90,idle,,false,false,
PD-P3-2291,2026-08-12T02:18:00Z,online,93,charging,,false,true,
PD-P3-2291,2026-08-12T02:19:00Z,online,93,idle,,false,false,
PD-P3-2291,2026-08-12T02:20:00Z,online,93,idle,,false,false,
PD-P3-2291,2026-08-12T02:21:00Z,online,92,idle,,false,false,
PD-P3-2291,2026-08-12T02:22:00Z,online,92,idle,,false,false,
PD-P3-2291,2026-08-12T02:23:00Z,online,92,idle,,false,false,
PD-P3-2291,2026-08-12T02:24:00Z,online,92,idle,,false,false,
PD-P3-2291,2026-08-12T02:25:00Z,online,92,idle,,false,false,
PD-P3-2291,2026-08-12T02:26:00Z,online,91,idle,,false,false,
PD-P3-2291,2026-08-12T02:27:00Z,online,91,idle,,false,false,
PD-P3-2291,2026-08-12T02:28:00Z,online,91,idle,,false,false,
PD-P3-2291,2026-08-12T02:29:00Z,online,91,idle,,false,false,
PD-P3-2291,2026-08-12T02:30:00Z,online,91,idle,,false,false,
PD-P3-2291,2026-08-12T02:31:00Z,online,90,idle,,false,false,
PD-P3-2291,2026-08-12T02:32:00Z,online,90,idle,,false,false,
PD-P3-2291,2026-08-12T02:33:00Z,online,90,idle,,false,false,
PD-P3-2291,2026-08-12T02:34:00Z,online,93,charging,,false,true,
PD-P3-2291,2026-08-12T02:35:00Z,online,93,idle,,false,false,
PD-P3-2291,2026-08-12T02:36:00Z,online,93,idle,,false,false,
PD-P3-2291,2026-08-12T02:37:00Z,online,92,idle,,false,false,
PD-P3-2291,2026-08-12T02:38:00Z,online,92,idle,,false,false,
PD-P3-2291,2026-08-12T02:39:00Z,online,92,idle,,false,false,
PD-P3-2291,2026-08-12T02:40:00Z,online,92,idle,,false,false,
PD-P3-2291,2026-08-12T02:41:00Z,offline,92,,,false,false,
PD-P3-2291,2026-08-12T02:42:00Z,online,91,idle,,false,false,
PD-P3-2291,2026-08-12T02:43:00Z,online,91,idle,,false,false,
PD-P3-2291,2026-08-12T02:44:00Z,online,91,idle,,false,false,
PD-P3-2291,2026-08-12T02:45:00Z,online,91,idle,,false,false,
PD-P3-2291,2026-08-12T02:46:00Z,online,91,idle,,false,false,
PD-P3-2291,2026-08-12T02:47:00Z,online,90,idle,,false,false,
PD-P3-2291,2026-08-12T02:48:00Z,online,90,idle,,false,false,
PD-P3-2291,2026-08-12T02:49:00Z,online,90,idle,,false,false,
PD-P3-2291,2026-08-12T02:50:00Z,online,93,charging,,false,true,
PD-P3-2291,2026-08-12T02:51:00Z,online,93,idle,,false,false,
PD-P3-2291,2026-08-12T02:52:00Z,online,93,idle,,false,false,
PD-P3-2291,2026-08-12T02:53:00Z,online,92,idle,,false,false,
PD-P3-2291,2026-08-12T02:54:00Z,online,92,idle,,false,false,
PD-P3-2291,2026-08-12T02:55:00Z,online,92,idle,,false,false,
PD-P3-2291,2026-08-12T02:56:00Z,online,92,idle,,false,false,
PD-P3-2291,2026-08-12T02:57:00Z,online,92,idle,,false,false,
PD-P3-2291,2026-08-12T02:58:00Z,online,91,idle,,false,false,
PD-P3-2291,2026-08-12T02:59:00Z,offline,91,,,false,false,
PD-P3-2291,2026-08-12T03:00:00Z,online,91,idle,,false,false,
PD-P3-2291,2026-08-12T03:01:00Z,online,91,idle,,false,false,
PD-P3-2291,2026-08-12T03:02:00Z,online,91,idle,,false,false,
PD-P3-2291,2026-08-12T03:03:00Z,online,90,idle,,false,false,
PD-P3-2291,2026-08-12T03:04:00Z,online,90,idle,,false,false,
PD-P3-2291,2026-08-12T03:05:00Z,online,90,idle,,false,false,
PD-P3-2291,2026-08-12T03:06:00Z,online,93,charging,,false,true,
PD-P3-2291,2026-08-12T03:07:00Z,online,93,idle,,false,false,
PD-P3-2291,2026-08-12T03:08:00Z,online,93,idle,,false,false,
PD-P3-2291,2026-08-12T03:09:00Z,online,92,idle,,false,false,
PD-P3-2291,2026-08-12T03:10:00Z,online,92,idle,,false,false,
PD-P3-2291,2026-08-12T03:11:00Z,online,92,idle,,false,false,
PD-P3-2291,2026-08-12T03:12:00Z,online,92,idle,,false,false,
PD-P3-2291,2026-08-12T03:13:00Z,online,92,idle,,false,false,
PD-P3-2291,2026-08-12T03:14:00Z,online,91,idle,,false,false,
PD-P3-2291,2026-08-12T03:15:00Z,online,91,idle,,false,false,
PD-P3-2291,2026-08-12T03:16:00Z,online,91,idle,,false,false,
PD-P3-2291,2026-08-12T03:17:00Z,online,91,idle,,false,false,
PD-P3-2291,2026-08-12T03:18:00Z,online,91,idle,,false,false,
PD-P3-2291,2026-08-12T03:19:00Z,online,90,idle,,false,false,
PD-P3-2291,2026-08-12T03:20:00Z,online,90,idle,,false,false,
PD-P3-2291,2026-08-12T03:21:00Z,online,90,idle,,false,false,
PD-P3-2291,2026-08-12T03:22:00Z,online,93,charging,,false,true,
PD-P3-2291,2026-08-12T03:23:00Z,online,93,idle,,false,false,
PD-P3-2291,2026-08-12T03:24:00Z,online,93,idle,,false,false,
PD-P3-2291,2026-08-12T03:25:00Z,online,92,idle,,false,false,
PD-P3-2291,2026-08-12T03:26:00Z,online,92,idle,,false,false,
PD-P3-2291,2026-08-12T03:27:00Z,online,92,idle,,false,false,
PD-P3-2291,2026-08-12T03:28:00Z,online,92,idle,,false,false,
PD-P3-2291,2026-08-12T03:29:00Z,online,92,idle,,false,false,
PD-P3-2291,2026-08-12T03:30:00Z,online,91,idle,,false,false,
PD-P3-2291,2026-08-12T03:31:00Z,online,91,idle,,false,false,
PD-P3-2291,2026-08-12T03:32:00Z,online,91,idle,,false,false,
PD-P3-2291,2026-08-12T03:33:00Z,online,91,idle,,false,false,
PD-P3-2291,2026-08-12T03:34:00Z,online,91,idle,,false,false,
PD-P3-2291,2026-08-12T03:35:00Z,online,90,idle,,false,false,
PD-P3-2291,2026-08-12T03:36:00Z,online,90,idle,,false,false,
PD-P3-2291,2026-08-12T03:37:00Z,online,90,idle,,false,false,
PD-P3-2291,2026-08-12T03:38:00Z,online,93,charging,,false,true,
PD-P3-2291,2026-08-12T03:39:00Z,online,93,idle,,false,false,
PD-P3-2291,2026-08-12T03:40:00Z,online,93,idle,,false,false,
PD-P3-2291,2026-08-12T03:41:00Z,online,92,idle,,false,false,
PD-P3-2291,2026-08-12T03:42:00Z,online,92,idle,,false,false,
PD-P3-2291,2026-08-12T03:43:00Z,online,92,idle,,false,false,
PD-P3-2291,2026-08-12T03:44:00Z,online,92,idle,,false,false,
PD-P3-2291,2026-08-12T03:45:00Z,online,92,idle,,false,false,
PD-P3-2291,2026-08-12T03:46:00Z,online,91,idle,,false,false,
PD-P3-2291,2026-08-12T03:47:00Z,online,91,idle,,false,false,
PD-P3-2291,2026-08-12T03:48:00Z,online,91,idle,,false,false,
PD-P3-2291,2026-08-12T03:49:00Z,online,91,idle,,false,false,
PD-P3-2291,2026-08-12T03:50:00Z,online,91,idle,,false,false,
PD-P3-2291,2026-08-12T03:51:00Z,online,90,idle,,false,false,
PD-P3-2291,2026-08-12T03:52:00Z,online,90,idle,,false,false,
PD-P3-2291,2026-08-12T03:53:00Z,online,90,idle,,false,false,
PD-P3-2291,2026-08-12T03:54:00Z,online,93,charging,,false,true,
PD-P3-2291,2026-08-12T03:55:00Z,online,93,idle,,false,false,
PD-P3-2291,2026-08-12T03:56:00Z,online,93,idle,,false,false,
PD-P3-2291,2026-08-12T03:57:00Z,online,92,idle,,false,false,
PD-P3-2291,2026-08-12T03:58:00Z,online,92,idle,,false,false,
PD-P3-2291,2026-08-12T03:59:00Z,online,92,idle,,false,false,
PD-P3-2291,2026-08-12T04:00:00Z,online,92,idle,,false,false,
PD-P3-2291,2026-08-12T04:01:00Z,online,92,idle,,false,false,
PD-P3-2291,2026-08-12T04:02:00Z,online,91,idle,,false,false,
PD-P3-2291,2026-08-12T04:03:00Z,online,91,idle,,false,false,
PD-P3-2291,2026-08-12T04:04:00Z,online,91,idle,,false,false,
PD-P3-2291,2026-08-12T04:05:00Z,online,91,idle,,false,false,
PD-P3-2291,2026-08-12T04:06:00Z,online,91,idle,,false,false,
PD-P3-2291,2026-08-12T04:07:00Z,online,90,idle,,false,false,
PD-P3-2291,2026-08-12T04:08:00Z,online,90,idle,,false,false,
PD-P3-2291,2026-08-12T04:09:00Z,online,90,idle,,false,false,
PD-P3-2291,2026-08-12T04:10:00Z,online,93,charging,,false,true,
PD-P3-2291,2026-08-12T04:11:00Z,online,93,idle,,false,false,
PD-P3-2291,2026-08-12T04:12:00Z,online,93,idle,,false,false,
PD-P3-2291,2026-08-12T04:13:00Z,online,92,idle,,false,false,
PD-P3-2291,2026-08-12T04:14:00Z,online,92,idle,,false,false,
PD-P3-2291,2026-08-12T04:15:00Z,online,92,idle,,false,false,
PD-P3-2291,2026-08-12T04:16:00Z,online,92,idle,,false,false,
PD-P3-2291,2026-08-12T04:17:00Z,online,92,idle,,false,false,
PD-P3-2291,2026-08-12T04:18:00Z,offline,91,,,false,false,
PD-P3-2291,2026-08-12T04:19:00Z,online,91,idle,,false,false,
PD-P3-2291,2026-08-12T04:20:00Z,online,91,idle,,false,false,
PD-P3-2291,2026-08-12T04:21:00Z,online,91,idle,,false,false,
PD-P3-2291,2026-08-12T04:22:00Z,online,91,idle,,false,false,
PD-P3-2291,2026-08-12T04:23:00Z,online,90,idle,,false,false,
PD-P3-2291,2026-08-12T04:24:00Z,online,90,idle,,false,false,
PD-P3-2291,2026-08-12T04:25:00Z,online,90,idle,,false,false,
PD-P3-2291,2026-08-12T04:26:00Z,online,93,charging,,false,true,
PD-P3-2291,2026-08-12T04:27:00Z,online,93,idle,,false,false,
PD-P3-2291,2026-08-12T04:28:00Z,online,93,idle,,false,false,
PD-P3-2291,2026-08-12T04:29:00Z,online,92,idle,,false,false,
PD-P3-2291,2026-08-12T04:30:00Z,online,92,idle,,false,false,
PD-P3-2291,2026-08-12T04:31:00Z,online,92,idle,,false,false,
PD-P3-2291,2026-08-12T04:32:00Z,online,92,idle,,false,false,
PD-P3-2291,2026-08-12T04:33:00Z,online,92,idle,,false,false,
PD-P3-2291,2026-08-12T04:34:00Z,online,91,idle,,false,false,
PD-P3-2291,2026-08-12T04:35:00Z,online,91,idle,,false,false,
PD-P3-2291,2026-08-12T04:36:00Z,online,91,idle,,false,false,
PD-P3-2291,2026-08-12T04:37:00Z,online,91,idle,,false,false,
PD-P3-2291,2026-08-12T04:38:00Z,online,91,idle,,false,false,
PD-P3-2291,2026-08-12T04:39:00Z,online,90,idle,,false,false,
PD-P3-2291,2026-08-12T04:40:00Z,online,90,idle,,false,false,
PD-P3-2291,2026-08-12T04:41:00Z,online,90,idle,,false,false,
PD-P3-2291,2026-08-12T04:42:00Z,online,93,charging,,false,true,
PD-P3-2291,2026-08-12T04:43:00Z,online,93,idle,,false,false,
PD-P3-2291,2026-08-12T04:44:00Z,online,93,idle,,false,false,
PD-P3-2291,2026-08-12T04:45:00Z,online,92,idle,,false,false,
PD-P3-2291,2026-08-12T04:46:00Z,online,92,idle,,false,false,
PD-P3-2291,2026-08-12T04:47:00Z,online,92,idle,,false,false,
PD-P3-2291,2026-08-12T04:48:00Z,online,92,idle,,false,false,
PD-P3-2291,2026-08-12T04:49:00Z,online,92,idle,,false,false,
PD-P3-2291,2026-08-12T04:50:00Z,online,91,idle,,false,false,
PD-P3-2291,2026-08-12T04:51:00Z,online,91,idle,,false,false,
PD-P3-2291,2026-08-12T04:52:00Z,online,91,idle,,false,false,
PD-P3-2291,2026-08-12T04:53:00Z,online,91,idle,,false,false,
PD-P3-2291,2026-08-12T04:54:00Z,online,91,idle,,false,false,
PD-P3-2291,2026-08-12T04:55:00Z,online,90,idle,,false,false,
PD-P3-2291,2026-08-12T04:56:00Z,online,90,idle,,false,false,
PD-P3-2291,2026-08-12T04:57:00Z,online,90,idle,,false,false,
PD-P3-2291,2026-08-12T04:58:00Z,online,93,charging,,false,true,
PD-P3-2291,2026-08-12T04:59:00Z,online,93,idle,,false,false,
PD-P3-2291,2026-08-12T05:00:00Z,online,93,idle,,false,false,
PD-P3-2291,2026-08-12T05:01:00Z,online,92,idle,,false,false,
PD-P3-2291,2026-08-12T05:02:00Z,online,92,idle,,false,false,
PD-P3-2291,2026-08-12T05:03:00Z,online,92,idle,,false,false,
PD-P3-2291,2026-08-12T05:04:00Z,online,92,idle,,false,false,
PD-P3-2291,2026-08-12T05:05:00Z,online,92,idle,,false,false,
PD-P3-2291,2026-08-12T05:06:00Z,online,91,idle,,false,false,
PD-P3-2291,2026-08-12T05:07:00Z,online,91,idle,,false,false,
PD-P3-2291,2026-08-12T05:08:00Z,online,91,idle,,false,false,
PD-P3-2291,2026-08-12T05:09:00Z,online,91,idle,,false,false,
PD-P3-2291,2026-08-12T05:10:00Z,online,91,idle,,false,false,
PD-P3-2291,2026-08-12T05:11:00Z,online,90,idle,,false,false,
PD-P3-2291,2026-08-12T05:12:00Z,online,90,idle,,false,false,
PD-P3-2291,2026-08-12T05:13:00Z,online,90,idle,,false,false,
PD-P3-2291,2026-08-12T05:14:00Z,online,93,charging,,false,true,
PD-P3-2291,2026-08-12T05:15:00Z,online,93,idle,,false,false,
PD-P3-2291,2026-08-12T05:16:00Z,online,93,idle,,false,false,
PD-P3-2291,2026-08-12T05:17:00Z,online,92,idle,,false,false,
PD-P3-2291,2026-08-12T05:18:00Z,online,92,idle,,false,false,
PD-P3-2291,2026-08-12T05:19:00Z,online,92,idle,,false,false,
PD-P3-2291,2026-08-12T05:20:00Z,online,92,idle,,false,false,
PD-P3-2291,2026-08-12T05:21:00Z,online,92,idle,,false,false,
PD-P3-2291,2026-08-12T05:22:00Z,online,91,idle,,false,false,
PD-P3-2291,2026-08-12T05:23:00Z,online,91,idle,,false,false,
PD-P3-2291,2026-08-12T05:24:00Z,online,91,idle,,false,false,
PD-P3-2291,2026-08-12T05:25:00Z,online,91,idle,,false,false,
PD-P3-2291,2026-08-12T05:26:00Z,online,91,idle,,false,false,
PD-P3-2291,2026-08-12T05:27:00Z,online,90,idle,,false,false,
PD-P3-2291,2026-08-12T05:28:00Z,online,90,idle,,false,false,
PD-P3-2291,2026-08-12T05:29:00Z,online,90,idle,,false,false,
PD-P3-2291,2026-08-12T05:30:00Z,online,93,charging,,false,true,
PD-P3-2291,2026-08-12T05:31:00Z,online,93,idle,,false,false,
PD-P3-2291,2026-08-12T05:32:00Z,online,93,idle,,false,false,
PD-P3-2291,2026-08-12T05:33:00Z,online,92,idle,,false,false,
PD-P3-2291,2026-08-12T05:34:00Z,online,92,idle,,false,false,
PD-P3-2291,2026-08-12T05:35:00Z,online,92,idle,,false,false,
PD-P3-2291,2026-08-12T05:36:00Z,online,92,idle,,false,false,
PD-P3-2291,2026-08-12T05:37:00Z,online,92,idle,,false,false,
PD-P3-2291,2026-08-12T05:38:00Z,online,91,idle,,false,false,
PD-P3-2291,2026-08-12T05:39:00Z,online,91,idle,,false,false,
PD-P3-2291,2026-08-12T05:40:00Z,offline,91,,,false,false,
PD-P3-2291,2026-08-12T05:41:00Z,online,91,idle,,false,false,
PD-P3-2291,2026-08-12T05:42:00Z,online,91,idle,,false,false,
PD-P3-2291,2026-08-12T05:43:00Z,online,90,idle,,false,false,
PD-P3-2291,2026-08-12T05:44:00Z,online,90,idle,,false,false,
PD-P3-2291,2026-08-12T05:45:00Z,online,90,idle,,false,false,
PD-P3-2291,2026-08-12T05:46:00Z,online,93,charging,,false,true,
PD-P3-2291,2026-08-12T05:47:00Z,online,93,idle,,false,false,
PD-P3-2291,2026-08-12T05:48:00Z,online,93,idle,,false,false,
PD-P3-2291,2026-08-12T05:49:00Z,online,92,idle,,false,false,
PD-P3-2291,2026-08-12T05:50:00Z,online,92,idle,,false,false,
PD-P3-2291,2026-08-12T05:51:00Z,online,92,idle,,false,false,
PD-P3-2291,2026-08-12T05:52:00Z,online,92,idle,,false,false,
PD-P3-2291,2026-08-12T05:53:00Z,online,92,idle,,false,false,
PD-P3-2291,2026-08-12T05:54:00Z,online,91,idle,,false,false,
PD-P3-2291,2026-08-12T05:55:00Z,online,91,idle,,false,false,
PD-P3-2291,2026-08-12T05:56:00Z,online,91,idle,,false,false,
PD-P3-2291,2026-08-12T05:57:00Z,online,91,idle,,false,false,
PD-P3-2291,2026-08-12T05:58:00Z,online,91,idle,,false,false,
PD-P3-2291,2026-08-12T05:59:00Z,online,90,idle,,false,false,
PD-P3-2291,2026-08-12T06:00:00Z,online,90,idle,,false,false,
PD-P3-2291,2026-08-12T06:01:00Z,online,90,idle,,false,false,
PD-P3-2291,2026-08-12T06:02:00Z,online,93,charging,,false,true,
PD-P3-2291,2026-08-12T06:03:00Z,online,93,idle,,false,false,
PD-P3-2291,2026-08-12T06:04:00Z,online,93,idle,,false,false,
PD-P3-2291,2026-08-12T06:05:00Z,online,92,idle,,false,false,
PD-P3-2291,2026-08-12T06:06:00Z,online,92,idle,,false,false,
PD-P3-2291,2026-08-12T06:07:00Z,online,92,idle,,false,false,
PD-P3-2291,2026-08-12T06:08:00Z,online,92,idle,,false,false,
PD-P3-2291,2026-08-12T06:09:00Z,online,92,idle,,false,false,
PD-P3-2291,2026-08-12T06:10:00Z,online,91,idle,,false,false,
PD-P3-2291,2026-08-12T06:11:00Z,online,91,idle,,false,false,
PD-P3-2291,2026-08-12T06:12:00Z,online,91,idle,,false,false,
PD-P3-2291,2026-08-12T06:13:00Z,offline,91,,,false,false,
PD-P3-2291,2026-08-12T06:14:00Z,online,91,idle,,false,false,
PD-P3-2291,2026-08-12T06:15:00Z,online,90,idle,,false,false,
PD-P3-2291,2026-08-12T06:16:00Z,online,90,idle,,false,false,
PD-P3-2291,2026-08-12T06:17:00Z,online,90,idle,,false,false,
PD-P3-2291,2026-08-12T06:18:00Z,online,93,charging,,false,true,
PD-P3-2291,2026-08-12T06:19:00Z,online,93,idle,,false,false,
PD-P3-2291,2026-08-12T06:20:00Z,online,93,idle,,false,false,
PD-P3-2291,2026-08-12T06:21:00Z,online,92,idle,,false,false,
PD-P3-2291,2026-08-12T06:22:00Z,online,92,idle,,false,false,
PD-P3-2291,2026-08-12T06:23:00Z,online,92,idle,,false,false,
PD-P3-2291,2026-08-12T06:24:00Z,online,92,idle,,false,false,
PD-P3-2291,2026-08-12T06:25:00Z,online,92,idle,,false,false,
PD-P3-2291,2026-08-12T06:26:00Z,online,91,idle,,false,false,
PD-P3-2291,2026-08-12T06:27:00Z,online,91,idle,,false,false,
PD-P3-2291,2026-08-12T06:28:00Z,online,91,idle,,false,false,
PD-P3-2291,2026-08-12T06:29:00Z,online,91,idle,,false,false,
PD-P3-2291,2026-08-12T06:30:00Z,online,91,idle,,false,false,
PD-P3-2291,2026-08-12T06:31:00Z,online,90,idle,,false,false,
PD-P3-2291,2026-08-12T06:32:00Z,online,90,idle,,false,false,
PD-P3-2291,2026-08-12T06:33:00Z,online,90,idle,,false,false,
PD-P3-2291,2026-08-12T06:34:00Z,online,93,charging,,false,true,
PD-P3-2291,2026-08-12T06:35:00Z,online,93,idle,,false,false,
PD-P3-2291,2026-08-12T06:36:00Z,online,93,idle,,false,false,
PD-P3-2291,2026-08-12T06:37:00Z,online,92,idle,,false,false,
PD-P3-2291,2026-08-12T06:38:00Z,online,92,idle,,false,false,
PD-P3-2291,2026-08-12T06:39:00Z,online,92,idle,,false,false,
PD-P3-2291,2026-08-12T06:40:00Z,online,92,idle,,false,false,
PD-P3-2291,2026-08-12T06:41:00Z,online,92,idle,,false,false,
PD-P3-2291,2026-08-12T06:42:00Z,online,91,idle,,false,false,
PD-P3-2291,2026-08-12T06:43:00Z,online,91,idle,,false,false,
PD-P3-2291,2026-08-12T06:44:00Z,online,91,idle,,false,false,
PD-P3-2291,2026-08-12T06:45:00Z,online,91,idle,,false,false,
PD-P3-2291,2026-08-12T06:46:00Z,online,91,idle,,false,false,
PD-P3-2291,2026-08-12T06:47:00Z,online,90,idle,,false,false,
PD-P3-2291,2026-08-12T06:48:00Z,online,90,idle,,false,false,
PD-P3-2291,2026-08-12T06:49:00Z,online,90,idle,,false,false,
PD-P3-2291,2026-08-12T06:50:00Z,online,93,charging,,false,true,
PD-P3-2291,2026-08-12T06:51:00Z,online,93,idle,,false,false,
PD-P3-2291,2026-08-12T06:52:00Z,online,93,idle,,false,false,
PD-P3-2291,2026-08-12T06:53:00Z,online,92,idle,,false,false,
PD-P3-2291,2026-08-12T06:54:00Z,online,92,idle,,false,false,
PD-P3-2291,2026-08-12T06:55:00Z,online,92,idle,,false,false,
PD-P3-2291,2026-08-12T06:56:00Z,online,92,idle,,false,false,
PD-P3-2291,2026-08-12T06:57:00Z,online,92,idle,,false,false,
PD-P3-2291,2026-08-12T06:58:00Z,online,91,idle,,false,false,
PD-P3-2291,2026-08-12T06:59:00Z,online,91,idle,,false,false,
PD-P3-2291,2026-08-12T07:00:00Z,online,91,idle,,false,false,
PD-P3-2291,2026-08-12T07:01:00Z,online,91,idle,,false,false,
PD-P3-2291,2026-08-12T07:02:00Z,online,91,idle,,false,false,
PD-P3-2291,2026-08-12T07:03:00Z,online,90,idle,,false,false,
PD-P3-2291,2026-08-12T07:04:00Z,online,90,idle,,false,false,
PD-P3-2291,2026-08-12T07:05:00Z,online,90,idle,,false,false,
PD-P3-2291,2026-08-12T07:06:00Z,online,93,charging,,false,true,
PD-P3-2291,2026-08-12T07:07:00Z,online,93,idle,,false,false,
PD-P3-2291,2026-08-12T07:08:00Z,online,93,idle,,false,false,
PD-P3-2291,2026-08-12T07:09:00Z,online,92,idle,,false,false,
PD-P3-2291,2026-08-12T07:10:00Z,online,92,idle,,false,false,
PD-P3-2291,2026-08-12T07:11:00Z,online,92,idle,,false,false,
PD-P3-2291,2026-08-12T07:12:00Z,online,92,idle,,false,false,
PD-P3-2291,2026-08-12T07:13:00Z,online,92,idle,,false,false,
PD-P3-2291,2026-08-12T07:14:00Z,online,91,idle,,false,false,
PD-P3-2291,2026-08-12T07:15:00Z,online,91,idle,,false,false,
PD-P3-2291,2026-08-12T07:16:00Z,online,91,idle,,false,false,
PD-P3-2291,2026-08-12T07:17:00Z,offline,91,,,false,false,
PD-P3-2291,2026-08-12T07:18:00Z,online,91,idle,,false,false,
PD-P3-2291,2026-08-12T07:19:00Z,online,90,idle,,false,false,
PD-P3-2291,2026-08-12T07:20:00Z,online,90,idle,,false,false,
PD-P3-2291,2026-08-12T07:21:00Z,online,90,idle,,false,false,
PD-P3-2291,2026-08-12T07:22:00Z,online,93,charging,,false,true,
PD-P3-2291,2026-08-12T07:23:00Z,online,93,idle,,false,false,
PD-P3-2291,2026-08-12T07:24:00Z,online,93,idle,,false,false,
PD-P3-2291,2026-08-12T07:25:00Z,online,92,idle,,false,false,
PD-P3-2291,2026-08-12T07:26:00Z,online,92,idle,,false,false,
PD-P3-2291,2026-08-12T07:27:00Z,online,92,idle,,false,false,
PD-P3-2291,2026-08-12T07:28:00Z,offline,92,,,false,false,
PD-P3-2291,2026-08-12T07:29:00Z,offline,92,,,false,false,
PD-P3-2291,2026-08-12T07:30:00Z,online,91,idle,,false,false,
PD-P3-2291,2026-08-12T07:31:00Z,online,91,idle,,false,false,
PD-P3-2291,2026-08-12T07:32:00Z,online,91,idle,,false,false,
PD-P3-2291,2026-08-12T07:33:00Z,online,91,idle,,false,false,
PD-P3-2291,2026-08-12T07:34:00Z,online,91,idle,,false,false,
PD-P3-2291,2026-08-12T07:35:00Z,online,90,idle,,false,false,
PD-P3-2291,2026-08-12T07:36:00Z,online,90,idle,,false,false,
PD-P3-2291,2026-08-12T07:37:00Z,online,90,idle,,false,false,
PD-P3-2291,2026-08-12T07:38:00Z,online,93,charging,,false,true,
PD-P3-2291,2026-08-12T07:39:00Z,online,93,idle,,false,false,
PD-P3-2291,2026-08-12T07:40:00Z,online,93,idle,,false,false,
PD-P3-2291,2026-08-12T07:41:00Z,online,92,idle,,false,false,
PD-P3-2291,2026-08-12T07:42:00Z,online,92,idle,,false,false,
PD-P3-2291,2026-08-12T07:43:00Z,online,92,idle,,false,false,
PD-P3-2291,2026-08-12T07:44:00Z,online,92,idle,,false,false,
PD-P3-2291,2026-08-12T07:45:00Z,online,92,idle,,false,false,
PD-P3-2291,2026-08-12T07:46:00Z,online,91,idle,,false,false,
PD-P3-2291,2026-08-12T07:47:00Z,online,91,idle,,false,false,
PD-P3-2291,2026-08-12T07:48:00Z,online,91,idle,,false,false,
PD-P3-2291,2026-08-12T07:49:00Z,online,91,idle,,false,false,
PD-P3-2291,2026-08-12T07:50:00Z,online,91,idle,,false,false,
PD-P3-2291,2026-08-12T07:51:00Z,online,90,idle,,false,false,
PD-P3-2291,2026-08-12T07:52:00Z,online,90,idle,,false,false,
PD-P3-2291,2026-08-12T07:53:00Z,online,90,idle,,false,false,
PD-P3-2291,2026-08-12T07:54:00Z,online,93,charging,,false,true,
PD-P3-2291,2026-08-12T07:55:00Z,online,93,idle,,false,false,
PD-P3-2291,2026-08-12T07:56:00Z,online,93,idle,,false,false,
PD-P3-2291,2026-08-12T07:57:00Z,offline,92,,,false,false,
PD-P3-2291,2026-08-12T07:58:00Z,online,92,idle,,false,false,
PD-P3-2291,2026-08-12T07:59:00Z,online,92,idle,,false,false,
PD-P3-2291,2026-08-12T08:00:00Z,online,92,idle,,false,false,
PD-P3-2291,2026-08-12T08:01:00Z,online,92,idle,,false,false,
PD-P3-2291,2026-08-12T08:02:00Z,online,91,idle,,false,false,
PD-P3-2291,2026-08-12T08:03:00Z,online,91,idle,,false,false,
PD-P3-2291,2026-08-12T08:04:00Z,online,91,idle,,false,false,
PD-P3-2291,2026-08-12T08:05:00Z,online,91,idle,,false,false,
PD-P3-2291,2026-08-12T08:06:00Z,online,91,idle,,false,false,
PD-P3-2291,2026-08-12T08:07:00Z,online,90,idle,,false,false,
PD-P3-2291,2026-08-12T08:08:00Z,online,90,idle,,false,false,
PD-P3-2291,2026-08-12T08:09:00Z,online,90,idle,,false,false,
PD-P3-2291,2026-08-12T08:10:00Z,online,93,charging,,false,true,
PD-P3-2291,2026-08-12T08:11:00Z,online,93,idle,,false,false,
PD-P3-2291,2026-08-12T08:12:00Z,online,93,idle,,false,false,
PD-P3-2291,2026-08-12T08:13:00Z,online,92,idle,,false,false,
PD-P3-2291,2026-08-12T08:14:00Z,online,92,idle,,false,false,
PD-P3-2291,2026-08-12T08:15:00Z,online,92,idle,,false,false,
PD-P3-2291,2026-08-12T08:16:00Z,online,92,idle,,false,false,
PD-P3-2291,2026-08-12T08:17:00Z,offline,92,,,false,false,
PD-P3-2291,2026-08-12T08:18:00Z,online,91,idle,,false,false,
PD-P3-2291,2026-08-12T08:19:00Z,online,91,idle,,false,false,
PD-P3-2291,2026-08-12T08:20:00Z,online,91,idle,,false,false,
PD-P3-2291,2026-08-12T08:21:00Z,online,91,idle,,false,false,
PD-P3-2291,2026-08-12T08:22:00Z,online,91,idle,,false,false,
PD-P3-2291,2026-08-12T08:23:00Z,online,90,idle,,false,false,
PD-P3-2291,2026-08-12T08:24:00Z,online,90,idle,,false,false,
PD-P3-2291,2026-08-12T08:25:00Z,online,90,idle,,false,false,
PD-P3-2291,2026-08-12T08:26:00Z,online,93,charging,,false,true,
PD-P3-2291,2026-08-12T08:27:00Z,online,93,idle,,false,false,
PD-P3-2291,2026-08-12T08:28:00Z,online,93,idle,,false,false,
PD-P3-2291,2026-08-12T08:29:00Z,online,92,idle,,false,false,
PD-P3-2291,2026-08-12T08:30:00Z,online,92,idle,,false,false,
PD-P3-2291,2026-08-12T08:31:00Z,online,92,idle,,false,false,
PD-P3-2291,2026-08-12T08:32:00Z,online,92,idle,,false,false,
PD-P3-2291,2026-08-12T08:33:00Z,online,92,idle,,false,false,
PD-P3-2291,2026-08-12T08:34:00Z,online,91,idle,,false,false,
PD-P3-2291,2026-08-12T08:35:00Z,online,91,idle,,false,false,
PD-P3-2291,2026-08-12T08:36:00Z,online,91,idle,,false,false,
PD-P3-2291,2026-08-12T08:37:00Z,online,91,idle,,false,false,
PD-P3-2291,2026-08-12T08:38:00Z,online,91,idle,,false,false,
PD-P3-2291,2026-08-12T08:39:00Z,online,90,idle,,false,false,
PD-P3-2291,2026-08-12T08:40:00Z,online,90,idle,,false,false,
PD-P3-2291,2026-08-12T08:41:00Z,online,90,idle,,false,false,
PD-P3-2291,2026-08-12T08:42:00Z,online,93,charging,,false,true,
PD-P3-2291,2026-08-12T08:43:00Z,online,93,idle,,false,false,
PD-P3-2291,2026-08-12T08:44:00Z,online,93,idle,,false,false,
PD-P3-2291,2026-08-12T08:45:00Z,online,92,idle,,false,false,
PD-P3-2291,2026-08-12T08:46:00Z,offline,92,,,false,false,
PD-P3-2291,2026-08-12T08:47:00Z,online,92,idle,,false,false,
PD-P3-2291,2026-08-12T08:48:00Z,online,92,idle,,false,false,
PD-P3-2291,2026-08-12T08:49:00Z,online,92,idle,,false,false,
PD-P3-2291,2026-08-12T08:50:00Z,online,91,idle,,false,false,
PD-P3-2291,2026-08-12T08:51:00Z,online,91,idle,,false,false,
PD-P3-2291,2026-08-12T08:52:00Z,online,91,idle,,false,false,
PD-P3-2291,2026-08-12T08:53:00Z,online,91,idle,,false,false,
PD-P3-2291,2026-08-12T08:54:00Z,online,91,idle,,false,false,
PD-P3-2291,2026-08-12T08:55:00Z,online,90,idle,,false,false,
PD-P3-2291,2026-08-12T08:56:00Z,online,90,idle,,false,false,
PD-P3-2291,2026-08-12T08:57:00Z,online,90,idle,,false,false,
PD-P3-2291,2026-08-12T08:58:00Z,online,93,charging,,false,true,
PD-P3-2291,2026-08-12T08:59:00Z,online,93,idle,,false,false,
PD-P3-2291,2026-08-12T09:00:00Z,online,93,idle,,false,false,
PD-P3-2291,2026-08-12T09:01:00Z,online,92,idle,,false,false,
PD-P3-2291,2026-08-12T09:02:00Z,online,92,idle,,false,false,
PD-P3-2291,2026-08-12T09:03:00Z,online,92,idle,,false,false,
PD-P3-2291,2026-08-12T09:04:00Z,online,92,idle,,false,false,
PD-P3-2291,2026-08-12T09:05:00Z,online,92,idle,,false,false,
PD-P3-2291,2026-08-12T09:06:00Z,online,91,idle,,false,false,
PD-P3-2291,2026-08-12T09:07:00Z,online,91,idle,,false,false,
PD-P3-2291,2026-08-12T09:08:00Z,offline,91,,,false,false,
PD-P3-2291,2026-08-12T09:09:00Z,online,91,idle,,false,false,
PD-P3-2291,2026-08-12T09:10:00Z,online,91,idle,,false,false,
PD-P3-2291,2026-08-12T09:11:00Z,online,90,idle,,false,false,
PD-P3-2291,2026-08-12T09:12:00Z,online,90,idle,,false,false,
PD-P3-2291,2026-08-12T09:13:00Z,online,90,idle,,false,false,
PD-P3-2291,2026-08-12T09:14:00Z,online,93,charging,,false,true,
PD-P3-2291,2026-08-12T09:15:00Z,online,93,idle,,false,false,
PD-P3-2291,2026-08-12T09:16:00Z,online,93,idle,,false,false,
PD-P3-2291,2026-08-12T09:17:00Z,offline,92,,,false,false,
PD-P3-2291,2026-08-12T09:18:00Z,online,92,idle,,false,false,
PD-P3-2291,2026-08-12T09:19:00Z,online,92,idle,,false,false,
PD-P3-2291,2026-08-12T09:20:00Z,online,92,idle,,false,false,
PD-P3-2291,2026-08-12T09:21:00Z,online,92,idle,,false,false,
PD-P3-2291,2026-08-12T09:22:00Z,online,91,idle,,false,false,
PD-P3-2291,2026-08-12T09:23:00Z,online,91,idle,,false,false,
PD-P3-2291,2026-08-12T09:24:00Z,online,91,idle,,false,false,
PD-P3-2291,2026-08-12T09:25:00Z,online,91,idle,,false,false,
PD-P3-2291,2026-08-12T09:26:00Z,online,91,idle,,false,false,
PD-P3-2291,2026-08-12T09:27:00Z,online,90,idle,,false,false,
PD-P3-2291,2026-08-12T09:28:00Z,online,90,idle,,false,false,
PD-P3-2291,2026-08-12T09:29:00Z,online,90,idle,,false,false,
PD-P3-2291,2026-08-12T09:30:00Z,online,93,charging,,false,true,
PD-P3-2291,2026-08-12T09:31:00Z,online,93,idle,,false,false,
PD-P3-2291,2026-08-12T09:32:00Z,online,93,idle,,false,false,
PD-P3-2291,2026-08-12T09:33:00Z,online,92,idle,,false,false,
PD-P3-2291,2026-08-12T09:34:00Z,online,92,idle,,false,false,
PD-P3-2291,2026-08-12T09:35:00Z,online,92,idle,,false,false,
PD-P3-2291,2026-08-12T09:36:00Z,online,92,idle,,false,false,
PD-P3-2291,2026-08-12T09:37:00Z,online,92,idle,,false,false,
PD-P3-2291,2026-08-12T09:38:00Z,online,91,idle,,false,false,
PD-P3-2291,2026-08-12T09:39:00Z,online,91,idle,,false,false,
PD-P3-2291,2026-08-12T09:40:00Z,online,91,idle,,false,false,
PD-P3-2291,2026-08-12T09:41:00Z,online,91,idle,,false,false,
PD-P3-2291,2026-08-12T09:42:00Z,online,91,idle,,false,false,
PD-P3-2291,2026-08-12T09:43:00Z,online,90,idle,,false,false,
PD-P3-2291,2026-08-12T09:44:00Z,online,90,idle,,false,false,
PD-P3-2291,2026-08-12T09:45:00Z,online,90,idle,,false,false,
PD-P3-2291,2026-08-12T09:46:00Z,online,93,charging,,false,true,
PD-P3-2291,2026-08-12T09:47:00Z,online,93,idle,,false,false,
PD-P3-2291,2026-08-12T09:48:00Z,online,93,idle,,false,false,
PD-P3-2291,2026-08-12T09:49:00Z,online,92,idle,,false,false,
PD-P3-2291,2026-08-12T09:50:00Z,online,92,idle,,false,false,
PD-P3-2291,2026-08-12T09:51:00Z,online,92,idle,,false,false,
PD-P3-2291,2026-08-12T09:52:00Z,online,92,idle,,false,false,
PD-P3-2291,2026-08-12T09:53:00Z,online,92,idle,,false,false,
PD-P3-2291,2026-08-12T09:54:00Z,online,91,idle,,false,false,
PD-P3-2291,2026-08-12T09:55:00Z,online,91,idle,,false,false,
PD-P3-2291,2026-08-12T09:56:00Z,online,91,idle,,false,false,
PD-P3-2291,2026-08-12T09:57:00Z,online,91,idle,,false,false,
PD-P3-2291,2026-08-12T09:58:00Z,online,91,idle,,false,false,
PD-P3-2291,2026-08-12T09:59:00Z,online,90,idle,,false,false,
PD-P3-2291,2026-08-12T10:00:00Z,online,90,idle,,false,false,
PD-P3-2291,2026-08-12T10:01:00Z,online,90,idle,,false,false,
PD-P3-2291,2026-08-12T10:02:00Z,online,93,charging,,false,true,
PD-P3-2291,2026-08-12T10:03:00Z,online,93,idle,,false,false,
PD-P3-2291,2026-08-12T10:04:00Z,online,93,idle,,false,false,
PD-P3-2291,2026-08-12T10:05:00Z,online,92,idle,,false,false,
PD-P3-2291,2026-08-12T10:06:00Z,online,92,idle,,false,false,
PD-P3-2291,2026-08-12T10:07:00Z,online,92,idle,,false,false,
PD-P3-2291,2026-08-12T10:08:00Z,online,92,idle,,false,false,
PD-P3-2291,2026-08-12T10:09:00Z,online,92,idle,,false,false,
PD-P3-2291,2026-08-12T10:10:00Z,online,91,idle,,false,false,
PD-P3-2291,2026-08-12T10:11:00Z,online,91,idle,,false,false,
PD-P3-2291,2026-08-12T10:12:00Z,online,91,idle,,false,false,
PD-P3-2291,2026-08-12T10:13:00Z,online,91,idle,,false,false,
PD-P3-2291,2026-08-12T10:14:00Z,online,91,idle,,false,false,
PD-P3-2291,2026-08-12T10:15:00Z,online,90,idle,,false,false,
PD-P3-2291,2026-08-12T10:16:00Z,online,90,idle,,false,false,
PD-P3-2291,2026-08-12T10:17:00Z,online,90,idle,,false,false,
PD-P3-2291,2026-08-12T10:18:00Z,online,93,charging,,false,true,
PD-P3-2291,2026-08-12T10:19:00Z,online,93,idle,,false,false,
PD-P3-2291,2026-08-12T10:20:00Z,online,93,idle,,false,false,
PD-P3-2291,2026-08-12T10:21:00Z,online,92,idle,,false,false,
PD-P3-2291,2026-08-12T10:22:00Z,online,92,idle,,false,false,
PD-P3-2291,2026-08-12T10:23:00Z,online,92,idle,,false,false,
PD-P3-2291,2026-08-12T10:24:00Z,online,92,idle,,false,false,
PD-P3-2291,2026-08-12T10:25:00Z,online,92,idle,,false,false,
PD-P3-2291,2026-08-12T10:26:00Z,online,91,idle,,false,false,
PD-P3-2291,2026-08-12T10:27:00Z,online,91,idle,,false,false,
PD-P3-2291,2026-08-12T10:28:00Z,online,91,idle,,false,false,
PD-P3-2291,2026-08-12T10:29:00Z,online,91,idle,,false,false,
PD-P3-2291,2026-08-12T10:30:00Z,online,91,idle,,false,false,
PD-P3-2291,2026-08-12T10:31:00Z,online,90,idle,,false,false,
PD-P3-2291,2026-08-12T10:32:00Z,online,90,idle,,false,false,
PD-P3-2291,2026-08-12T10:33:00Z,online,90,idle,,false,false,
PD-P3-2291,2026-08-12T10:34:00Z,online,93,charging,,false,true,
PD-P3-2291,2026-08-12T10:35:00Z,online,93,idle,,false,false,
PD-P3-2291,2026-08-12T10:36:00Z,online,93,idle,,false,false,
PD-P3-2291,2026-08-12T10:37:00Z,online,92,idle,,false,false,
PD-P3-2291,2026-08-12T10:38:00Z,online,92,idle,,false,false,
PD-P3-2291,2026-08-12T10:39:00Z,online,92,idle,,false,false,
PD-P3-2291,2026-08-12T10:40:00Z,offline,92,,,false,false,
PD-P3-2291,2026-08-12T10:41:00Z,online,92,idle,,false,false,
PD-P3-2291,2026-08-12T10:42:00Z,online,91,idle,,false,false,
PD-P3-2291,2026-08-12T10:43:00Z,online,91,idle,,false,false,
PD-P3-2291,2026-08-12T10:44:00Z,online,91,idle,,false,false,
PD-P3-2291,2026-08-12T10:45:00Z,online,91,idle,,false,false,
PD-P3-2291,2026-08-12T10:46:00Z,online,91,idle,,false,false,
PD-P3-2291,2026-08-12T10:47:00Z,online,90,idle,,false,false,
PD-P3-2291,2026-08-12T10:48:00Z,online,90,idle,,false,false,
PD-P3-2291,2026-08-12T10:49:00Z,offline,90,,,false,false,
PD-P3-2291,2026-08-12T10:50:00Z,online,93,charging,,false,true,
PD-P3-2291,2026-08-12T10:51:00Z,online,93,idle,,false,false,
PD-P3-2291,2026-08-12T10:52:00Z,online,93,idle,,false,false,
PD-P3-2291,2026-08-12T10:53:00Z,online,92,idle,,false,false,
PD-P3-2291,2026-08-12T10:54:00Z,online,92,idle,,false,false,
PD-P3-2291,2026-08-12T10:55:00Z,online,92,idle,,false,false,
PD-P3-2291,2026-08-12T10:56:00Z,online,92,idle,,false,false,
PD-P3-2291,2026-08-12T10:57:00Z,online,92,idle,,false,false,
PD-P3-2291,2026-08-12T10:58:00Z,offline,91,,,false,false,
PD-P3-2291,2026-08-12T10:59:00Z,online,91,idle,,false,false,
PD-P3-2291,2026-08-12T11:00:00Z,online,90,active,2291-m0001,false,false,
PD-P3-2291,2026-08-12T11:01:00Z,online,90,idle,,false,false,
PD-P3-2291,2026-08-12T11:02:00Z,online,89,idle,,false,false,
PD-P3-2291,2026-08-12T11:03:00Z,online,89,idle,,false,false,
PD-P3-2291,2026-08-12T11:04:00Z,online,88,active,2291-m0001,false,false,
PD-P3-2291,2026-08-12T11:05:00Z,online,88,idle,,false,false,
PD-P3-2291,2026-08-12T11:06:00Z,online,87,idle,,false,false,
PD-P3-2291,2026-08-12T11:07:00Z,online,87,idle,,false,false,
PD-P3-2291,2026-08-12T11:08:00Z,online,87,idle,,false,false,
PD-P3-2291,2026-08-12T11:09:00Z,online,87,idle,,false,false,
PD-P3-2291,2026-08-12T11:10:00Z,online,85,active,2291-m0001,false,false,
PD-P3-2291,2026-08-12T11:11:00Z,online,84,active,2291-m0002,false,false,
PD-P3-2291,2026-08-12T11:12:00Z,online,83,active,2291-m0002,false,false,
PD-P3-2291,2026-08-12T11:13:00Z,online,82,idle,,false,false,
PD-P3-2291,2026-08-12T11:14:00Z,online,81,active,2291-m0002,false,false,
PD-P3-2291,2026-08-12T11:15:00Z,online,81,idle,,false,false,
PD-P3-2291,2026-08-12T11:16:00Z,online,81,idle,,false,false,
PD-P3-2291,2026-08-12T11:17:00Z,online,80,idle,,false,false,
PD-P3-2291,2026-08-12T11:18:00Z,online,79,active,2291-m0003,false,false,
PD-P3-2291,2026-08-12T11:19:00Z,online,79,idle,,false,false,
PD-P3-2291,2026-08-12T11:20:00Z,online,79,idle,,false,false,
PD-P3-2291,2026-08-12T11:21:00Z,online,77,active,2291-m0004,false,false,E210
PD-P3-2291,2026-08-12T11:22:00Z,online,77,idle,,false,false,
PD-P3-2291,2026-08-12T11:23:00Z,online,77,idle,,false,false,
PD-P3-2291,2026-08-12T11:24:00Z,online,77,idle,,false,false,
PD-P3-2291,2026-08-12T11:25:00Z,online,75,active,2291-m0004,false,false,
PD-P3-2291,2026-08-12T11:26:00Z,online,74,active,2291-m0005,false,false,
PD-P3-2291,2026-08-12T11:27:00Z,online,72,active,2291-m0005,false,false,E210
PD-P3-2291,2026-08-12T11:28:00Z,online,72,idle,,false,false,
PD-P3-2291,2026-08-12T11:29:00Z,online,72,idle,,false,false,
PD-P3-2291,2026-08-12T11:30:00Z,online,71,active,2291-m0006,false,false,
PD-P3-2291,2026-08-12T11:31:00Z,online,70,idle,,false,false,
PD-P3-2291,2026-08-12T11:32:00Z,online,69,active,2291-m0006,false,false,
PD-P3-2291,2026-08-12T11:33:00Z,online,68,active,2291-m0006,false,false,
PD-P3-2291,2026-08-12T11:34:00Z,online,67,idle,,false,false,
PD-P3-2291,2026-08-12T11:35:00Z,online,66,active,2291-m0006,false,false,
PD-P3-2291,2026-08-12T11:36:00Z,online,65,active,2291-m0006,false,false,
PD-P3-2291,2026-08-12T11:37:00Z,online,63,active,2291-m0006,false,false,
PD-P3-2291,2026-08-12T11:38:00Z,online,62,active,2291-m0006,false,false,
PD-P3-2291,2026-08-12T11:39:00Z,online,62,idle,,false,false,
PD-P3-2291,2026-08-12T11:40:00Z,online,60,active,2291-m0006,false,false,
PD-P3-2291,2026-08-12T11:41:00Z,online,60,idle,,false,false,
PD-P3-2291,2026-08-12T11:42:00Z,online,59,active,2291-m0006,false,false,
PD-P3-2291,2026-08-12T11:43:00Z,online,57,active,2291-m0006,false,false,
PD-P3-2291,2026-08-12T11:44:00Z,online,57,idle,,false,false,
PD-P3-2291,2026-08-12T11:45:00Z,online,57,idle,,false,false,
PD-P3-2291,2026-08-12T11:46:00Z,online,55,active,2291-m0006,false,false,
PD-P3-2291,2026-08-12T11:47:00Z,online,55,idle,,false,false,
PD-P3-2291,2026-08-12T11:48:00Z,online,54,active,2291-m0007,false,false,
PD-P3-2291,2026-08-12T11:49:00Z,online,52,active,2291-m0007,false,false,
PD-P3-2291,2026-08-12T11:50:00Z,online,52,idle,,false,false,
PD-P3-2291,2026-08-12T11:51:00Z,online,52,idle,,false,false,
PD-P3-2291,2026-08-12T11:52:00Z,online,51,active,2291-m0008,false,false,
PD-P3-2291,2026-08-12T11:53:00Z,online,50,idle,,false,false,
PD-P3-2291,2026-08-12T11:54:00Z,online,49,active,2291-m0009,false,false,
PD-P3-2291,2026-08-12T11:55:00Z,online,49,idle,,false,false,
PD-P3-2291,2026-08-12T11:56:00Z,online,49,idle,,false,false,
PD-P3-2291,2026-08-12T11:57:00Z,online,48,idle,,false,false,
PD-P3-2291,2026-08-12T11:58:00Z,online,47,active,2291-m0009,false,false,
PD-P3-2291,2026-08-12T11:59:00Z,online,46,active,2291-m0009,false,false,
PD-P3-2291,2026-08-12T12:00:00Z,online,44,active,2291-m0010,false,false,
PD-P3-2291,2026-08-12T12:01:00Z,online,43,active,2291-m0010,false,false,
PD-P3-2291,2026-08-12T12:02:00Z,online,41,active,2291-m0010,false,false,
PD-P3-2291,2026-08-12T12:03:00Z,online,41,idle,,false,false,
PD-P3-2291,2026-08-12T12:04:00Z,online,41,idle,,false,false,
PD-P3-2291,2026-08-12T12:05:00Z,online,41,idle,,false,false,
PD-P3-2291,2026-08-12T12:06:00Z,online,39,active,2291-m0010,false,false,
PD-P3-2291,2026-08-12T12:07:00Z,online,38,active,2291-m0011,false,false,
PD-P3-2291,2026-08-12T12:08:00Z,online,37,active,2291-m0011,false,false,
PD-P3-2291,2026-08-12T12:09:00Z,online,35,active,2291-m0012,false,false,
PD-P3-2291,2026-08-12T12:10:00Z,online,34,active,2291-m0012,false,false,
PD-P3-2291,2026-08-12T12:11:00Z,online,34,idle,,false,false,
PD-P3-2291,2026-08-12T12:12:00Z,online,33,idle,,false,false,
PD-P3-2291,2026-08-12T12:13:00Z,online,33,idle,,false,false,
PD-P3-2291,2026-08-12T12:14:00Z,online,32,active,2291-m0012,false,false,
PD-P3-2291,2026-08-12T12:15:00Z,online,32,idle,,false,false,
PD-P3-2291,2026-08-12T12:16:00Z,online,30,active,2291-m0013,false,false,
PD-P3-2291,2026-08-12T12:17:00Z,online,29,active,2291-m0013,false,false,
PD-P3-2291,2026-08-12T12:18:00Z,online,29,idle,,false,false,
PD-P3-2291,2026-08-12T12:19:00Z,online,28,idle,,false,false,
PD-P3-2291,2026-08-12T12:20:00Z,online,28,idle,,false,false,
PD-P3-2291,2026-08-12T12:21:00Z,online,28,idle,,false,false,
PD-P3-2291,2026-08-12T12:22:00Z,online,28,idle,,false,false,
PD-P3-2291,2026-08-12T12:23:00Z,online,28,idle,,false,false,
PD-P3-2291,2026-08-12T12:24:00Z,online,26,active,2291-m0013,false,false,
PD-P3-2291,2026-08-12T12:25:00Z,online,25,active,2291-m0013,false,false,
PD-P3-2291,2026-08-12T12:26:00Z,online,25,idle,,false,false,
PD-P3-2291,2026-08-12T12:27:00Z,online,24,idle,,false,false,
PD-P3-2291,2026-08-12T12:28:00Z,online,23,active,2291-m0013,false,false,
PD-P3-2291,2026-08-12T12:29:00Z,online,22,active,2291-m0013,false,false,
PD-P3-2291,2026-08-12T12:30:00Z,online,21,idle,,false,false,
PD-P3-2291,2026-08-12T12:31:00Z,online,20,active,2291-m0013,false,false,
PD-P3-2291,2026-08-12T12:32:00Z,online,20,idle,,false,false,
PD-P3-2291,2026-08-12T12:33:00Z,online,18,active,2291-m0013,false,false,
PD-P3-2291,2026-08-12T12:34:00Z,online,18,idle,,false,false,
PD-P3-2291,2026-08-12T12:35:00Z,online,18,idle,,false,false,
PD-P3-2291,2026-08-12T12:36:00Z,online,17,active,2291-m0013,false,false,
PD-P3-2291,2026-08-12T12:37:00Z,online,15,active,2291-m0013,false,false,
PD-P3-2291,2026-08-12T12:38:00Z,online,14,active,2291-m0013,false,false,
PD-P3-2291,2026-08-12T12:39:00Z,online,14,idle,,false,false,
PD-P3-2291,2026-08-12T12:40:00Z,online,12,active,2291-m0013,false,false,
PD-P3-2291,2026-08-12T12:41:00Z,online,12,active,2291-m0013,false,false,
PD-P3-2291,2026-08-12T12:42:00Z,online,12,active,2291-m0013,false,false,
PD-P3-2291,2026-08-12T12:43:00Z,online,12,idle,,false,false,
PD-P3-2291,2026-08-12T12:44:00Z,online,12,idle,,false,false,
PD-P3-2291,2026-08-12T12:45:00Z,online,12,active,2291-m0013,false,false,
PD-P3-2291,2026-08-12T12:46:00Z,online,12,idle,,false,false,
PD-P3-2291,2026-08-12T12:47:00Z,online,12,active,2291-m0013,false,false,
PD-P3-2291,2026-08-12T12:48:00Z,online,12,idle,,false,false,
PD-P3-2291,2026-08-12T12:49:00Z,online,12,idle,,false,false,
PD-P3-2291,2026-08-12T12:50:00Z,online,12,active,2291-m0014,false,false,
PD-P3-2291,2026-08-12T12:51:00Z,online,12,active,2291-m0014,false,false,
PD-P3-2291,2026-08-12T12:52:00Z,online,12,idle,,false,false,
PD-P3-2291,2026-08-12T12:53:00Z,online,12,idle,,false,false,
PD-P3-2291,2026-08-12T12:54:00Z,online,12,idle,,false,false,
PD-P3-2291,2026-08-12T12:55:00Z,online,12,active,2291-m0015,false,false,
PD-P3-2291,2026-08-12T12:56:00Z,online,12,active,2291-m0015,false,false,
PD-P3-2291,2026-08-12T12:57:00Z,online,12,active,2291-m0015,false,false,
PD-P3-2291,2026-08-12T12:58:00Z,online,12,active,2291-m0015,false,false,
PD-P3-2291,2026-08-12T12:59:00Z,online,12,idle,,false,false,
PD-P3-2291,2026-08-12T13:00:00Z,online,12,idle,,false,false,
PD-P3-2291,2026-08-12T13:01:00Z,online,12,active,2291-m0016,false,false,
PD-P3-2291,2026-08-12T13:02:00Z,online,12,idle,,false,false,
PD-P3-2291,2026-08-12T13:03:00Z,online,12,idle,,false,false,
PD-P3-2291,2026-08-12T13:04:00Z,online,12,idle,,false,false,
PD-P3-2291,2026-08-12T13:05:00Z,online,12,active,2291-m0017,false,false,E210
PD-P3-2291,2026-08-12T13:06:00Z,online,12,active,2291-m0017,false,false,
PD-P3-2291,2026-08-12T13:07:00Z,online,12,active,2291-m0017,false,false,
PD-P3-2291,2026-08-12T13:08:00Z,online,12,active,2291-m0017,false,false,
PD-P3-2291,2026-08-12T13:09:00Z,online,12,idle,,false,false,
PD-P3-2291,2026-08-12T13:10:00Z,online,12,active,2291-m0017,false,false,
PD-P3-2291,2026-08-12T13:11:00Z,online,12,idle,,false,false,
PD-P3-2291,2026-08-12T13:12:00Z,online,12,idle,,false,false,
PD-P3-2291,2026-08-12T13:13:00Z,online,12,idle,,false,false,
PD-P3-2291,2026-08-12T13:14:00Z,online,12,active,2291-m0017,false,false,E210
PD-P3-2291,2026-08-12T13:15:00Z,online,12,idle,,false,false,
PD-P3-2291,2026-08-12T13:16:00Z,online,12,active,2291-m0018,false,false,
PD-P3-2291,2026-08-12T13:17:00Z,online,12,idle,,false,false,
PD-P3-2291,2026-08-12T13:18:00Z,online,12,active,2291-m0018,false,false,
PD-P3-2291,2026-08-12T13:19:00Z,online,12,active,2291-m0018,false,false,
PD-P3-2291,2026-08-12T13:20:00Z,online,12,active,2291-m0019,false,false,
PD-P3-2291,2026-08-12T13:21:00Z,online,12,active,2291-m0019,false,false,
PD-P3-2291,2026-08-12T13:22:00Z,online,12,idle,,false,false,
PD-P3-2291,2026-08-12T13:23:00Z,online,12,idle,,false,false,
PD-P3-2291,2026-08-12T13:24:00Z,online,12,active,2291-m0019,false,false,
PD-P3-2291,2026-08-12T13:25:00Z,online,12,active,2291-m0019,false,false,
PD-P3-2291,2026-08-12T13:26:00Z,online,12,idle,,false,false,
PD-P3-2291,2026-08-12T13:27:00Z,online,12,idle,,false,false,
PD-P3-2291,2026-08-12T13:28:00Z,online,12,idle,,false,false,
PD-P3-2291,2026-08-12T13:29:00Z,online,12,idle,,false,false,
PD-P3-2291,2026-08-12T13:30:00Z,online,12,active,2291-m0020,false,false,
PD-P3-2291,2026-08-12T13:31:00Z,online,12,idle,,false,false,
PD-P3-2291,2026-08-12T13:32:00Z,online,12,idle,,false,false,
PD-P3-2291,2026-08-12T13:33:00Z,online,12,active,2291-m0020,false,false,
PD-P3-2291,2026-08-12T13:34:00Z,online,12,active,2291-m0020,false,false,
PD-P3-2291,2026-08-12T13:35:00Z,online,12,idle,,false,false,
PD-P3-2291,2026-08-12T13:36:00Z,online,12,active,2291-m0021,false,false,
PD-P3-2291,2026-08-12T13:37:00Z,online,12,active,2291-m0021,false,false,
PD-P3-2291,2026-08-12T13:38:00Z,online,12,idle,,false,false,
PD-P3-2291,2026-08-12T13:39:00Z,online,12,active,2291-m0022,false,false,
PD-P3-2291,2026-08-12T13:40:00Z,online,12,idle,,false,false,
PD-P3-2291,2026-08-12T13:41:00Z,online,12,idle,,false,false,
PD-P3-2291,2026-08-12T13:42:00Z,online,12,active,2291-m0023,false,false,
PD-P3-2291,2026-08-12T13:43:00Z,online,12,idle,,false,false,
PD-P3-2291,2026-08-12T13:44:00Z,online,12,idle,,false,false,
PD-P3-2291,2026-08-12T13:45:00Z,online,12,active,2291-m0024,false,false,
PD-P3-2291,2026-08-12T13:46:00Z,online,12,idle,,false,false,
PD-P3-2291,2026-08-12T13:47:00Z,online,12,active,2291-m0024,false,false,
PD-P3-2291,2026-08-12T13:48:00Z,online,12,active,2291-m0025,false,false,
PD-P3-2291,2026-08-12T13:49:00Z,online,12,idle,,false,false,
PD-P3-2291,2026-08-12T13:50:00Z,online,12,idle,,false,false,
PD-P3-2291,2026-08-12T13:51:00Z,online,12,idle,,false,false,
PD-P3-2291,2026-08-12T13:52:00Z,online,12,idle,,false,false,
PD-P3-2291,2026-08-12T13:53:00Z,online,12,idle,,false,false,
PD-P3-2291,2026-08-12T13:54:00Z,online,12,idle,,false,false,
PD-P3-2291,2026-08-12T13:55:00Z,online,12,idle,,false,false,
PD-P3-2291,2026-08-12T13:56:00Z,online,12,active,2291-m0025,false,false,
PD-P3-2291,2026-08-12T13:57:00Z,online,12,idle,,false,false,
PD-P3-2291,2026-08-12T13:58:00Z,online,12,idle,,false,false,
PD-P3-2291,2026-08-12T13:59:00Z,online,12,idle,,false,false,
PD-P3-2291,2026-08-12T14:00:00Z,online,12,active,2291-m0025,false,false,
PD-P3-2291,2026-08-12T14:01:00Z,online,12,active,2291-m0025,false,false,
PD-P3-2291,2026-08-12T14:02:00Z,online,12,active,2291-m0025,false,false,
PD-P3-2291,2026-08-12T14:03:00Z,online,12,active,2291-m0025,false,false,
PD-P3-2291,2026-08-12T14:04:00Z,online,12,active,2291-m0025,false,false,
PD-P3-2291,2026-08-12T14:05:00Z,online,12,idle,,false,false,
PD-P3-2291,2026-08-12T14:06:00Z,online,12,active,2291-m0026,false,false,
PD-P3-2291,2026-08-12T14:07:00Z,online,12,idle,,false,false,
PD-P3-2291,2026-08-12T14:08:00Z,online,12,idle,,false,false,
PD-P3-2291,2026-08-12T14:09:00Z,online,12,idle,,false,false,
PD-P3-2291,2026-08-12T14:10:00Z,online,12,active,2291-m0026,false,false,
PD-P3-2291,2026-08-12T14:11:00Z,online,12,active,2291-m0027,false,false,
PD-P3-2291,2026-08-12T14:12:00Z,online,12,active,2291-m0027,false,false,
PD-P3-2291,2026-08-12T14:13:00Z,online,12,idle,,false,false,
PD-P3-2291,2026-08-12T14:14:00Z,online,12,active,2291-m0028,false,false,
PD-P3-2291,2026-08-12T14:15:00Z,online,12,idle,,false,false,
PD-P3-2291,2026-08-12T14:16:00Z,online,12,active,2291-m0028,false,false,
PD-P3-2291,2026-08-12T14:17:00Z,online,12,active,2291-m0029,false,false,
PD-P3-2291,2026-08-12T14:18:00Z,online,12,active,2291-m0029,false,false,
PD-P3-2291,2026-08-12T14:19:00Z,online,12,idle,,false,false,
PD-P3-2291,2026-08-12T14:20:00Z,online,12,idle,,false,false,
PD-P3-2291,2026-08-12T14:21:00Z,online,12,idle,,false,false,
PD-P3-2291,2026-08-12T14:22:00Z,online,12,active,2291-m0029,false,false,
PD-P3-2291,2026-08-12T14:23:00Z,online,12,active,2291-m0029,false,false,
PD-P3-2291,2026-08-12T14:24:00Z,online,12,active,2291-m0029,false,false,
PD-P3-2291,2026-08-12T14:25:00Z,online,12,idle,,false,false,
PD-P3-2291,2026-08-12T14:26:00Z,online,12,idle,,false,false,
PD-P3-2291,2026-08-12T14:27:00Z,online,12,idle,,false,false,
PD-P3-2291,2026-08-12T14:28:00Z,online,12,idle,,false,false,
PD-P3-2291,2026-08-12T14:29:00Z,online,12,idle,,false,false,
PD-P3-2291,2026-08-12T14:30:00Z,online,12,idle,,false,false,
PD-P3-2291,2026-08-12T14:31:00Z,online,12,active,2291-m0029,false,false,
PD-P3-2291,2026-08-12T14:32:00Z,online,12,active,2291-m0029,false,false,
PD-P3-2291,2026-08-12T14:33:00Z,online,12,active,2291-m0030,false,false,
PD-P3-2291,2026-08-12T14:34:00Z,online,12,active,2291-m0030,false,false,
PD-P3-2291,2026-08-12T14:35:00Z,online,12,idle,,false,false,
PD-P3-2291,2026-08-12T14:36:00Z,online,12,active,2291-m0031,false,false,
PD-P3-2291,2026-08-12T14:37:00Z,online,12,idle,,false,false,
PD-P3-2291,2026-08-12T14:38:00Z,online,12,idle,,false,false,
PD-P3-2291,2026-08-12T14:39:00Z,online,12,active,2291-m0031,false,false,E210
PD-P3-2291,2026-08-12T14:40:00Z,online,12,idle,,false,false,
PD-P3-2291,2026-08-12T14:41:00Z,online,12,idle,,false,false,
PD-P3-2291,2026-08-12T14:42:00Z,online,12,idle,,false,false,
PD-P3-2291,2026-08-12T14:43:00Z,online,12,active,2291-m0031,false,false,
PD-P3-2291,2026-08-12T14:44:00Z,online,12,active,2291-m0031,false,false,
PD-P3-2291,2026-08-12T14:45:00Z,online,12,active,2291-m0031,false,false,
PD-P3-2291,2026-08-12T14:46:00Z,online,12,active,2291-m0032,false,false,
PD-P3-2291,2026-08-12T14:47:00Z,online,12,active,2291-m0033,false,false,
PD-P3-2291,2026-08-12T14:48:00Z,online,12,idle,,false,false,
PD-P3-2291,2026-08-12T14:49:00Z,online,12,active,2291-m0033,false,false,
PD-P3-2291,2026-08-12T14:50:00Z,online,12,idle,,false,false,
PD-P3-2291,2026-08-12T14:51:00Z,online,12,idle,,false,false,
PD-P3-2291,2026-08-12T14:52:00Z,online,12,idle,,false,false,
PD-P3-2291,2026-08-12T14:53:00Z,online,12,active,2291-m0033,false,false,
PD-P3-2291,2026-08-12T14:54:00Z,online,12,active,2291-m0033,false,false,E210
PD-P3-2291,2026-08-12T14:55:00Z,online,12,active,2291-m0033,false,false,
PD-P3-2291,2026-08-12T14:56:00Z,online,12,active,2291-m0033,false,false,
PD-P3-2291,2026-08-12T14:57:00Z,online,12,idle,,false,false,
PD-P3-2291,2026-08-12T14:58:00Z,online,12,active,2291-m0034,false,false,
PD-P3-2291,2026-08-12T14:59:00Z,online,12,idle,,false,false,
PD-P3-2291,2026-08-12T15:00:00Z,online,12,idle,,false,false,
PD-P3-2291,2026-08-12T15:01:00Z,online,12,active,2291-m0034,false,false,
PD-P3-2291,2026-08-12T15:02:00Z,online,12,idle,,false,false,
PD-P3-2291,2026-08-12T15:03:00Z,online,12,active,2291-m0035,false,false,
PD-P3-2291,2026-08-12T15:04:00Z,online,12,idle,,false,false,
PD-P3-2291,2026-08-12T15:05:00Z,online,12,active,2291-m0035,false,false,
PD-P3-2291,2026-08-12T15:06:00Z,online,12,idle,,false,false,
PD-P3-2291,2026-08-12T15:07:00Z,online,12,active,2291-m0035,false,false,
PD-P3-2291,2026-08-12T15:08:00Z,online,12,idle,,false,false,
PD-P3-2291,2026-08-12T15:09:00Z,online,12,idle,,false,false,
PD-P3-2291,2026-08-12T15:10:00Z,online,12,idle,,false,false,
PD-P3-2291,2026-08-12T15:11:00Z,online,12,idle,,false,false,
PD-P3-2291,2026-08-12T15:12:00Z,online,12,idle,,false,false,
PD-P3-2291,2026-08-12T15:13:00Z,online,12,idle,,false,false,
PD-P3-2291,2026-08-12T15:14:00Z,online,12,idle,,false,false,
PD-P3-2291,2026-08-12T15:15:00Z,online,12,active,2291-m0035,false,false,
PD-P3-2291,2026-08-12T15:16:00Z,online,12,active,2291-m0035,false,false,
PD-P3-2291,2026-08-12T15:17:00Z,online,12,idle,,false,false,
PD-P3-2291,2026-08-12T15:18:00Z,online,12,idle,,false,false,
PD-P3-2291,2026-08-12T15:19:00Z,online,12,active,2291-m0035,false,false,
PD-P3-2291,2026-08-12T15:20:00Z,online,12,idle,,false,false,
PD-P3-2291,2026-08-12T15:21:00Z,online,12,active,2291-m0036,false,false,
PD-P3-2291,2026-08-12T15:22:00Z,online,12,idle,,false,false,
PD-P3-2291,2026-08-12T15:23:00Z,online,12,active,2291-m0036,false,false,
PD-P3-2291,2026-08-12T15:24:00Z,online,12,idle,,false,false,
PD-P3-2291,2026-08-12T15:25:00Z,online,12,idle,,false,false,
PD-P3-2291,2026-08-12T15:26:00Z,online,12,idle,,false,false,
PD-P3-2291,2026-08-12T15:27:00Z,online,12,idle,,false,false,
PD-P3-2291,2026-08-12T15:28:00Z,online,12,active,2291-m0036,false,false,
PD-P3-2291,2026-08-12T15:29:00Z,online,12,idle,,false,false,
PD-P3-2291,2026-08-12T15:30:00Z,online,12,active,2291-m0036,false,false,
PD-P3-2291,2026-08-12T15:31:00Z,online,12,active,2291-m0036,false,false,
PD-P3-2291,2026-08-12T15:32:00Z,online,12,active,2291-m0036,false,false,E210
PD-P3-2291,2026-08-12T15:33:00Z,online,12,idle,,false,false,
PD-P3-2291,2026-08-12T15:34:00Z,online,12,active,2291-m0036,false,false,
PD-P3-2291,2026-08-12T15:35:00Z,online,12,active,2291-m0036,false,false,
PD-P3-2291,2026-08-12T15:36:00Z,online,12,active,2291-m0036,false,false,
PD-P3-2291,2026-08-12T15:37:00Z,online,12,idle,,false,false,
PD-P3-2291,2026-08-12T15:38:00Z,online,12,idle,,false,false,
PD-P3-2291,2026-08-12T15:39:00Z,online,12,idle,,false,false,
PD-P3-2291,2026-08-12T15:40:00Z,online,12,idle,,false,false,
PD-P3-2291,2026-08-12T15:41:00Z,online,12,idle,,false,false,
PD-P3-2291,2026-08-12T15:42:00Z,online,12,active,2291-m0036,false,false,
PD-P3-2291,2026-08-12T15:43:00Z,online,12,active,2291-m0036,false,false,
PD-P3-2291,2026-08-12T15:44:00Z,online,12,idle,,false,false,
PD-P3-2291,2026-08-12T15:45:00Z,online,12,idle,,false,false,
PD-P3-2291,2026-08-12T15:46:00Z,online,12,active,2291-m0036,false,false,
PD-P3-2291,2026-08-12T15:47:00Z,online,12,active,2291-m0036,false,false,
PD-P3-2291,2026-08-12T15:48:00Z,online,12,active,2291-m0036,false,false,
PD-P3-2291,2026-08-12T15:49:00Z,online,12,idle,,false,false,
PD-P3-2291,2026-08-12T15:50:00Z,online,12,idle,,false,false,
PD-P3-2291,2026-08-12T15:51:00Z,online,12,idle,,false,false,
PD-P3-2291,2026-08-12T15:52:00Z,online,12,idle,,false,false,
PD-P3-2291,2026-08-12T15:53:00Z,online,12,idle,,false,false,
PD-P3-2291,2026-08-12T15:54:00Z,online,12,active,2291-m0037,false,false,
PD-P3-2291,2026-08-12T15:55:00Z,online,12,idle,,false,false,
PD-P3-2291,2026-08-12T15:56:00Z,online,12,active,2291-m0037,false,false,
PD-P3-2291,2026-08-12T15:57:00Z,online,12,active,2291-m0037,false,false,
PD-P3-2291,2026-08-12T15:58:00Z,online,12,idle,,false,false,
PD-P3-2291,2026-08-12T15:59:00Z,online,12,active,2291-m0037,false,false,
PD-P3-2291,2026-08-12T16:00:00Z,online,12,active,2291-m0038,false,false,
PD-P3-2291,2026-08-12T16:01:00Z,online,12,idle,,false,false,
PD-P3-2291,2026-08-12T16:02:00Z,online,12,idle,,false,false,
PD-P3-2291,2026-08-12T16:03:00Z,online,12,idle,,false,false,
PD-P3-2291,2026-08-12T16:04:00Z,online,12,idle,,false,false,
PD-P3-2291,2026-08-12T16:05:00Z,online,12,active,2291-m0039,false,false,
PD-P3-2291,2026-08-12T16:06:00Z,online,12,active,2291-m0040,false,false,
PD-P3-2291,2026-08-12T16:07:00Z,online,12,idle,,false,false,
PD-P3-2291,2026-08-12T16:08:00Z,online,12,idle,,false,false,
PD-P3-2291,2026-08-12T16:09:00Z,online,12,idle,,false,false,
PD-P3-2291,2026-08-12T16:10:00Z,online,12,active,2291-m0041,false,false,
PD-P3-2291,2026-08-12T16:11:00Z,online,12,idle,,false,false,
PD-P3-2291,2026-08-12T16:12:00Z,online,12,idle,,false,false,
PD-P3-2291,2026-08-12T16:13:00Z,online,12,idle,,false,false,
PD-P3-2291,2026-08-12T16:14:00Z,online,12,idle,,false,false,
PD-P3-2291,2026-08-12T16:15:00Z,online,12,active,2291-m0041,false,false,
PD-P3-2291,2026-08-12T16:16:00Z,online,12,active,2291-m0041,false,false,
PD-P3-2291,2026-08-12T16:17:00Z,online,12,active,2291-m0041,false,false,
PD-P3-2291,2026-08-12T16:18:00Z,online,12,active,2291-m0042,false,false,
PD-P3-2291,2026-08-12T16:19:00Z,online,12,idle,,false,false,
PD-P3-2291,2026-08-12T16:20:00Z,online,12,active,2291-m0043,false,false,
PD-P3-2291,2026-08-12T16:21:00Z,online,12,idle,,false,false,
PD-P3-2291,2026-08-12T16:22:00Z,online,12,idle,,false,false,
PD-P3-2291,2026-08-12T16:23:00Z,online,12,active,2291-m0043,false,false,
PD-P3-2291,2026-08-12T16:24:00Z,online,12,idle,,false,false,
PD-P3-2291,2026-08-12T16:25:00Z,online,12,active,2291-m0043,false,false,
PD-P3-2291,2026-08-12T16:26:00Z,online,12,active,2291-m0043,false,false,
PD-P3-2291,2026-08-12T16:27:00Z,online,12,idle,,false,false,
PD-P3-2291,2026-08-12T16:28:00Z,online,12,active,2291-m0043,false,false,
PD-P3-2291,2026-08-12T16:29:00Z,online,12,active,2291-m0043,false,false,
PD-P3-2291,2026-08-12T16:30:00Z,online,12,idle,,false,false,
PD-P3-2291,2026-08-12T16:31:00Z,online,12,idle,,false,false,
PD-P3-2291,2026-08-12T16:32:00Z,online,12,active,2291-m0043,false,false,
PD-P3-2291,2026-08-12T16:33:00Z,online,12,active,2291-m0043,false,false,
PD-P3-2291,2026-08-12T16:34:00Z,online,12,idle,,false,false,
PD-P3-2291,2026-08-12T16:35:00Z,online,12,active,2291-m0043,false,false,
PD-P3-2291,2026-08-12T16:36:00Z,online,12,active,2291-m0043,false,false,
PD-P3-2291,2026-08-12T16:37:00Z,online,12,idle,,false,false,
PD-P3-2291,2026-08-12T16:38:00Z,online,12,active,2291-m0044,false,false,
PD-P3-2291,2026-08-12T16:39:00Z,online,12,active,2291-m0044,false,false,E210
PD-P3-2291,2026-08-12T16:40:00Z,online,12,idle,,false,false,
PD-P3-2291,2026-08-12T16:41:00Z,online,12,idle,,false,false,
PD-P3-2291,2026-08-12T16:42:00Z,online,12,idle,,false,false,
PD-P3-2291,2026-08-12T16:43:00Z,online,12,idle,,false,false,
PD-P3-2291,2026-08-12T16:44:00Z,online,12,active,2291-m0045,false,false,E210
PD-P3-2291,2026-08-12T16:45:00Z,online,12,idle,,false,false,
PD-P3-2291,2026-08-12T16:46:00Z,online,12,idle,,false,false,
PD-P3-2291,2026-08-12T16:47:00Z,online,12,active,2291-m0045,false,false,
PD-P3-2291,2026-08-12T16:48:00Z,online,12,active,2291-m0045,false,false,
PD-P3-2291,2026-08-12T16:49:00Z,online,12,idle,,false,false,
PD-P3-2291,2026-08-12T16:50:00Z,online,12,active,2291-m0045,false,false,
PD-P3-2291,2026-08-12T16:51:00Z,online,12,idle,,false,false,
PD-P3-2291,2026-08-12T16:52:00Z,online,12,active,2291-m0045,false,false,
PD-P3-2291,2026-08-12T16:53:00Z,online,12,idle,,false,false,
PD-P3-2291,2026-08-12T16:54:00Z,online,12,active,2291-m0046,false,false,
PD-P3-2291,2026-08-12T16:55:00Z,online,12,active,2291-m0047,false,false,
PD-P3-2291,2026-08-12T16:56:00Z,online,12,active,2291-m0047,false,false,
PD-P3-2291,2026-08-12T16:57:00Z,online,12,active,2291-m0047,false,false,
PD-P3-2291,2026-08-12T16:58:00Z,online,12,active,2291-m0047,false,false,
PD-P3-2291,2026-08-12T16:59:00Z,online,12,idle,,false,false,
PD-P3-2291,2026-08-12T17:00:00Z,online,12,active,2291-m0047,false,false,
PD-P3-2291,2026-08-12T17:01:00Z,online,12,idle,,false,false,
PD-P3-2291,2026-08-12T17:02:00Z,online,12,active,2291-m0047,false,false,
PD-P3-2291,2026-08-12T17:03:00Z,online,12,idle,,false,false,
PD-P3-2291,2026-08-12T17:04:00Z,online,12,active,2291-m0047,false,false,
PD-P3-2291,2026-08-12T17:05:00Z,online,12,idle,,false,false,
PD-P3-2291,2026-08-12T17:06:00Z,online,12,idle,,false,false,
PD-P3-2291,2026-08-12T17:07:00Z,online,12,active,2291-m0047,false,false,
PD-P3-2291,2026-08-12T17:08:00Z,online,12,active,2291-m0047,false,false,
PD-P3-2291,2026-08-12T17:09:00Z,online,12,active,2291-m0047,false,false,
PD-P3-2291,2026-08-12T17:10:00Z,online,12,idle,,false,false,
PD-P3-2291,2026-08-12T17:11:00Z,online,12,active,2291-m0048,false,false,
PD-P3-2291,2026-08-12T17:12:00Z,online,12,active,2291-m0048,false,false,
PD-P3-2291,2026-08-12T17:13:00Z,online,12,idle,,false,false,
PD-P3-2291,2026-08-12T17:14:00Z,online,12,active,2291-m0048,false,false,
PD-P3-2291,2026-08-12T17:15:00Z,online,12,active,2291-m0049,false,false,
PD-P3-2291,2026-08-12T17:16:00Z,online,12,active,2291-m0049,false,false,
PD-P3-2291,2026-08-12T17:17:00Z,online,12,idle,,false,false,
PD-P3-2291,2026-08-12T17:18:00Z,online,12,idle,,false,false,
PD-P3-2291,2026-08-12T17:19:00Z,online,12,idle,,false,false,
PD-P3-2291,2026-08-12T17:20:00Z,online,12,idle,,false,false,
PD-P3-2291,2026-08-12T17:21:00Z,online,12,idle,,false,false,
PD-P3-2291,2026-08-12T17:22:00Z,online,12,idle,,false,false,
PD-P3-2291,2026-08-12T17:23:00Z,online,12,idle,,false,false,
PD-P3-2291,2026-08-12T17:24:00Z,online,12,active,2291-m0049,false,false,
PD-P3-2291,2026-08-12T17:25:00Z,online,12,active,2291-m0049,false,false,
PD-P3-2291,2026-08-12T17:26:00Z,online,12,idle,,false,false,
PD-P3-2291,2026-08-12T17:27:00Z,online,12,idle,,false,false,
PD-P3-2291,2026-08-12T17:28:00Z,online,12,idle,,false,false,
PD-P3-2291,2026-08-12T17:29:00Z,online,12,active,2291-m0050,false,false,
PD-P3-2291,2026-08-12T17:30:00Z,online,12,active,2291-m0051,false,false,
PD-P3-2291,2026-08-12T17:31:00Z,online,12,idle,,false,false,
PD-P3-2291,2026-08-12T17:32:00Z,online,12,idle,,false,false,
PD-P3-2291,2026-08-12T17:33:00Z,online,12,idle,,false,false,
PD-P3-2291,2026-08-12T17:34:00Z,online,12,active,2291-m0052,false,false,E210
PD-P3-2291,2026-08-12T17:35:00Z,online,12,idle,,false,false,
PD-P3-2291,2026-08-12T17:36:00Z,online,12,idle,,false,false,
PD-P3-2291,2026-08-12T17:37:00Z,online,12,idle,,false,false,
PD-P3-2291,2026-08-12T17:38:00Z,online,12,idle,,false,false,
PD-P3-2291,2026-08-12T17:39:00Z,online,12,active,2291-m0053,false,false,
PD-P3-2291,2026-08-12T17:40:00Z,online,12,active,2291-m0053,false,false,
PD-P3-2291,2026-08-12T17:41:00Z,online,12,idle,,false,false,
PD-P3-2291,2026-08-12T17:42:00Z,online,12,active,2291-m0054,false,false,
PD-P3-2291,2026-08-12T17:43:00Z,online,12,idle,,false,false,
PD-P3-2291,2026-08-12T17:44:00Z,online,12,active,2291-m0054,false,false,
PD-P3-2291,2026-08-12T17:45:00Z,online,12,idle,,false,false,
PD-P3-2291,2026-08-12T17:46:00Z,online,12,idle,,false,false,
PD-P3-2291,2026-08-12T17:47:00Z,online,12,active,2291-m0054,false,false,
PD-P3-2291,2026-08-12T17:48:00Z,online,12,idle,,false,false,
PD-P3-2291,2026-08-12T17:49:00Z,online,12,idle,,false,false,
PD-P3-2291,2026-08-12T17:50:00Z,online,12,active,2291-m0054,false,false,
PD-P3-2291,2026-08-12T17:51:00Z,online,12,active,2291-m0054,false,false,
PD-P3-2291,2026-08-12T17:52:00Z,online,12,active,2291-m0055,false,false,
PD-P3-2291,2026-08-12T17:53:00Z,online,12,idle,,false,false,
PD-P3-2291,2026-08-12T17:54:00Z,online,12,active,2291-m0056,false,false,
PD-P3-2291,2026-08-12T17:55:00Z,online,12,active,2291-m0056,false,false,
PD-P3-2291,2026-08-12T17:56:00Z,online,12,active,2291-m0056,false,false,
PD-P3-2291,2026-08-12T17:57:00Z,online,12,active,2291-m0057,false,false,
PD-P3-2291,2026-08-12T17:58:00Z,online,12,active,2291-m0058,false,false,
PD-P3-2291,2026-08-12T17:59:00Z,online,12,idle,,false,false,
PD-P3-2291,2026-08-12T18:00:00Z,online,12,idle,,false,false,
PD-P3-2291,2026-08-12T18:01:00Z,online,12,active,2291-m0058,false,false,
PD-P3-2291,2026-08-12T18:02:00Z,online,12,active,2291-m0058,false,false,
PD-P3-2291,2026-08-12T18:03:00Z,online,12,idle,,false,false,
PD-P3-2291,2026-08-12T18:04:00Z,online,12,active,2291-m0058,false,false,
PD-P3-2291,2026-08-12T18:05:00Z,online,12,idle,,false,false,
PD-P3-2291,2026-08-12T18:06:00Z,online,12,idle,,false,false,
PD-P3-2291,2026-08-12T18:07:00Z,online,12,idle,,false,false,
PD-P3-2291,2026-08-12T18:08:00Z,online,12,active,2291-m0059,false,false,
PD-P3-2291,2026-08-12T18:09:00Z,online,12,idle,,false,false,
PD-P3-2291,2026-08-12T18:10:00Z,online,12,idle,,false,false,
PD-P3-2291,2026-08-12T18:11:00Z,online,12,active,2291-m0059,false,false,
PD-P3-2291,2026-08-12T18:12:00Z,online,12,active,2291-m0060,false,false,
PD-P3-2291,2026-08-12T18:13:00Z,online,12,active,2291-m0060,false,false,
PD-P3-2291,2026-08-12T18:14:00Z,online,12,idle,,false,false,
PD-P3-2291,2026-08-12T18:15:00Z,online,12,active,2291-m0060,false,false,
PD-P3-2291,2026-08-12T18:16:00Z,online,12,idle,,false,false,
PD-P3-2291,2026-08-12T18:17:00Z,online,12,active,2291-m0060,false,false,
PD-P3-2291,2026-08-12T18:18:00Z,online,12,idle,,false,false,
PD-P3-2291,2026-08-12T18:19:00Z,online,12,active,2291-m0061,false,false,
PD-P3-2291,2026-08-12T18:20:00Z,online,12,idle,,false,false,
PD-P3-2291,2026-08-12T18:21:00Z,online,12,idle,,false,false,
PD-P3-2291,2026-08-12T18:22:00Z,online,12,idle,,false,false,
PD-P3-2291,2026-08-12T18:23:00Z,online,12,idle,,false,false,
PD-P3-2291,2026-08-12T18:24:00Z,online,12,active,2291-m0062,false,false,
PD-P3-2291,2026-08-12T18:25:00Z,online,12,idle,,false,false,
PD-P3-2291,2026-08-12T18:26:00Z,online,12,active,2291-m0062,false,false,
PD-P3-2291,2026-08-12T18:27:00Z,online,12,active,2291-m0062,false,false,
PD-P3-2291,2026-08-12T18:28:00Z,online,12,idle,,false,false,
PD-P3-2291,2026-08-12T18:29:00Z,online,12,active,2291-m0062,false,false,
PD-P3-2291,2026-08-12T18:30:00Z,online,12,active,2291-m0062,false,false,
PD-P3-2291,2026-08-12T18:31:00Z,online,12,idle,,false,false,
PD-P3-2291,2026-08-12T18:32:00Z,online,12,active,2291-m0063,false,false,
PD-P3-2291,2026-08-12T18:33:00Z,online,12,idle,,false,false,
PD-P3-2291,2026-08-12T18:34:00Z,online,12,idle,,false,false,
PD-P3-2291,2026-08-12T18:35:00Z,online,12,idle,,false,false,
PD-P3-2291,2026-08-12T18:36:00Z,online,12,idle,,false,false,
PD-P3-2291,2026-08-12T18:37:00Z,online,12,active,2291-m0063,false,false,
PD-P3-2291,2026-08-12T18:38:00Z,online,12,idle,,false,false,
PD-P3-2291,2026-08-12T18:39:00Z,online,12,idle,,false,false,
PD-P3-2291,2026-08-12T18:40:00Z,online,12,active,2291-m0063,false,false,
PD-P3-2291,2026-08-12T18:41:00Z,online,12,idle,,false,false,
PD-P3-2291,2026-08-12T18:42:00Z,online,12,idle,,false,false,
PD-P3-2291,2026-08-12T18:43:00Z,online,12,active,2291-m0064,false,false,
PD-P3-2291,2026-08-12T18:44:00Z,online,12,idle,,false,false,
PD-P3-2291,2026-08-12T18:45:00Z,online,12,idle,,false,false,
PD-P3-2291,2026-08-12T18:46:00Z,online,12,active,2291-m0064,false,false,E210
PD-P3-2291,2026-08-12T18:47:00Z,online,12,idle,,false,false,
PD-P3-2291,2026-08-12T18:48:00Z,online,12,idle,,false,false,
PD-P3-2291,2026-08-12T18:49:00Z,online,12,idle,,false,false,
PD-P3-2291,2026-08-12T18:50:00Z,online,12,idle,,false,false,
PD-P3-2291,2026-08-12T18:51:00Z,online,12,idle,,false,false,
PD-P3-2291,2026-08-12T18:52:00Z,online,12,active,2291-m0065,false,false,
PD-P3-2291,2026-08-12T18:53:00Z,online,12,idle,,false,false,
PD-P3-2291,2026-08-12T18:54:00Z,online,12,idle,,false,false,
PD-P3-2291,2026-08-12T18:55:00Z,online,12,idle,,false,false,
PD-P3-2291,2026-08-12T18:56:00Z,online,12,active,2291-m0065,false,false,
PD-P3-2291,2026-08-12T18:57:00Z,online,12,idle,,false,false,
PD-P3-2291,2026-08-12T18:58:00Z,online,12,active,2291-m0065,false,false,E210
PD-P3-2291,2026-08-12T18:59:00Z,online,12,active,2291-m0066,false,false,
PD-P3-2291,2026-08-12T19:00:00Z,online,12,idle,,false,false,
PD-P3-2291,2026-08-12T19:01:00Z,online,12,active,2291-m0067,false,false,
PD-P3-2291,2026-08-12T19:02:00Z,online,12,idle,,false,false,
PD-P3-2291,2026-08-12T19:03:00Z,online,12,active,2291-m0068,false,false,
PD-P3-2291,2026-08-12T19:04:00Z,online,12,active,2291-m0069,false,false,
PD-P3-2291,2026-08-12T19:05:00Z,online,12,active,2291-m0069,false,false,
PD-P3-2291,2026-08-12T19:06:00Z,online,12,idle,,false,false,
PD-P3-2291,2026-08-12T19:07:00Z,online,12,active,2291-m0069,false,false,
PD-P3-2291,2026-08-12T19:08:00Z,online,12,active,2291-m0070,false,false,
PD-P3-2291,2026-08-12T19:09:00Z,online,12,active,2291-m0071,false,false,
PD-P3-2291,2026-08-12T19:10:00Z,online,12,idle,,false,false,
PD-P3-2291,2026-08-12T19:11:00Z,online,12,active,2291-m0071,false,false,
PD-P3-2291,2026-08-12T19:12:00Z,online,12,idle,,false,false,
PD-P3-2291,2026-08-12T19:13:00Z,online,12,idle,,false,false,
PD-P3-2291,2026-08-12T19:14:00Z,online,12,active,2291-m0071,false,false,
PD-P3-2291,2026-08-12T19:15:00Z,online,12,idle,,false,false,
PD-P3-2291,2026-08-12T19:16:00Z,online,12,active,2291-m0071,false,false,
PD-P3-2291,2026-08-12T19:17:00Z,online,12,active,2291-m0071,false,false,
PD-P3-2291,2026-08-12T19:18:00Z,online,12,idle,,false,false,
PD-P3-2291,2026-08-12T19:19:00Z,online,12,active,2291-m0072,false,false,E210
PD-P3-2291,2026-08-12T19:20:00Z,online,12,idle,,false,false,
PD-P3-2291,2026-08-12T19:21:00Z,online,12,active,2291-m0072,false,false,
PD-P3-2291,2026-08-12T19:22:00Z,online,12,active,2291-m0073,false,false,
PD-P3-2291,2026-08-12T19:23:00Z,online,12,active,2291-m0073,false,false,
PD-P3-2291,2026-08-12T19:24:00Z,online,12,idle,,false,false,
PD-P3-2291,2026-08-12T19:25:00Z,online,12,idle,,false,false,
PD-P3-2291,2026-08-12T19:26:00Z,online,12,active,2291-m0073,false,false,
PD-P3-2291,2026-08-12T19:27:00Z,online,12,idle,,false,false,
PD-P3-2291,2026-08-12T19:28:00Z,online,12,active,2291-m0073,false,false,
PD-P3-2291,2026-08-12T19:29:00Z,online,12,idle,,false,false,
PD-P3-2291,2026-08-12T19:30:00Z,online,12,idle,,false,false,
PD-P3-2291,2026-08-12T19:31:00Z,online,12,active,2291-m0073,false,false,
PD-P3-2291,2026-08-12T19:32:00Z,online,12,active,2291-m0073,false,false,
PD-P3-2291,2026-08-12T19:33:00Z,online,12,idle,,false,false,
PD-P3-2291,2026-08-12T19:34:00Z,online,12,active,2291-m0073,false,false,
PD-P3-2291,2026-08-12T19:35:00Z,online,12,active,2291-m0073,false,false,
PD-P3-2291,2026-08-12T19:36:00Z,online,12,idle,,false,false,
PD-P3-2291,2026-08-12T19:37:00Z,online,12,active,2291-m0073,false,false,
PD-P3-2291,2026-08-12T19:38:00Z,online,12,idle,,false,false,
PD-P3-2291,2026-08-12T19:39:00Z,online,12,active,2291-m0073,false,false,
PD-P3-2291,2026-08-12T19:40:00Z,online,12,active,2291-m0073,false,false,
PD-P3-2291,2026-08-12T19:41:00Z,online,12,active,2291-m0073,false,false,
PD-P3-2291,2026-08-12T19:42:00Z,online,12,active,2291-m0074,false,false,
PD-P3-2291,2026-08-12T19:43:00Z,online,12,idle,,false,false,
PD-P3-2291,2026-08-12T19:44:00Z,online,12,idle,,false,false,
PD-P3-2291,2026-08-12T19:45:00Z,online,12,active,2291-m0075,false,false,
PD-P3-2291,2026-08-12T19:46:00Z,online,12,idle,,false,false,
PD-P3-2291,2026-08-12T19:47:00Z,online,12,idle,,false,false,
PD-P3-2291,2026-08-12T19:48:00Z,online,12,active,2291-m0075,false,false,
PD-P3-2291,2026-08-12T19:49:00Z,online,12,active,2291-m0075,false,false,
PD-P3-2291,2026-08-12T19:50:00Z,online,12,idle,,false,false,
PD-P3-2291,2026-08-12T19:51:00Z,online,12,active,2291-m0075,false,false,
PD-P3-2291,2026-08-12T19:52:00Z,online,12,active,2291-m0075,false,false,
PD-P3-2291,2026-08-12T19:53:00Z,online,12,active,2291-m0075,false,false,
PD-P3-2291,2026-08-12T19:54:00Z,online,12,active,2291-m0075,false,false,
PD-P3-2291,2026-08-12T19:55:00Z,online,12,idle,,false,false,
PD-P3-2291,2026-08-12T19:56:00Z,online,12,active,2291-m0075,false,false,
PD-P3-2291,2026-08-12T19:57:00Z,online,12,active,2291-m0075,false,false,
PD-P3-2291,2026-08-12T19:58:00Z,online,12,idle,,false,false,
PD-P3-2291,2026-08-12T19:59:00Z,online,12,active,2291-m0075,false,false,
PD-P3-2291,2026-08-12T20:00:00Z,online,12,active,2291-m0075,false,false,
PD-P3-2291,2026-08-12T20:01:00Z,online,12,active,2291-m0075,false,false,
PD-P3-2291,2026-08-12T20:02:00Z,online,12,active,2291-m0075,false,false,
PD-P3-2291,2026-08-12T20:03:00Z,online,12,idle,,false,false,
PD-P3-2291,2026-08-12T20:04:00Z,online,12,active,2291-m0075,false,false,
PD-P3-2291,2026-08-12T20:05:00Z,online,12,active,2291-m0075,false,false,
PD-P3-2291,2026-08-12T20:06:00Z,online,12,idle,,false,false,
PD-P3-2291,2026-08-12T20:07:00Z,online,12,active,2291-m0075,false,false,
PD-P3-2291,2026-08-12T20:08:00Z,online,12,active,2291-m0076,false,false,
PD-P3-2291,2026-08-12T20:09:00Z,online,12,active,2291-m0077,false,false,
PD-P3-2291,2026-08-12T20:10:00Z,online,12,idle,,false,false,
PD-P3-2291,2026-08-12T20:11:00Z,online,12,active,2291-m0077,false,false,
PD-P3-2291,2026-08-12T20:12:00Z,online,12,idle,,false,false,
PD-P3-2291,2026-08-12T20:13:00Z,online,12,active,2291-m0078,false,false,
PD-P3-2291,2026-08-12T20:14:00Z,online,12,idle,,false,false,
PD-P3-2291,2026-08-12T20:15:00Z,online,12,idle,,false,false,
PD-P3-2291,2026-08-12T20:16:00Z,online,12,idle,,false,false,
PD-P3-2291,2026-08-12T20:17:00Z,online,12,idle,,false,false,
PD-P3-2291,2026-08-12T20:18:00Z,online,12,active,2291-m0078,false,false,
PD-P3-2291,2026-08-12T20:19:00Z,online,12,idle,,false,false,
PD-P3-2291,2026-08-12T20:20:00Z,online,12,active,2291-m0079,false,false,
PD-P3-2291,2026-08-12T20:21:00Z,online,12,idle,,false,false,
PD-P3-2291,2026-08-12T20:22:00Z,online,12,active,2291-m0079,false,false,
PD-P3-2291,2026-08-12T20:23:00Z,online,12,active,2291-m0079,false,false,
PD-P3-2291,2026-08-12T20:24:00Z,online,12,idle,,false,false,
PD-P3-2291,2026-08-12T20:25:00Z,online,12,idle,,false,false,
PD-P3-2291,2026-08-12T20:26:00Z,online,12,active,2291-m0079,false,false,
PD-P3-2291,2026-08-12T20:27:00Z,online,12,active,2291-m0079,false,false,
PD-P3-2291,2026-08-12T20:28:00Z,online,12,active,2291-m0079,false,false,
PD-P3-2291,2026-08-12T20:29:00Z,online,12,idle,,false,false,
PD-P3-2291,2026-08-12T20:30:00Z,online,12,active,2291-m0079,false,false,
PD-P3-2291,2026-08-12T20:31:00Z,online,12,idle,,false,false,
PD-P3-2291,2026-08-12T20:32:00Z,online,12,active,2291-m0079,false,false,
PD-P3-2291,2026-08-12T20:33:00Z,online,12,idle,,false,false,
PD-P3-2291,2026-08-12T20:34:00Z,online,12,idle,,false,false,
PD-P3-2291,2026-08-12T20:35:00Z,online,12,active,2291-m0079,false,false,
PD-P3-2291,2026-08-12T20:36:00Z,online,12,active,2291-m0079,false,false,
PD-P3-2291,2026-08-12T20:37:00Z,online,12,active,2291-m0080,false,false,
PD-P3-2291,2026-08-12T20:38:00Z,online,12,idle,,false,false,
PD-P3-2291,2026-08-12T20:39:00Z,online,12,active,2291-m0080,false,false,
PD-P3-2291,2026-08-12T20:40:00Z,online,12,active,2291-m0080,false,false,
PD-P3-2291,2026-08-12T20:41:00Z,online,12,active,2291-m0081,false,false,
PD-P3-2291,2026-08-12T20:42:00Z,online,12,active,2291-m0081,false,false,
PD-P3-2291,2026-08-12T20:43:00Z,online,12,idle,,false,false,
PD-P3-2291,2026-08-12T20:44:00Z,online,12,active,2291-m0082,false,false,
PD-P3-2291,2026-08-12T20:45:00Z,online,12,active,2291-m0083,false,false,
PD-P3-2291,2026-08-12T20:46:00Z,online,12,active,2291-m0083,false,false,
PD-P3-2291,2026-08-12T20:47:00Z,online,12,active,2291-m0083,false,false,
PD-P3-2291,2026-08-12T20:48:00Z,online,12,idle,,false,false,
PD-P3-2291,2026-08-12T20:49:00Z,online,12,idle,,false,false,
PD-P3-2291,2026-08-12T20:50:00Z,online,12,active,2291-m0084,false,false,
PD-P3-2291,2026-08-12T20:51:00Z,online,12,idle,,false,false,
PD-P3-2291,2026-08-12T20:52:00Z,online,12,active,2291-m0084,false,false,
PD-P3-2291,2026-08-12T20:53:00Z,online,12,active,2291-m0085,false,false,
PD-P3-2291,2026-08-12T20:54:00Z,online,12,idle,,false,false,
PD-P3-2291,2026-08-12T20:55:00Z,online,12,idle,,false,false,
PD-P3-2291,2026-08-12T20:56:00Z,online,12,active,2291-m0085,false,false,
PD-P3-2291,2026-08-12T20:57:00Z,online,12,active,2291-m0085,false,false,
PD-P3-2291,2026-08-12T20:58:00Z,online,12,idle,,false,false,
PD-P3-2291,2026-08-12T20:59:00Z,online,12,idle,,false,false,
PD-P3-2291,2026-08-12T21:00:00Z,online,12,active,2291-m0085,false,false,
PD-P3-2291,2026-08-12T21:01:00Z,online,12,idle,,false,false,
PD-P3-2291,2026-08-12T21:02:00Z,online,12,active,2291-m0085,false,false,
PD-P3-2291,2026-08-12T21:03:00Z,online,12,active,2291-m0086,false,false,
PD-P3-2291,2026-08-12T21:04:00Z,online,12,active,2291-m0087,false,false,
PD-P3-2291,2026-08-12T21:05:00Z,online,12,active,2291-m0087,false,false,
PD-P3-2291,2026-08-12T21:06:00Z,online,12,active,2291-m0088,false,false,
PD-P3-2291,2026-08-12T21:07:00Z,online,12,active,2291-m0088,false,false,
PD-P3-2291,2026-08-12T21:08:00Z,online,12,idle,,false,false,
PD-P3-2291,2026-08-12T21:09:00Z,online,12,active,2291-m0088,false,false,
PD-P3-2291,2026-08-12T21:10:00Z,online,12,active,2291-m0088,false,false,
PD-P3-2291,2026-08-12T21:11:00Z,online,12,idle,,false,false,
PD-P3-2291,2026-08-12T21:12:00Z,online,12,active,2291-m0088,false,false,
PD-P3-2291,2026-08-12T21:13:00Z,online,12,idle,,false,false,
PD-P3-2291,2026-08-12T21:14:00Z,online,12,active,2291-m0088,false,false,
PD-P3-2291,2026-08-12T21:15:00Z,online,12,idle,,false,false,
PD-P3-2291,2026-08-12T21:16:00Z,online,12,idle,,false,false,
PD-P3-2291,2026-08-12T21:17:00Z,online,12,idle,,false,false,
PD-P3-2291,2026-08-12T21:18:00Z,online,12,idle,,false,false,
PD-P3-2291,2026-08-12T21:19:00Z,online,12,active,2291-m0088,false,false,
PD-P3-2291,2026-08-12T21:20:00Z,online,12,active,2291-m0089,false,false,
PD-P3-2291,2026-08-12T21:21:00Z,online,12,idle,,false,false,
PD-P3-2291,2026-08-12T21:22:00Z,online,12,idle,,false,false,
PD-P3-2291,2026-08-12T21:23:00Z,online,12,idle,,false,false,
PD-P3-2291,2026-08-12T21:24:00Z,online,12,idle,,false,false,
PD-P3-2291,2026-08-12T21:25:00Z,online,12,active,2291-m0089,false,false,
PD-P3-2291,2026-08-12T21:26:00Z,online,12,idle,,false,false,
PD-P3-2291,2026-08-12T21:27:00Z,online,12,active,2291-m0089,false,false,
PD-P3-2291,2026-08-12T21:28:00Z,online,12,idle,,false,false,
PD-P3-2291,2026-08-12T21:29:00Z,online,12,idle,,false,false,
PD-P3-2291,2026-08-12T21:30:00Z,online,12,active,2291-m0089,false,false,
PD-P3-2291,2026-08-12T21:31:00Z,online,12,idle,,false,false,
PD-P3-2291,2026-08-12T21:32:00Z,online,12,idle,,false,false,
PD-P3-2291,2026-08-12T21:33:00Z,online,12,idle,,false,false,
PD-P3-2291,2026-08-12T21:34:00Z,online,12,idle,,false,false,
PD-P3-2291,2026-08-12T21:35:00Z,online,12,idle,,false,false,
PD-P3-2291,2026-08-12T21:36:00Z,online,12,idle,,false,false,
PD-P3-2291,2026-08-12T21:37:00Z,online,12,idle,,false,false,
PD-P3-2291,2026-08-12T21:38:00Z,online,12,active,2291-m0089,false,false,
PD-P3-2291,2026-08-12T21:39:00Z,online,12,active,2291-m0089,false,false,
PD-P3-2291,2026-08-12T21:40:00Z,online,12,active,2291-m0089,false,false,
PD-P3-2291,2026-08-12T21:41:00Z,online,12,idle,,false,false,
PD-P3-2291,2026-08-12T21:42:00Z,online,12,idle,,false,false,
PD-P3-2291,2026-08-12T21:43:00Z,online,12,idle,,false,false,
PD-P3-2291,2026-08-12T21:44:00Z,online,12,active,2291-m0090,false,false,
PD-P3-2291,2026-08-12T21:45:00Z,online,12,idle,,false,false,
PD-P3-2291,2026-08-12T21:46:00Z,online,12,idle,,false,false,
PD-P3-2291,2026-08-12T21:47:00Z,online,12,idle,,false,false,
PD-P3-2291,2026-08-12T21:48:00Z,online,12,idle,,false,false,
PD-P3-2291,2026-08-12T21:49:00Z,online,12,idle,,false,false,
PD-P3-2291,2026-08-12T21:50:00Z,online,12,active,2291-m0091,false,false,
PD-P3-2291,2026-08-12T21:51:00Z,online,12,active,2291-m0091,false,false,
PD-P3-2291,2026-08-12T21:52:00Z,online,12,active,2291-m0092,false,false,
PD-P3-2291,2026-08-12T21:53:00Z,online,12,idle,,false,false,
PD-P3-2291,2026-08-12T21:54:00Z,online,12,idle,,false,false,
PD-P3-2291,2026-08-12T21:55:00Z,online,12,idle,,false,false,
PD-P3-2291,2026-08-12T21:56:00Z,online,12,idle,,false,false,
PD-P3-2291,2026-08-12T21:57:00Z,online,12,idle,,false,false,
PD-P3-2291,2026-08-12T21:58:00Z,online,12,idle,,false,false,
PD-P3-2291,2026-08-12T21:59:00Z,online,12,active,2291-m0093,false,false,
PD-P3-2291,2026-08-12T22:00:00Z,online,12,active,2291-m0093,false,false,
PD-P3-2291,2026-08-12T22:01:00Z,online,12,active,2291-m0093,false,false,
PD-P3-2291,2026-08-12T22:02:00Z,online,12,idle,,false,false,
PD-P3-2291,2026-08-12T22:03:00Z,online,12,idle,,false,false,
PD-P3-2291,2026-08-12T22:04:00Z,online,12,active,2291-m0094,false,false,E210
PD-P3-2291,2026-08-12T22:05:00Z,online,12,active,2291-m0095,false,false,
PD-P3-2291,2026-08-12T22:06:00Z,online,12,active,2291-m0095,false,false,
PD-P3-2291,2026-08-12T22:07:00Z,online,12,active,2291-m0096,false,false,
PD-P3-2291,2026-08-12T22:08:00Z,online,12,active,2291-m0096,false,false,
PD-P3-2291,2026-08-12T22:09:00Z,online,12,active,2291-m0096,false,false,
PD-P3-2291,2026-08-12T22:10:00Z,online,12,idle,,false,false,
PD-P3-2291,2026-08-12T22:11:00Z,online,12,active,2291-m0097,false,false,
PD-P3-2291,2026-08-12T22:12:00Z,online,12,active,2291-m0097,false,false,
PD-P3-2291,2026-08-12T22:13:00Z,online,12,active,2291-m0097,false,false,
PD-P3-2291,2026-08-12T22:14:00Z,online,12,active,2291-m0097,false,false,
PD-P3-2291,2026-08-12T22:15:00Z,online,12,active,2291-m0098,false,false,
PD-P3-2291,2026-08-12T22:16:00Z,online,12,idle,,false,false,
PD-P3-2291,2026-08-12T22:17:00Z,online,12,idle,,false,false,
PD-P3-2291,2026-08-12T22:18:00Z,online,12,idle,,false,false,
PD-P3-2291,2026-08-12T22:19:00Z,online,12,idle,,false,false,
PD-P3-2291,2026-08-12T22:20:00Z,online,12,idle,,false,false,
PD-P3-2291,2026-08-12T22:21:00Z,online,12,idle,,false,false,
PD-P3-2291,2026-08-12T22:22:00Z,online,12,active,2291-m0098,false,false,
PD-P3-2291,2026-08-12T22:23:00Z,online,12,idle,,false,false,
PD-P3-2291,2026-08-12T22:24:00Z,online,12,idle,,false,false,
PD-P3-2291,2026-08-12T22:25:00Z,online,12,active,2291-m0098,false,false,
PD-P3-2291,2026-08-12T22:26:00Z,online,12,idle,,false,false,
PD-P3-2291,2026-08-12T22:27:00Z,online,12,idle,,false,false,
PD-P3-2291,2026-08-12T22:28:00Z,online,12,idle,,false,false,
PD-P3-2291,2026-08-12T22:29:00Z,online,12,idle,,false,false,
PD-P3-2291,2026-08-12T22:30:00Z,online,12,active,2291-m0098,false,false,
PD-P3-2291,2026-08-12T22:31:00Z,online,12,active,2291-m0098,false,false,
PD-P3-2291,2026-08-12T22:32:00Z,online,12,active,2291-m0098,false,false,
PD-P3-2291,2026-08-12T22:33:00Z,online,12,idle,,false,false,
PD-P3-2291,2026-08-12T22:34:00Z,online,12,idle,,false,false,
PD-P3-2291,2026-08-12T22:35:00Z,online,12,active,2291-m0098,false,false,
PD-P3-2291,2026-08-12T22:36:00Z,online,12,active,2291-m0098,false,false,
PD-P3-2291,2026-08-12T22:37:00Z,online,12,active,2291-m0098,false,false,
PD-P3-2291,2026-08-12T22:38:00Z,online,12,active,2291-m0098,false,false,
PD-P3-2291,2026-08-12T22:39:00Z,online,12,idle,,false,false,
PD-P3-2291,2026-08-12T22:40:00Z,online,12,active,2291-m0098,false,false,
PD-P3-2291,2026-08-12T22:41:00Z,online,12,idle,,false,false,
PD-P3-2291,2026-08-12T22:42:00Z,online,12,active,2291-m0098,false,false,
PD-P3-2291,2026-08-12T22:43:00Z,online,12,idle,,false,false,
PD-P3-2291,2026-08-12T22:44:00Z,online,12,idle,,false,false,
PD-P3-2291,2026-08-12T22:45:00Z,online,12,active,2291-m0099,false,false,
PD-P3-2291,2026-08-12T22:46:00Z,online,12,active,2291-m0100,false,false,
PD-P3-2291,2026-08-12T22:47:00Z,online,12,active,2291-m0101,false,false,
PD-P3-2291,2026-08-12T22:48:00Z,online,12,idle,,false,false,
PD-P3-2291,2026-08-12T22:49:00Z,online,12,idle,,false,false,
PD-P3-2291,2026-08-12T22:50:00Z,online,12,idle,,false,false,
PD-P3-2291,2026-08-12T22:51:00Z,online,12,idle,,false,false,
PD-P3-2291,2026-08-12T22:52:00Z,online,12,idle,,false,false,
PD-P3-2291,2026-08-12T22:53:00Z,online,12,idle,,false,false,
PD-P3-2291,2026-08-12T22:54:00Z,online,12,active,2291-m0101,false,false,
PD-P3-2291,2026-08-12T22:55:00Z,online,12,active,2291-m0102,false,false,
PD-P3-2291,2026-08-12T22:56:00Z,online,12,idle,,false,false,
PD-P3-2291,2026-08-12T22:57:00Z,online,12,idle,,false,false,
PD-P3-2291,2026-08-12T22:58:00Z,online,12,active,2291-m0102,false,false,
PD-P3-2291,2026-08-12T22:59:00Z,online,12,idle,,false,false,
PD-P3-2291,2026-08-12T23:00:00Z,online,15,charging,,false,true,
PD-P3-2291,2026-08-12T23:01:00Z,online,18,charging,,false,true,
PD-P3-2291,2026-08-12T23:02:00Z,online,21,charging,,false,true,
PD-P3-2291,2026-08-12T23:03:00Z,online,24,charging,,false,true,
PD-P3-2291,2026-08-12T23:04:00Z,online,27,charging,,false,true,
PD-P3-2291,2026-08-12T23:05:00Z,online,30,charging,,false,true,
PD-P3-2291,2026-08-12T23:06:00Z,online,33,charging,,false,true,
PD-P3-2291,2026-08-12T23:07:00Z,online,36,charging,,false,true,
PD-P3-2291,2026-08-12T23:08:00Z,online,39,charging,,false,true,
PD-P3-2291,2026-08-12T23:09:00Z,online,42,charging,,false,true,
PD-P3-2291,2026-08-12T23:10:00Z,online,45,charging,,false,true,
PD-P3-2291,2026-08-12T23:11:00Z,online,48,charging,,false,true,
PD-P3-2291,2026-08-12T23:12:00Z,online,51,charging,,false,true,
PD-P3-2291,2026-08-12T23:13:00Z,online,54,charging,,false,true,
PD-P3-2291,2026-08-12T23:14:00Z,online,57,charging,,false,true,
PD-P3-2291,2026-08-12T23:15:00Z,online,60,charging,,false,true,
PD-P3-2291,2026-08-12T23:16:00Z,online,63,charging,,false,true,
PD-P3-2291,2026-08-12T23:17:00Z,online,66,charging,,false,true,
PD-P3-2291,2026-08-12T23:18:00Z,online,69,charging,,false,true,
PD-P3-2291,2026-08-12T23:19:00Z,online,72,charging,,false,true,
PD-P3-2291,2026-08-12T23:20:00Z,online,75,charging,,false,true,
PD-P3-2291,2026-08-12T23:21:00Z,online,78,charging,,false,true,
PD-P3-2291,2026-08-12T23:22:00Z,online,81,charging,,false,true,
PD-P3-2291,2026-08-12T23:23:00Z,online,84,charging,,false,true,
PD-P3-2291,2026-08-12T23:24:00Z,online,87,charging,,false,true,
PD-P3-2291,2026-08-12T23:25:00Z,online,90,charging,,false,true,
PD-P3-2291,2026-08-12T23:26:00Z,online,90,idle,,false,false,
PD-P3-2291,2026-08-12T23:27:00Z,online,93,charging,,false,true,
PD-P3-2291,2026-08-12T23:28:00Z,online,93,idle,,false,false,
PD-P3-2291,2026-08-12T23:29:00Z,online,92,idle,,false,false,
PD-P3-2291,2026-08-12T23:30:00Z,online,92,idle,,false,false,
PD-P3-2291,2026-08-12T23:31:00Z,online,92,idle,,false,false,
PD-P3-2291,2026-08-12T23:32:00Z,online,92,idle,,false,false,
PD-P3-2291,2026-08-12T23:33:00Z,online,92,idle,,false,false,
PD-P3-2291,2026-08-12T23:34:00Z,offline,91,,,false,false,
PD-P3-2291,2026-08-12T23:35:00Z,online,91,idle,,false,false,
PD-P3-2291,2026-08-12T23:36:00Z,online,91,idle,,false,false,
PD-P3-2291,2026-08-12T23:37:00Z,online,91,idle,,false,false,
PD-P3-2291,2026-08-12T23:38:00Z,online,91,idle,,false,false,
PD-P3-2291,2026-08-12T23:39:00Z,online,90,idle,,false,false,
PD-P3-2291,2026-08-12T23:40:00Z,online,90,idle,,false,false,
PD-P3-2291,2026-08-12T23:41:00Z,online,90,idle,,false,false,
PD-P3-2291,2026-08-12T23:42:00Z,online,93,charging,,false,true,
PD-P3-2291,2026-08-12T23:43:00Z,online,93,idle,,false,false,
PD-P3-2291,2026-08-12T23:44:00Z,online,93,idle,,false,false,
PD-P3-2291,2026-08-12T23:45:00Z,online,92,idle,,false,false,
PD-P3-2291,2026-08-12T23:46:00Z,online,92,idle,,false,false,
PD-P3-2291,2026-08-12T23:47:00Z,online,92,idle,,false,false,
PD-P3-2291,2026-08-12T23:48:00Z,online,92,idle,,false,false,
PD-P3-2291,2026-08-12T23:49:00Z,online,92,idle,,false,false,
PD-P3-2291,2026-08-12T23:50:00Z,online,91,idle,,false,false,
PD-P3-2291,2026-08-12T23:51:00Z,online,91,idle,,false,false,
PD-P3-2291,2026-08-12T23:52:00Z,online,91,idle,,false,false,
PD-P3-2291,2026-08-12T23:53:00Z,online,91,idle,,false,false,
PD-P3-2291,2026-08-12T23:54:00Z,online,91,idle,,false,false,
PD-P3-2291,2026-08-12T23:55:00Z,online,90,idle,,false,false,
PD-P3-2291,2026-08-12T23:56:00Z,online,90,idle,,false,false,
PD-P3-2291,2026-08-12T23:57:00Z,online,90,idle,,false,false,
PD-P3-2291,2026-08-12T23:58:00Z,online,93,charging,,false,true,
PD-P3-2291,2026-08-12T23:59:00Z,online,93,idle,,false,false,
BR-SERVI-0419,2026-08-12T00:00:00Z,online,92,idle,,false,false,
BR-SERVI-0419,2026-08-12T00:01:00Z,online,92,idle,,false,false,
BR-SERVI-0419,2026-08-12T00:02:00Z,online,91,idle,,false,false,
BR-SERVI-0419,2026-08-12T00:03:00Z,online,91,idle,,false,false,
BR-SERVI-0419,2026-08-12T00:04:00Z,online,91,idle,,false,false,
BR-SERVI-0419,2026-08-12T00:05:00Z,online,91,idle,,false,false,
BR-SERVI-0419,2026-08-12T00:06:00Z,online,91,idle,,false,false,
BR-SERVI-0419,2026-08-12T00:07:00Z,online,90,idle,,false,false,
BR-SERVI-0419,2026-08-12T00:08:00Z,online,90,idle,,false,false,
BR-SERVI-0419,2026-08-12T00:09:00Z,online,90,idle,,false,false,
BR-SERVI-0419,2026-08-12T00:10:00Z,online,93,charging,,false,true,
BR-SERVI-0419,2026-08-12T00:11:00Z,online,93,idle,,false,false,
BR-SERVI-0419,2026-08-12T00:12:00Z,online,93,idle,,false,false,
BR-SERVI-0419,2026-08-12T00:13:00Z,online,92,idle,,false,false,
BR-SERVI-0419,2026-08-12T00:14:00Z,online,92,idle,,false,false,
BR-SERVI-0419,2026-08-12T00:15:00Z,online,92,idle,,false,false,
BR-SERVI-0419,2026-08-12T00:16:00Z,online,92,idle,,false,false,
BR-SERVI-0419,2026-08-12T00:17:00Z,offline,92,,,false,false,
BR-SERVI-0419,2026-08-12T00:18:00Z,online,91,idle,,false,false,
BR-SERVI-0419,2026-08-12T00:19:00Z,online,91,idle,,false,false,
BR-SERVI-0419,2026-08-12T00:20:00Z,online,91,idle,,false,false,
BR-SERVI-0419,2026-08-12T00:21:00Z,online,91,idle,,false,false,
BR-SERVI-0419,2026-08-12T00:22:00Z,online,91,idle,,false,false,
BR-SERVI-0419,2026-08-12T00:23:00Z,online,90,idle,,false,false,
BR-SERVI-0419,2026-08-12T00:24:00Z,online,90,idle,,false,false,
BR-SERVI-0419,2026-08-12T00:25:00Z,online,90,idle,,false,false,
BR-SERVI-0419,2026-08-12T00:26:00Z,online,93,charging,,false,true,
BR-SERVI-0419,2026-08-12T00:27:00Z,online,93,idle,,false,false,
BR-SERVI-0419,2026-08-12T00:28:00Z,online,93,idle,,false,false,
BR-SERVI-0419,2026-08-12T00:29:00Z,online,92,idle,,false,false,
BR-SERVI-0419,2026-08-12T00:30:00Z,online,92,idle,,false,false,
BR-SERVI-0419,2026-08-12T00:31:00Z,online,92,idle,,false,false,
BR-SERVI-0419,2026-08-12T00:32:00Z,online,92,idle,,false,false,
BR-SERVI-0419,2026-08-12T00:33:00Z,online,92,idle,,false,false,
BR-SERVI-0419,2026-08-12T00:34:00Z,online,91,idle,,false,false,
BR-SERVI-0419,2026-08-12T00:35:00Z,online,91,idle,,false,false,
BR-SERVI-0419,2026-08-12T00:36:00Z,online,91,idle,,false,false,
BR-SERVI-0419,2026-08-12T00:37:00Z,online,91,idle,,false,false,
BR-SERVI-0419,2026-08-12T00:38:00Z,online,91,idle,,false,false,
BR-SERVI-0419,2026-08-12T00:39:00Z,online,90,idle,,false,false,
BR-SERVI-0419,2026-08-12T00:40:00Z,online,90,idle,,false,false,
BR-SERVI-0419,2026-08-12T00:41:00Z,online,90,idle,,false,false,
BR-SERVI-0419,2026-08-12T00:42:00Z,online,93,charging,,false,true,
BR-SERVI-0419,2026-08-12T00:43:00Z,online,93,idle,,false,false,
BR-SERVI-0419,2026-08-12T00:44:00Z,online,93,idle,,false,false,
BR-SERVI-0419,2026-08-12T00:45:00Z,online,92,idle,,false,false,
BR-SERVI-0419,2026-08-12T00:46:00Z,online,92,idle,,false,false,
BR-SERVI-0419,2026-08-12T00:47:00Z,online,92,idle,,false,false,
BR-SERVI-0419,2026-08-12T00:48:00Z,online,92,idle,,false,false,
BR-SERVI-0419,2026-08-12T00:49:00Z,online,92,idle,,false,false,
BR-SERVI-0419,2026-08-12T00:50:00Z,online,91,idle,,false,false,
BR-SERVI-0419,2026-08-12T00:51:00Z,online,91,idle,,false,false,
BR-SERVI-0419,2026-08-12T00:52:00Z,online,91,idle,,false,false,
BR-SERVI-0419,2026-08-12T00:53:00Z,online,91,idle,,false,false,
BR-SERVI-0419,2026-08-12T00:54:00Z,online,91,idle,,false,false,
BR-SERVI-0419,2026-08-12T00:55:00Z,online,90,idle,,false,false,
BR-SERVI-0419,2026-08-12T00:56:00Z,online,90,idle,,false,false,
BR-SERVI-0419,2026-08-12T00:57:00Z,online,90,idle,,false,false,
BR-SERVI-0419,2026-08-12T00:58:00Z,online,93,charging,,false,true,
BR-SERVI-0419,2026-08-12T00:59:00Z,online,93,idle,,false,false,
BR-SERVI-0419,2026-08-12T01:00:00Z,online,93,idle,,false,false,
BR-SERVI-0419,2026-08-12T01:01:00Z,online,92,idle,,false,false,
BR-SERVI-0419,2026-08-12T01:02:00Z,online,92,idle,,false,false,
BR-SERVI-0419,2026-08-12T01:03:00Z,online,92,idle,,false,false,
BR-SERVI-0419,2026-08-12T01:04:00Z,online,92,idle,,false,false,
BR-SERVI-0419,2026-08-12T01:05:00Z,online,92,idle,,false,false,
BR-SERVI-0419,2026-08-12T01:06:00Z,online,91,idle,,false,false,
BR-SERVI-0419,2026-08-12T01:07:00Z,online,91,idle,,false,false,
BR-SERVI-0419,2026-08-12T01:08:00Z,online,91,idle,,false,false,
BR-SERVI-0419,2026-08-12T01:09:00Z,online,91,idle,,false,false,
BR-SERVI-0419,2026-08-12T01:10:00Z,online,91,idle,,false,false,
BR-SERVI-0419,2026-08-12T01:11:00Z,online,90,idle,,false,false,
BR-SERVI-0419,2026-08-12T01:12:00Z,online,90,idle,,false,false,
BR-SERVI-0419,2026-08-12T01:13:00Z,online,90,idle,,false,false,
BR-SERVI-0419,2026-08-12T01:14:00Z,online,93,charging,,false,true,
BR-SERVI-0419,2026-08-12T01:15:00Z,online,93,idle,,false,false,
BR-SERVI-0419,2026-08-12T01:16:00Z,online,93,idle,,false,false,
BR-SERVI-0419,2026-08-12T01:17:00Z,online,92,idle,,false,false,
BR-SERVI-0419,2026-08-12T01:18:00Z,online,92,idle,,false,false,
BR-SERVI-0419,2026-08-12T01:19:00Z,online,92,idle,,false,false,
BR-SERVI-0419,2026-08-12T01:20:00Z,online,92,idle,,false,false,
BR-SERVI-0419,2026-08-12T01:21:00Z,online,92,idle,,false,false,
BR-SERVI-0419,2026-08-12T01:22:00Z,offline,91,,,false,false,
BR-SERVI-0419,2026-08-12T01:23:00Z,online,91,idle,,false,false,
BR-SERVI-0419,2026-08-12T01:24:00Z,online,91,idle,,false,false,
BR-SERVI-0419,2026-08-12T01:25:00Z,online,91,idle,,false,false,
BR-SERVI-0419,2026-08-12T01:26:00Z,online,91,idle,,false,false,
BR-SERVI-0419,2026-08-12T01:27:00Z,online,90,idle,,false,false,
BR-SERVI-0419,2026-08-12T01:28:00Z,online,90,idle,,false,false,
BR-SERVI-0419,2026-08-12T01:29:00Z,online,90,idle,,false,false,
BR-SERVI-0419,2026-08-12T01:30:00Z,online,93,charging,,false,true,
BR-SERVI-0419,2026-08-12T01:31:00Z,online,93,idle,,false,false,
BR-SERVI-0419,2026-08-12T01:32:00Z,online,93,idle,,false,false,
BR-SERVI-0419,2026-08-12T01:33:00Z,online,92,idle,,false,false,
BR-SERVI-0419,2026-08-12T01:34:00Z,online,92,idle,,false,false,
BR-SERVI-0419,2026-08-12T01:35:00Z,online,92,idle,,false,false,
BR-SERVI-0419,2026-08-12T01:36:00Z,online,92,idle,,false,false,
BR-SERVI-0419,2026-08-12T01:37:00Z,online,92,idle,,false,false,
BR-SERVI-0419,2026-08-12T01:38:00Z,online,91,idle,,false,false,
BR-SERVI-0419,2026-08-12T01:39:00Z,online,91,idle,,false,false,
BR-SERVI-0419,2026-08-12T01:40:00Z,online,91,idle,,false,false,
BR-SERVI-0419,2026-08-12T01:41:00Z,offline,91,,,false,false,
BR-SERVI-0419,2026-08-12T01:42:00Z,online,91,idle,,false,false,
BR-SERVI-0419,2026-08-12T01:43:00Z,online,90,idle,,false,false,
BR-SERVI-0419,2026-08-12T01:44:00Z,online,90,idle,,false,false,
BR-SERVI-0419,2026-08-12T01:45:00Z,online,90,idle,,false,false,
BR-SERVI-0419,2026-08-12T01:46:00Z,online,93,charging,,false,true,
BR-SERVI-0419,2026-08-12T01:47:00Z,online,93,idle,,false,false,
BR-SERVI-0419,2026-08-12T01:48:00Z,offline,93,,,false,false,
BR-SERVI-0419,2026-08-12T01:49:00Z,online,92,idle,,false,false,
BR-SERVI-0419,2026-08-12T01:50:00Z,offline,92,,,false,false,
BR-SERVI-0419,2026-08-12T01:51:00Z,online,92,idle,,false,false,
BR-SERVI-0419,2026-08-12T01:52:00Z,online,92,idle,,false,false,
BR-SERVI-0419,2026-08-12T01:53:00Z,online,92,idle,,false,false,
BR-SERVI-0419,2026-08-12T01:54:00Z,online,91,idle,,false,false,
BR-SERVI-0419,2026-08-12T01:55:00Z,offline,91,,,false,false,
BR-SERVI-0419,2026-08-12T01:56:00Z,online,91,idle,,false,false,
BR-SERVI-0419,2026-08-12T01:57:00Z,online,91,idle,,false,false,
BR-SERVI-0419,2026-08-12T01:58:00Z,online,91,idle,,false,false,
BR-SERVI-0419,2026-08-12T01:59:00Z,online,90,idle,,false,false,
BR-SERVI-0419,2026-08-12T02:00:00Z,online,90,idle,,false,false,
BR-SERVI-0419,2026-08-12T02:01:00Z,online,90,idle,,false,false,
BR-SERVI-0419,2026-08-12T02:02:00Z,online,93,charging,,false,true,
BR-SERVI-0419,2026-08-12T02:03:00Z,online,93,idle,,false,false,
BR-SERVI-0419,2026-08-12T02:04:00Z,online,93,idle,,false,false,
BR-SERVI-0419,2026-08-12T02:05:00Z,online,92,idle,,false,false,
BR-SERVI-0419,2026-08-12T02:06:00Z,online,92,idle,,false,false,
BR-SERVI-0419,2026-08-12T02:07:00Z,online,92,idle,,false,false,
BR-SERVI-0419,2026-08-12T02:08:00Z,online,92,idle,,false,false,
BR-SERVI-0419,2026-08-12T02:09:00Z,offline,92,,,false,false,
BR-SERVI-0419,2026-08-12T02:10:00Z,online,91,idle,,false,false,
BR-SERVI-0419,2026-08-12T02:11:00Z,online,91,idle,,false,false,
BR-SERVI-0419,2026-08-12T02:12:00Z,online,91,idle,,false,false,
BR-SERVI-0419,2026-08-12T02:13:00Z,online,91,idle,,false,false,
BR-SERVI-0419,2026-08-12T02:14:00Z,online,91,idle,,false,false,
BR-SERVI-0419,2026-08-12T02:15:00Z,online,90,idle,,false,false,
BR-SERVI-0419,2026-08-12T02:16:00Z,online,90,idle,,false,false,
BR-SERVI-0419,2026-08-12T02:17:00Z,online,90,idle,,false,false,
BR-SERVI-0419,2026-08-12T02:18:00Z,online,93,charging,,false,true,
BR-SERVI-0419,2026-08-12T02:19:00Z,online,93,idle,,false,false,
BR-SERVI-0419,2026-08-12T02:20:00Z,online,93,idle,,false,false,
BR-SERVI-0419,2026-08-12T02:21:00Z,online,92,idle,,false,false,
BR-SERVI-0419,2026-08-12T02:22:00Z,online,92,idle,,false,false,
BR-SERVI-0419,2026-08-12T02:23:00Z,offline,92,,,false,false,
BR-SERVI-0419,2026-08-12T02:24:00Z,online,92,idle,,false,false,
BR-SERVI-0419,2026-08-12T02:25:00Z,online,92,idle,,false,false,
BR-SERVI-0419,2026-08-12T02:26:00Z,online,91,idle,,false,false,
BR-SERVI-0419,2026-08-12T02:27:00Z,online,91,idle,,false,false,
BR-SERVI-0419,2026-08-12T02:28:00Z,online,91,idle,,false,false,
BR-SERVI-0419,2026-08-12T02:29:00Z,online,91,idle,,false,false,
BR-SERVI-0419,2026-08-12T02:30:00Z,online,91,idle,,false,false,
BR-SERVI-0419,2026-08-12T02:31:00Z,online,90,idle,,false,false,
BR-SERVI-0419,2026-08-12T02:32:00Z,online,90,idle,,false,false,
BR-SERVI-0419,2026-08-12T02:33:00Z,offline,90,,,false,false,
BR-SERVI-0419,2026-08-12T02:34:00Z,online,93,charging,,false,true,
BR-SERVI-0419,2026-08-12T02:35:00Z,online,93,idle,,false,false,
BR-SERVI-0419,2026-08-12T02:36:00Z,online,93,idle,,false,false,
BR-SERVI-0419,2026-08-12T02:37:00Z,online,92,idle,,false,false,
BR-SERVI-0419,2026-08-12T02:38:00Z,online,92,idle,,false,false,
BR-SERVI-0419,2026-08-12T02:39:00Z,offline,92,,,false,false,
BR-SERVI-0419,2026-08-12T02:40:00Z,online,92,idle,,false,false,
BR-SERVI-0419,2026-08-12T02:41:00Z,online,92,idle,,false,false,
BR-SERVI-0419,2026-08-12T02:42:00Z,online,91,idle,,false,false,
BR-SERVI-0419,2026-08-12T02:43:00Z,online,91,idle,,false,false,
BR-SERVI-0419,2026-08-12T02:44:00Z,online,91,idle,,false,false,
BR-SERVI-0419,2026-08-12T02:45:00Z,online,91,idle,,false,false,
BR-SERVI-0419,2026-08-12T02:46:00Z,online,91,idle,,false,false,
BR-SERVI-0419,2026-08-12T02:47:00Z,offline,90,,,false,false,
BR-SERVI-0419,2026-08-12T02:48:00Z,online,90,idle,,false,false,
BR-SERVI-0419,2026-08-12T02:49:00Z,online,90,idle,,false,false,
BR-SERVI-0419,2026-08-12T02:50:00Z,online,93,charging,,false,true,
BR-SERVI-0419,2026-08-12T02:51:00Z,online,93,idle,,false,false,
BR-SERVI-0419,2026-08-12T02:52:00Z,online,93,idle,,false,false,
BR-SERVI-0419,2026-08-12T02:53:00Z,online,92,idle,,false,false,
BR-SERVI-0419,2026-08-12T02:54:00Z,online,92,idle,,false,false,
BR-SERVI-0419,2026-08-12T02:55:00Z,online,92,idle,,false,false,
BR-SERVI-0419,2026-08-12T02:56:00Z,online,92,idle,,false,false,
BR-SERVI-0419,2026-08-12T02:57:00Z,online,92,idle,,false,false,
BR-SERVI-0419,2026-08-12T02:58:00Z,online,91,idle,,false,false,
BR-SERVI-0419,2026-08-12T02:59:00Z,online,91,idle,,false,false,
BR-SERVI-0419,2026-08-12T03:00:00Z,online,91,idle,,false,false,
BR-SERVI-0419,2026-08-12T03:01:00Z,online,91,idle,,false,false,
BR-SERVI-0419,2026-08-12T03:02:00Z,online,91,idle,,false,false,
BR-SERVI-0419,2026-08-12T03:03:00Z,online,90,idle,,false,false,
BR-SERVI-0419,2026-08-12T03:04:00Z,online,90,idle,,false,false,
BR-SERVI-0419,2026-08-12T03:05:00Z,online,90,idle,,false,false,
BR-SERVI-0419,2026-08-12T03:06:00Z,online,93,charging,,false,true,
BR-SERVI-0419,2026-08-12T03:07:00Z,online,93,idle,,false,false,
BR-SERVI-0419,2026-08-12T03:08:00Z,online,93,idle,,false,false,
BR-SERVI-0419,2026-08-12T03:09:00Z,online,92,idle,,false,false,
BR-SERVI-0419,2026-08-12T03:10:00Z,online,92,idle,,false,false,
BR-SERVI-0419,2026-08-12T03:11:00Z,offline,92,,,false,false,
BR-SERVI-0419,2026-08-12T03:12:00Z,online,92,idle,,false,false,
BR-SERVI-0419,2026-08-12T03:13:00Z,online,92,idle,,false,false,
BR-SERVI-0419,2026-08-12T03:14:00Z,online,91,idle,,false,false,
BR-SERVI-0419,2026-08-12T03:15:00Z,online,91,idle,,false,false,
BR-SERVI-0419,2026-08-12T03:16:00Z,online,91,idle,,false,false,
BR-SERVI-0419,2026-08-12T03:17:00Z,online,91,idle,,false,false,
BR-SERVI-0419,2026-08-12T03:18:00Z,online,91,idle,,false,false,
BR-SERVI-0419,2026-08-12T03:19:00Z,online,90,idle,,false,false,
BR-SERVI-0419,2026-08-12T03:20:00Z,offline,90,,,false,false,
BR-SERVI-0419,2026-08-12T03:21:00Z,online,90,idle,,false,false,
BR-SERVI-0419,2026-08-12T03:22:00Z,online,93,charging,,false,true,
BR-SERVI-0419,2026-08-12T03:23:00Z,online,93,idle,,false,false,
BR-SERVI-0419,2026-08-12T03:24:00Z,offline,93,,,false,false,
BR-SERVI-0419,2026-08-12T03:25:00Z,online,92,idle,,false,false,
BR-SERVI-0419,2026-08-12T03:26:00Z,online,92,idle,,false,false,
BR-SERVI-0419,2026-08-12T03:27:00Z,online,92,idle,,false,false,
BR-SERVI-0419,2026-08-12T03:28:00Z,online,92,idle,,false,false,
BR-SERVI-0419,2026-08-12T03:29:00Z,online,92,idle,,false,false,
BR-SERVI-0419,2026-08-12T03:30:00Z,offline,91,,,false,false,
BR-SERVI-0419,2026-08-12T03:31:00Z,online,91,idle,,false,false,
BR-SERVI-0419,2026-08-12T03:32:00Z,offline,91,,,false,false,
BR-SERVI-0419,2026-08-12T03:33:00Z,online,91,idle,,false,false,
BR-SERVI-0419,2026-08-12T03:34:00Z,online,91,idle,,false,false,
BR-SERVI-0419,2026-08-12T03:35:00Z,online,90,idle,,false,false,
BR-SERVI-0419,2026-08-12T03:36:00Z,online,90,idle,,false,false,
BR-SERVI-0419,2026-08-12T03:37:00Z,online,90,idle,,false,false,
BR-SERVI-0419,2026-08-12T03:38:00Z,online,93,charging,,false,true,
BR-SERVI-0419,2026-08-12T03:39:00Z,online,93,idle,,false,false,
BR-SERVI-0419,2026-08-12T03:40:00Z,online,93,idle,,false,false,
BR-SERVI-0419,2026-08-12T03:41:00Z,online,92,idle,,false,false,
BR-SERVI-0419,2026-08-12T03:42:00Z,online,92,idle,,false,false,
BR-SERVI-0419,2026-08-12T03:43:00Z,online,92,idle,,false,false,
BR-SERVI-0419,2026-08-12T03:44:00Z,online,92,idle,,false,false,
BR-SERVI-0419,2026-08-12T03:45:00Z,online,92,idle,,false,false,
BR-SERVI-0419,2026-08-12T03:46:00Z,offline,91,,,false,false,
BR-SERVI-0419,2026-08-12T03:47:00Z,online,91,idle,,false,false,
BR-SERVI-0419,2026-08-12T03:48:00Z,online,91,idle,,false,false,
BR-SERVI-0419,2026-08-12T03:49:00Z,online,91,idle,,false,false,
BR-SERVI-0419,2026-08-12T03:50:00Z,online,91,idle,,false,false,
BR-SERVI-0419,2026-08-12T03:51:00Z,online,90,idle,,false,false,
BR-SERVI-0419,2026-08-12T03:52:00Z,online,90,idle,,false,false,
BR-SERVI-0419,2026-08-12T03:53:00Z,online,90,idle,,false,false,
BR-SERVI-0419,2026-08-12T03:54:00Z,online,93,charging,,false,true,
BR-SERVI-0419,2026-08-12T03:55:00Z,online,93,idle,,false,false,
BR-SERVI-0419,2026-08-12T03:56:00Z,online,93,idle,,false,false,
BR-SERVI-0419,2026-08-12T03:57:00Z,online,92,idle,,false,false,
BR-SERVI-0419,2026-08-12T03:58:00Z,online,92,idle,,false,false,
BR-SERVI-0419,2026-08-12T03:59:00Z,online,92,idle,,false,false,
BR-SERVI-0419,2026-08-12T04:00:00Z,online,92,idle,,false,false,
BR-SERVI-0419,2026-08-12T04:01:00Z,online,92,idle,,false,false,
BR-SERVI-0419,2026-08-12T04:02:00Z,online,91,idle,,false,false,
BR-SERVI-0419,2026-08-12T04:03:00Z,online,91,idle,,false,false,
BR-SERVI-0419,2026-08-12T04:04:00Z,online,91,idle,,false,false,
BR-SERVI-0419,2026-08-12T04:05:00Z,online,91,idle,,false,false,
BR-SERVI-0419,2026-08-12T04:06:00Z,online,91,idle,,false,false,
BR-SERVI-0419,2026-08-12T04:07:00Z,online,90,idle,,false,false,
BR-SERVI-0419,2026-08-12T04:08:00Z,online,90,idle,,false,false,
BR-SERVI-0419,2026-08-12T04:09:00Z,online,90,idle,,false,false,
BR-SERVI-0419,2026-08-12T04:10:00Z,online,93,charging,,false,true,
BR-SERVI-0419,2026-08-12T04:11:00Z,online,93,idle,,false,false,
BR-SERVI-0419,2026-08-12T04:12:00Z,online,93,idle,,false,false,
BR-SERVI-0419,2026-08-12T04:13:00Z,online,92,idle,,false,false,
BR-SERVI-0419,2026-08-12T04:14:00Z,online,92,idle,,false,false,
BR-SERVI-0419,2026-08-12T04:15:00Z,online,92,idle,,false,false,
BR-SERVI-0419,2026-08-12T04:16:00Z,online,92,idle,,false,false,
BR-SERVI-0419,2026-08-12T04:17:00Z,online,92,idle,,false,false,
BR-SERVI-0419,2026-08-12T04:18:00Z,offline,91,,,false,false,
BR-SERVI-0419,2026-08-12T04:19:00Z,online,91,idle,,false,false,
BR-SERVI-0419,2026-08-12T04:20:00Z,online,91,idle,,false,false,
BR-SERVI-0419,2026-08-12T04:21:00Z,online,91,idle,,false,false,
BR-SERVI-0419,2026-08-12T04:22:00Z,online,91,idle,,false,false,
BR-SERVI-0419,2026-08-12T04:23:00Z,online,90,idle,,false,false,
BR-SERVI-0419,2026-08-12T04:24:00Z,online,90,idle,,false,false,
BR-SERVI-0419,2026-08-12T04:25:00Z,online,90,idle,,false,false,
BR-SERVI-0419,2026-08-12T04:26:00Z,online,93,charging,,false,true,
BR-SERVI-0419,2026-08-12T04:27:00Z,online,93,idle,,false,false,
BR-SERVI-0419,2026-08-12T04:28:00Z,online,93,idle,,false,false,
BR-SERVI-0419,2026-08-12T04:29:00Z,offline,92,,,false,false,
BR-SERVI-0419,2026-08-12T04:30:00Z,online,92,idle,,false,false,
BR-SERVI-0419,2026-08-12T04:31:00Z,online,92,idle,,false,false,
BR-SERVI-0419,2026-08-12T04:32:00Z,online,92,idle,,false,false,
BR-SERVI-0419,2026-08-12T04:33:00Z,online,92,idle,,false,false,
BR-SERVI-0419,2026-08-12T04:34:00Z,online,91,idle,,false,false,
BR-SERVI-0419,2026-08-12T04:35:00Z,offline,91,,,false,false,
BR-SERVI-0419,2026-08-12T04:36:00Z,online,91,idle,,false,false,
BR-SERVI-0419,2026-08-12T04:37:00Z,online,91,idle,,false,false,
BR-SERVI-0419,2026-08-12T04:38:00Z,online,91,idle,,false,false,
BR-SERVI-0419,2026-08-12T04:39:00Z,online,90,idle,,false,false,
BR-SERVI-0419,2026-08-12T04:40:00Z,online,90,idle,,false,false,
BR-SERVI-0419,2026-08-12T04:41:00Z,online,90,idle,,false,false,
BR-SERVI-0419,2026-08-12T04:42:00Z,online,93,charging,,false,true,
BR-SERVI-0419,2026-08-12T04:43:00Z,online,93,idle,,false,false,
BR-SERVI-0419,2026-08-12T04:44:00Z,online,93,idle,,false,false,
BR-SERVI-0419,2026-08-12T04:45:00Z,offline,92,,,false,false,
BR-SERVI-0419,2026-08-12T04:46:00Z,online,92,idle,,false,false,
BR-SERVI-0419,2026-08-12T04:47:00Z,online,92,idle,,false,false,
BR-SERVI-0419,2026-08-12T04:48:00Z,online,92,idle,,false,false,
BR-SERVI-0419,2026-08-12T04:49:00Z,online,92,idle,,false,false,
BR-SERVI-0419,2026-08-12T04:50:00Z,online,91,idle,,false,false,
BR-SERVI-0419,2026-08-12T04:51:00Z,online,91,idle,,false,false,
BR-SERVI-0419,2026-08-12T04:52:00Z,online,91,idle,,false,false,
BR-SERVI-0419,2026-08-12T04:53:00Z,online,91,idle,,false,false,
BR-SERVI-0419,2026-08-12T04:54:00Z,online,91,idle,,false,false,
BR-SERVI-0419,2026-08-12T04:55:00Z,online,90,idle,,false,false,
BR-SERVI-0419,2026-08-12T04:56:00Z,offline,90,,,false,false,
BR-SERVI-0419,2026-08-12T04:57:00Z,online,90,idle,,false,false,
BR-SERVI-0419,2026-08-12T04:58:00Z,online,93,charging,,false,true,
BR-SERVI-0419,2026-08-12T04:59:00Z,online,93,idle,,false,false,
BR-SERVI-0419,2026-08-12T05:00:00Z,online,93,idle,,false,false,
BR-SERVI-0419,2026-08-12T05:01:00Z,online,92,idle,,false,false,
BR-SERVI-0419,2026-08-12T05:02:00Z,online,92,idle,,false,false,
BR-SERVI-0419,2026-08-12T05:03:00Z,online,92,idle,,false,false,
BR-SERVI-0419,2026-08-12T05:04:00Z,online,92,idle,,false,false,
BR-SERVI-0419,2026-08-12T05:05:00Z,online,92,idle,,false,false,
BR-SERVI-0419,2026-08-12T05:06:00Z,online,91,idle,,false,false,
BR-SERVI-0419,2026-08-12T05:07:00Z,online,91,idle,,false,false,
BR-SERVI-0419,2026-08-12T05:08:00Z,online,91,idle,,false,false,
BR-SERVI-0419,2026-08-12T05:09:00Z,online,91,idle,,false,false,
BR-SERVI-0419,2026-08-12T05:10:00Z,online,91,idle,,false,false,
BR-SERVI-0419,2026-08-12T05:11:00Z,online,90,idle,,false,false,
BR-SERVI-0419,2026-08-12T05:12:00Z,offline,90,,,false,false,
BR-SERVI-0419,2026-08-12T05:13:00Z,online,90,idle,,false,false,
BR-SERVI-0419,2026-08-12T05:14:00Z,online,93,charging,,false,true,
BR-SERVI-0419,2026-08-12T05:15:00Z,online,93,idle,,false,false,
BR-SERVI-0419,2026-08-12T05:16:00Z,online,93,idle,,false,false,
BR-SERVI-0419,2026-08-12T05:17:00Z,online,92,idle,,false,false,
BR-SERVI-0419,2026-08-12T05:18:00Z,online,92,idle,,false,false,
BR-SERVI-0419,2026-08-12T05:19:00Z,online,92,idle,,false,false,
BR-SERVI-0419,2026-08-12T05:20:00Z,online,92,idle,,false,false,
BR-SERVI-0419,2026-08-12T05:21:00Z,online,92,idle,,false,false,
BR-SERVI-0419,2026-08-12T05:22:00Z,online,91,idle,,false,false,
BR-SERVI-0419,2026-08-12T05:23:00Z,online,91,idle,,false,false,
BR-SERVI-0419,2026-08-12T05:24:00Z,online,91,idle,,false,false,
BR-SERVI-0419,2026-08-12T05:25:00Z,online,91,idle,,false,false,
BR-SERVI-0419,2026-08-12T05:26:00Z,online,91,idle,,false,false,
BR-SERVI-0419,2026-08-12T05:27:00Z,online,90,idle,,false,false,
BR-SERVI-0419,2026-08-12T05:28:00Z,online,90,idle,,false,false,
BR-SERVI-0419,2026-08-12T05:29:00Z,online,90,idle,,false,false,
BR-SERVI-0419,2026-08-12T05:30:00Z,online,93,charging,,false,true,
BR-SERVI-0419,2026-08-12T05:31:00Z,online,93,idle,,false,false,
BR-SERVI-0419,2026-08-12T05:32:00Z,online,93,idle,,false,false,
BR-SERVI-0419,2026-08-12T05:33:00Z,online,92,idle,,false,false,
BR-SERVI-0419,2026-08-12T05:34:00Z,online,92,idle,,false,false,
BR-SERVI-0419,2026-08-12T05:35:00Z,online,92,idle,,false,false,
BR-SERVI-0419,2026-08-12T05:36:00Z,online,92,idle,,false,false,
BR-SERVI-0419,2026-08-12T05:37:00Z,online,92,idle,,false,false,
BR-SERVI-0419,2026-08-12T05:38:00Z,online,91,idle,,false,false,
BR-SERVI-0419,2026-08-12T05:39:00Z,online,91,idle,,false,false,
BR-SERVI-0419,2026-08-12T05:40:00Z,online,91,idle,,false,false,
BR-SERVI-0419,2026-08-12T05:41:00Z,online,91,idle,,false,false,
BR-SERVI-0419,2026-08-12T05:42:00Z,online,91,idle,,false,false,
BR-SERVI-0419,2026-08-12T05:43:00Z,online,90,idle,,false,false,
BR-SERVI-0419,2026-08-12T05:44:00Z,online,90,idle,,false,false,
BR-SERVI-0419,2026-08-12T05:45:00Z,online,90,idle,,false,false,
BR-SERVI-0419,2026-08-12T05:46:00Z,online,93,charging,,false,true,
BR-SERVI-0419,2026-08-12T05:47:00Z,online,93,idle,,false,false,
BR-SERVI-0419,2026-08-12T05:48:00Z,online,93,idle,,false,false,
BR-SERVI-0419,2026-08-12T05:49:00Z,online,92,idle,,false,false,
BR-SERVI-0419,2026-08-12T05:50:00Z,online,92,idle,,false,false,
BR-SERVI-0419,2026-08-12T05:51:00Z,online,92,idle,,false,false,
BR-SERVI-0419,2026-08-12T05:52:00Z,online,92,idle,,false,false,
BR-SERVI-0419,2026-08-12T05:53:00Z,online,92,idle,,false,false,
BR-SERVI-0419,2026-08-12T05:54:00Z,online,91,idle,,false,false,
BR-SERVI-0419,2026-08-12T05:55:00Z,online,91,idle,,false,false,
BR-SERVI-0419,2026-08-12T05:56:00Z,online,91,idle,,false,false,
BR-SERVI-0419,2026-08-12T05:57:00Z,online,91,idle,,false,false,
BR-SERVI-0419,2026-08-12T05:58:00Z,online,91,idle,,false,false,
BR-SERVI-0419,2026-08-12T05:59:00Z,online,90,idle,,false,false,
BR-SERVI-0419,2026-08-12T06:00:00Z,online,90,idle,,false,false,
BR-SERVI-0419,2026-08-12T06:01:00Z,online,90,idle,,false,false,
BR-SERVI-0419,2026-08-12T06:02:00Z,online,93,charging,,false,true,
BR-SERVI-0419,2026-08-12T06:03:00Z,online,93,idle,,false,false,
BR-SERVI-0419,2026-08-12T06:04:00Z,online,93,idle,,false,false,
BR-SERVI-0419,2026-08-12T06:05:00Z,online,92,idle,,false,false,
BR-SERVI-0419,2026-08-12T06:06:00Z,online,92,idle,,false,false,
BR-SERVI-0419,2026-08-12T06:07:00Z,online,92,idle,,false,false,
BR-SERVI-0419,2026-08-12T06:08:00Z,online,92,idle,,false,false,
BR-SERVI-0419,2026-08-12T06:09:00Z,online,92,idle,,false,false,
BR-SERVI-0419,2026-08-12T06:10:00Z,online,91,idle,,false,false,
BR-SERVI-0419,2026-08-12T06:11:00Z,online,91,idle,,false,false,
BR-SERVI-0419,2026-08-12T06:12:00Z,online,91,idle,,false,false,
BR-SERVI-0419,2026-08-12T06:13:00Z,online,91,idle,,false,false,
BR-SERVI-0419,2026-08-12T06:14:00Z,online,91,idle,,false,false,
BR-SERVI-0419,2026-08-12T06:15:00Z,offline,90,,,false,false,
BR-SERVI-0419,2026-08-12T06:16:00Z,online,90,idle,,false,false,
BR-SERVI-0419,2026-08-12T06:17:00Z,offline,90,,,false,false,
BR-SERVI-0419,2026-08-12T06:18:00Z,online,93,charging,,false,true,
BR-SERVI-0419,2026-08-12T06:19:00Z,online,93,idle,,false,false,
BR-SERVI-0419,2026-08-12T06:20:00Z,online,93,idle,,false,false,
BR-SERVI-0419,2026-08-12T06:21:00Z,online,92,idle,,false,false,
BR-SERVI-0419,2026-08-12T06:22:00Z,online,92,idle,,false,false,
BR-SERVI-0419,2026-08-12T06:23:00Z,online,92,idle,,false,false,
BR-SERVI-0419,2026-08-12T06:24:00Z,online,92,idle,,false,false,
BR-SERVI-0419,2026-08-12T06:25:00Z,online,92,idle,,false,false,
BR-SERVI-0419,2026-08-12T06:26:00Z,online,91,idle,,false,false,
BR-SERVI-0419,2026-08-12T06:27:00Z,online,91,idle,,false,false,
BR-SERVI-0419,2026-08-12T06:28:00Z,online,91,idle,,false,false,
BR-SERVI-0419,2026-08-12T06:29:00Z,online,91,idle,,false,false,
BR-SERVI-0419,2026-08-12T06:30:00Z,online,91,idle,,false,false,
BR-SERVI-0419,2026-08-12T06:31:00Z,online,90,idle,,false,false,
BR-SERVI-0419,2026-08-12T06:32:00Z,online,90,idle,,false,false,
BR-SERVI-0419,2026-08-12T06:33:00Z,online,90,idle,,false,false,
BR-SERVI-0419,2026-08-12T06:34:00Z,online,93,charging,,false,true,
BR-SERVI-0419,2026-08-12T06:35:00Z,online,93,idle,,false,false,
BR-SERVI-0419,2026-08-12T06:36:00Z,offline,93,,,false,false,
BR-SERVI-0419,2026-08-12T06:37:00Z,online,92,idle,,false,false,
BR-SERVI-0419,2026-08-12T06:38:00Z,online,92,idle,,false,false,
BR-SERVI-0419,2026-08-12T06:39:00Z,online,92,idle,,false,false,
BR-SERVI-0419,2026-08-12T06:40:00Z,online,92,idle,,false,false,
BR-SERVI-0419,2026-08-12T06:41:00Z,online,92,idle,,false,false,
BR-SERVI-0419,2026-08-12T06:42:00Z,online,91,idle,,false,false,
BR-SERVI-0419,2026-08-12T06:43:00Z,offline,91,,,false,false,
BR-SERVI-0419,2026-08-12T06:44:00Z,online,91,idle,,false,false,
BR-SERVI-0419,2026-08-12T06:45:00Z,online,91,idle,,false,false,
BR-SERVI-0419,2026-08-12T06:46:00Z,online,91,idle,,false,false,
BR-SERVI-0419,2026-08-12T06:47:00Z,online,90,idle,,false,false,
BR-SERVI-0419,2026-08-12T06:48:00Z,online,90,idle,,false,false,
BR-SERVI-0419,2026-08-12T06:49:00Z,online,90,idle,,false,false,
BR-SERVI-0419,2026-08-12T06:50:00Z,online,93,charging,,false,true,
BR-SERVI-0419,2026-08-12T06:51:00Z,online,93,idle,,false,false,
BR-SERVI-0419,2026-08-12T06:52:00Z,online,93,idle,,false,false,
BR-SERVI-0419,2026-08-12T06:53:00Z,online,92,idle,,false,false,
BR-SERVI-0419,2026-08-12T06:54:00Z,online,92,idle,,false,false,
BR-SERVI-0419,2026-08-12T06:55:00Z,online,92,idle,,false,false,
BR-SERVI-0419,2026-08-12T06:56:00Z,online,92,idle,,false,false,
BR-SERVI-0419,2026-08-12T06:57:00Z,online,92,idle,,false,false,
BR-SERVI-0419,2026-08-12T06:58:00Z,online,91,idle,,false,false,
BR-SERVI-0419,2026-08-12T06:59:00Z,online,91,idle,,false,false,
BR-SERVI-0419,2026-08-12T07:00:00Z,online,91,idle,,false,false,
BR-SERVI-0419,2026-08-12T07:01:00Z,online,91,idle,,false,false,
BR-SERVI-0419,2026-08-12T07:02:00Z,online,91,idle,,false,false,
BR-SERVI-0419,2026-08-12T07:03:00Z,online,90,idle,,false,false,
BR-SERVI-0419,2026-08-12T07:04:00Z,online,90,idle,,false,false,
BR-SERVI-0419,2026-08-12T07:05:00Z,online,90,idle,,false,false,
BR-SERVI-0419,2026-08-12T07:06:00Z,online,93,charging,,false,true,
BR-SERVI-0419,2026-08-12T07:07:00Z,online,93,idle,,false,false,
BR-SERVI-0419,2026-08-12T07:08:00Z,online,93,idle,,false,false,
BR-SERVI-0419,2026-08-12T07:09:00Z,online,92,idle,,false,false,
BR-SERVI-0419,2026-08-12T07:10:00Z,online,92,idle,,false,false,
BR-SERVI-0419,2026-08-12T07:11:00Z,online,92,idle,,false,false,
BR-SERVI-0419,2026-08-12T07:12:00Z,online,92,idle,,false,false,
BR-SERVI-0419,2026-08-12T07:13:00Z,online,92,idle,,false,false,
BR-SERVI-0419,2026-08-12T07:14:00Z,online,91,idle,,false,false,
BR-SERVI-0419,2026-08-12T07:15:00Z,online,91,idle,,false,false,
BR-SERVI-0419,2026-08-12T07:16:00Z,online,91,idle,,false,false,
BR-SERVI-0419,2026-08-12T07:17:00Z,online,91,idle,,false,false,
BR-SERVI-0419,2026-08-12T07:18:00Z,offline,91,,,false,false,
BR-SERVI-0419,2026-08-12T07:19:00Z,online,90,idle,,false,false,
BR-SERVI-0419,2026-08-12T07:20:00Z,online,90,idle,,false,false,
BR-SERVI-0419,2026-08-12T07:21:00Z,online,90,idle,,false,false,
BR-SERVI-0419,2026-08-12T07:22:00Z,online,93,charging,,false,true,
BR-SERVI-0419,2026-08-12T07:23:00Z,online,93,idle,,false,false,
BR-SERVI-0419,2026-08-12T07:24:00Z,online,93,idle,,false,false,
BR-SERVI-0419,2026-08-12T07:25:00Z,online,92,idle,,false,false,
BR-SERVI-0419,2026-08-12T07:26:00Z,online,92,idle,,false,false,
BR-SERVI-0419,2026-08-12T07:27:00Z,online,92,idle,,false,false,
BR-SERVI-0419,2026-08-12T07:28:00Z,online,92,idle,,false,false,
BR-SERVI-0419,2026-08-12T07:29:00Z,online,92,idle,,false,false,
BR-SERVI-0419,2026-08-12T07:30:00Z,online,91,idle,,false,false,
BR-SERVI-0419,2026-08-12T07:31:00Z,online,91,idle,,false,false,
BR-SERVI-0419,2026-08-12T07:32:00Z,online,91,idle,,false,false,
BR-SERVI-0419,2026-08-12T07:33:00Z,online,91,idle,,false,false,
BR-SERVI-0419,2026-08-12T07:34:00Z,online,91,idle,,false,false,
BR-SERVI-0419,2026-08-12T07:35:00Z,online,90,idle,,false,false,
BR-SERVI-0419,2026-08-12T07:36:00Z,online,90,idle,,false,false,
BR-SERVI-0419,2026-08-12T07:37:00Z,online,90,idle,,false,false,
BR-SERVI-0419,2026-08-12T07:38:00Z,online,93,charging,,false,true,
BR-SERVI-0419,2026-08-12T07:39:00Z,online,93,idle,,false,false,
BR-SERVI-0419,2026-08-12T07:40:00Z,online,93,idle,,false,false,
BR-SERVI-0419,2026-08-12T07:41:00Z,offline,92,,,false,false,
BR-SERVI-0419,2026-08-12T07:42:00Z,online,92,idle,,false,false,
BR-SERVI-0419,2026-08-12T07:43:00Z,online,92,idle,,false,false,
BR-SERVI-0419,2026-08-12T07:44:00Z,online,92,idle,,false,false,
BR-SERVI-0419,2026-08-12T07:45:00Z,online,92,idle,,false,false,
BR-SERVI-0419,2026-08-12T07:46:00Z,online,91,idle,,false,false,
BR-SERVI-0419,2026-08-12T07:47:00Z,online,91,idle,,false,false,
BR-SERVI-0419,2026-08-12T07:48:00Z,online,91,idle,,false,false,
BR-SERVI-0419,2026-08-12T07:49:00Z,online,91,idle,,false,false,
BR-SERVI-0419,2026-08-12T07:50:00Z,online,91,idle,,false,false,
BR-SERVI-0419,2026-08-12T07:51:00Z,online,90,idle,,false,false,
BR-SERVI-0419,2026-08-12T07:52:00Z,online,90,idle,,false,false,
BR-SERVI-0419,2026-08-12T07:53:00Z,online,90,idle,,false,false,
BR-SERVI-0419,2026-08-12T07:54:00Z,online,93,charging,,false,true,
BR-SERVI-0419,2026-08-12T07:55:00Z,online,93,idle,,false,false,
BR-SERVI-0419,2026-08-12T07:56:00Z,online,93,idle,,false,false,
BR-SERVI-0419,2026-08-12T07:57:00Z,online,92,idle,,false,false,
BR-SERVI-0419,2026-08-12T07:58:00Z,online,92,idle,,false,false,
BR-SERVI-0419,2026-08-12T07:59:00Z,online,92,idle,,false,false,
BR-SERVI-0419,2026-08-12T08:00:00Z,online,92,idle,,false,false,
BR-SERVI-0419,2026-08-12T08:01:00Z,online,92,idle,,false,false,
BR-SERVI-0419,2026-08-12T08:02:00Z,online,91,idle,,false,false,
BR-SERVI-0419,2026-08-12T08:03:00Z,online,91,idle,,false,false,
BR-SERVI-0419,2026-08-12T08:04:00Z,online,91,idle,,false,false,
BR-SERVI-0419,2026-08-12T08:05:00Z,online,91,idle,,false,false,
BR-SERVI-0419,2026-08-12T08:06:00Z,online,91,idle,,false,false,
BR-SERVI-0419,2026-08-12T08:07:00Z,online,90,idle,,false,false,
BR-SERVI-0419,2026-08-12T08:08:00Z,online,90,idle,,false,false,
BR-SERVI-0419,2026-08-12T08:09:00Z,online,90,idle,,false,false,
BR-SERVI-0419,2026-08-12T08:10:00Z,online,93,charging,,false,true,
BR-SERVI-0419,2026-08-12T08:11:00Z,online,93,idle,,false,false,
BR-SERVI-0419,2026-08-12T08:12:00Z,online,93,idle,,false,false,
BR-SERVI-0419,2026-08-12T08:13:00Z,online,92,idle,,false,false,
BR-SERVI-0419,2026-08-12T08:14:00Z,online,92,idle,,false,false,
BR-SERVI-0419,2026-08-12T08:15:00Z,online,92,idle,,false,false,
BR-SERVI-0419,2026-08-12T08:16:00Z,online,92,idle,,false,false,
BR-SERVI-0419,2026-08-12T08:17:00Z,online,92,idle,,false,false,
BR-SERVI-0419,2026-08-12T08:18:00Z,online,91,idle,,false,false,
BR-SERVI-0419,2026-08-12T08:19:00Z,online,91,idle,,false,false,
BR-SERVI-0419,2026-08-12T08:20:00Z,online,91,idle,,false,false,
BR-SERVI-0419,2026-08-12T08:21:00Z,online,91,idle,,false,false,
BR-SERVI-0419,2026-08-12T08:22:00Z,online,91,idle,,false,false,
BR-SERVI-0419,2026-08-12T08:23:00Z,online,90,idle,,false,false,
BR-SERVI-0419,2026-08-12T08:24:00Z,online,90,idle,,false,false,
BR-SERVI-0419,2026-08-12T08:25:00Z,online,90,idle,,false,false,
BR-SERVI-0419,2026-08-12T08:26:00Z,online,93,charging,,false,true,
BR-SERVI-0419,2026-08-12T08:27:00Z,online,93,idle,,false,false,
BR-SERVI-0419,2026-08-12T08:28:00Z,online,93,idle,,false,false,
BR-SERVI-0419,2026-08-12T08:29:00Z,online,92,idle,,false,false,
BR-SERVI-0419,2026-08-12T08:30:00Z,online,92,idle,,false,false,
BR-SERVI-0419,2026-08-12T08:31:00Z,online,92,idle,,false,false,
BR-SERVI-0419,2026-08-12T08:32:00Z,online,92,idle,,false,false,
BR-SERVI-0419,2026-08-12T08:33:00Z,online,92,idle,,false,false,
BR-SERVI-0419,2026-08-12T08:34:00Z,offline,91,,,false,false,
BR-SERVI-0419,2026-08-12T08:35:00Z,offline,91,,,false,false,
BR-SERVI-0419,2026-08-12T08:36:00Z,online,91,idle,,false,false,
BR-SERVI-0419,2026-08-12T08:37:00Z,online,91,idle,,false,false,
BR-SERVI-0419,2026-08-12T08:38:00Z,online,91,idle,,false,false,
BR-SERVI-0419,2026-08-12T08:39:00Z,online,90,idle,,false,false,
BR-SERVI-0419,2026-08-12T08:40:00Z,online,90,idle,,false,false,
BR-SERVI-0419,2026-08-12T08:41:00Z,online,90,idle,,false,false,
BR-SERVI-0419,2026-08-12T08:42:00Z,online,93,charging,,false,true,
BR-SERVI-0419,2026-08-12T08:43:00Z,online,93,idle,,false,false,
BR-SERVI-0419,2026-08-12T08:44:00Z,online,93,idle,,false,false,
BR-SERVI-0419,2026-08-12T08:45:00Z,online,92,idle,,false,false,
BR-SERVI-0419,2026-08-12T08:46:00Z,online,92,idle,,false,false,
BR-SERVI-0419,2026-08-12T08:47:00Z,online,92,idle,,false,false,
BR-SERVI-0419,2026-08-12T08:48:00Z,online,92,idle,,false,false,
BR-SERVI-0419,2026-08-12T08:49:00Z,online,92,idle,,false,false,
BR-SERVI-0419,2026-08-12T08:50:00Z,online,91,idle,,false,false,
BR-SERVI-0419,2026-08-12T08:51:00Z,online,91,idle,,false,false,
BR-SERVI-0419,2026-08-12T08:52:00Z,online,91,idle,,false,false,
BR-SERVI-0419,2026-08-12T08:53:00Z,online,91,idle,,false,false,
BR-SERVI-0419,2026-08-12T08:54:00Z,online,91,idle,,false,false,
BR-SERVI-0419,2026-08-12T08:55:00Z,online,90,idle,,false,false,
BR-SERVI-0419,2026-08-12T08:56:00Z,online,90,idle,,false,false,
BR-SERVI-0419,2026-08-12T08:57:00Z,online,90,idle,,false,false,
BR-SERVI-0419,2026-08-12T08:58:00Z,online,93,charging,,false,true,
BR-SERVI-0419,2026-08-12T08:59:00Z,online,93,idle,,false,false,
BR-SERVI-0419,2026-08-12T09:00:00Z,online,93,idle,,false,false,
BR-SERVI-0419,2026-08-12T09:01:00Z,online,92,idle,,false,false,
BR-SERVI-0419,2026-08-12T09:02:00Z,online,92,idle,,false,false,
BR-SERVI-0419,2026-08-12T09:03:00Z,online,92,idle,,false,false,
BR-SERVI-0419,2026-08-12T09:04:00Z,online,92,idle,,false,false,
BR-SERVI-0419,2026-08-12T09:05:00Z,online,92,idle,,false,false,
BR-SERVI-0419,2026-08-12T09:06:00Z,online,91,idle,,false,false,
BR-SERVI-0419,2026-08-12T09:07:00Z,online,91,idle,,false,false,
BR-SERVI-0419,2026-08-12T09:08:00Z,online,91,idle,,false,false,
BR-SERVI-0419,2026-08-12T09:09:00Z,online,91,idle,,false,false,
BR-SERVI-0419,2026-08-12T09:10:00Z,online,91,idle,,false,false,
BR-SERVI-0419,2026-08-12T09:11:00Z,online,90,idle,,false,false,
BR-SERVI-0419,2026-08-12T09:12:00Z,online,90,idle,,false,false,
BR-SERVI-0419,2026-08-12T09:13:00Z,online,90,idle,,false,false,
BR-SERVI-0419,2026-08-12T09:14:00Z,online,93,charging,,false,true,
BR-SERVI-0419,2026-08-12T09:15:00Z,online,93,idle,,false,false,
BR-SERVI-0419,2026-08-12T09:16:00Z,online,93,idle,,false,false,
BR-SERVI-0419,2026-08-12T09:17:00Z,online,92,idle,,false,false,
BR-SERVI-0419,2026-08-12T09:18:00Z,online,92,idle,,false,false,
BR-SERVI-0419,2026-08-12T09:19:00Z,online,92,idle,,false,false,
BR-SERVI-0419,2026-08-12T09:20:00Z,online,92,idle,,false,false,
BR-SERVI-0419,2026-08-12T09:21:00Z,online,92,idle,,false,false,
BR-SERVI-0419,2026-08-12T09:22:00Z,online,91,idle,,false,false,
BR-SERVI-0419,2026-08-12T09:23:00Z,online,91,idle,,false,false,
BR-SERVI-0419,2026-08-12T09:24:00Z,online,91,idle,,false,false,
BR-SERVI-0419,2026-08-12T09:25:00Z,online,91,idle,,false,false,
BR-SERVI-0419,2026-08-12T09:26:00Z,online,91,idle,,false,false,
BR-SERVI-0419,2026-08-12T09:27:00Z,offline,90,,,false,false,
BR-SERVI-0419,2026-08-12T09:28:00Z,online,90,idle,,false,false,
BR-SERVI-0419,2026-08-12T09:29:00Z,online,90,idle,,false,false,
BR-SERVI-0419,2026-08-12T09:30:00Z,online,93,charging,,false,true,
BR-SERVI-0419,2026-08-12T09:31:00Z,offline,93,,,false,false,
BR-SERVI-0419,2026-08-12T09:32:00Z,online,93,idle,,false,false,
BR-SERVI-0419,2026-08-12T09:33:00Z,online,92,idle,,false,false,
BR-SERVI-0419,2026-08-12T09:34:00Z,online,92,idle,,false,false,
BR-SERVI-0419,2026-08-12T09:35:00Z,online,92,idle,,false,false,
BR-SERVI-0419,2026-08-12T09:36:00Z,online,92,idle,,false,false,
BR-SERVI-0419,2026-08-12T09:37:00Z,online,92,idle,,false,false,
BR-SERVI-0419,2026-08-12T09:38:00Z,offline,91,,,false,false,
BR-SERVI-0419,2026-08-12T09:39:00Z,online,91,idle,,false,false,
BR-SERVI-0419,2026-08-12T09:40:00Z,online,91,idle,,false,false,
BR-SERVI-0419,2026-08-12T09:41:00Z,online,91,idle,,false,false,
BR-SERVI-0419,2026-08-12T09:42:00Z,online,91,idle,,false,false,
BR-SERVI-0419,2026-08-12T09:43:00Z,online,90,idle,,false,false,
BR-SERVI-0419,2026-08-12T09:44:00Z,online,90,idle,,false,false,
BR-SERVI-0419,2026-08-12T09:45:00Z,online,90,idle,,false,false,
BR-SERVI-0419,2026-08-12T09:46:00Z,online,93,charging,,false,true,
BR-SERVI-0419,2026-08-12T09:47:00Z,online,93,idle,,false,false,
BR-SERVI-0419,2026-08-12T09:48:00Z,online,93,idle,,false,false,
BR-SERVI-0419,2026-08-12T09:49:00Z,online,92,idle,,false,false,
BR-SERVI-0419,2026-08-12T09:50:00Z,online,92,idle,,false,false,
BR-SERVI-0419,2026-08-12T09:51:00Z,online,92,idle,,false,false,
BR-SERVI-0419,2026-08-12T09:52:00Z,online,92,idle,,false,false,
BR-SERVI-0419,2026-08-12T09:53:00Z,online,92,idle,,false,false,
BR-SERVI-0419,2026-08-12T09:54:00Z,online,91,idle,,false,false,
BR-SERVI-0419,2026-08-12T09:55:00Z,online,91,idle,,false,false,
BR-SERVI-0419,2026-08-12T09:56:00Z,online,91,idle,,false,false,
BR-SERVI-0419,2026-08-12T09:57:00Z,online,91,idle,,false,false,
BR-SERVI-0419,2026-08-12T09:58:00Z,online,91,idle,,false,false,
BR-SERVI-0419,2026-08-12T09:59:00Z,online,90,idle,,false,false,
BR-SERVI-0419,2026-08-12T10:00:00Z,online,90,idle,,false,false,
BR-SERVI-0419,2026-08-12T10:01:00Z,online,90,idle,,false,false,
BR-SERVI-0419,2026-08-12T10:02:00Z,online,93,charging,,false,true,
BR-SERVI-0419,2026-08-12T10:03:00Z,online,93,idle,,false,false,
BR-SERVI-0419,2026-08-12T10:04:00Z,online,93,idle,,false,false,
BR-SERVI-0419,2026-08-12T10:05:00Z,online,92,idle,,false,false,
BR-SERVI-0419,2026-08-12T10:06:00Z,online,92,idle,,false,false,
BR-SERVI-0419,2026-08-12T10:07:00Z,online,92,idle,,false,false,
BR-SERVI-0419,2026-08-12T10:08:00Z,online,92,idle,,false,false,
BR-SERVI-0419,2026-08-12T10:09:00Z,online,92,idle,,false,false,
BR-SERVI-0419,2026-08-12T10:10:00Z,online,91,idle,,false,false,
BR-SERVI-0419,2026-08-12T10:11:00Z,online,91,idle,,false,false,
BR-SERVI-0419,2026-08-12T10:12:00Z,online,91,idle,,false,false,
BR-SERVI-0419,2026-08-12T10:13:00Z,online,91,idle,,false,false,
BR-SERVI-0419,2026-08-12T10:14:00Z,online,91,idle,,false,false,
BR-SERVI-0419,2026-08-12T10:15:00Z,online,90,idle,,false,false,
BR-SERVI-0419,2026-08-12T10:16:00Z,online,90,idle,,false,false,
BR-SERVI-0419,2026-08-12T10:17:00Z,online,90,idle,,false,false,
BR-SERVI-0419,2026-08-12T10:18:00Z,online,93,charging,,false,true,
BR-SERVI-0419,2026-08-12T10:19:00Z,online,93,idle,,false,false,
BR-SERVI-0419,2026-08-12T10:20:00Z,online,93,idle,,false,false,
BR-SERVI-0419,2026-08-12T10:21:00Z,online,92,idle,,false,false,
BR-SERVI-0419,2026-08-12T10:22:00Z,online,92,idle,,false,false,
BR-SERVI-0419,2026-08-12T10:23:00Z,online,92,idle,,false,false,
BR-SERVI-0419,2026-08-12T10:24:00Z,online,92,idle,,false,false,
BR-SERVI-0419,2026-08-12T10:25:00Z,online,92,idle,,false,false,
BR-SERVI-0419,2026-08-12T10:26:00Z,online,91,idle,,false,false,
BR-SERVI-0419,2026-08-12T10:27:00Z,online,91,idle,,false,false,
BR-SERVI-0419,2026-08-12T10:28:00Z,online,91,idle,,false,false,
BR-SERVI-0419,2026-08-12T10:29:00Z,online,91,idle,,false,false,
BR-SERVI-0419,2026-08-12T10:30:00Z,online,91,idle,,false,false,
BR-SERVI-0419,2026-08-12T10:31:00Z,online,90,idle,,false,false,
BR-SERVI-0419,2026-08-12T10:32:00Z,online,90,idle,,false,false,
BR-SERVI-0419,2026-08-12T10:33:00Z,online,90,idle,,false,false,
BR-SERVI-0419,2026-08-12T10:34:00Z,online,93,charging,,false,true,
BR-SERVI-0419,2026-08-12T10:35:00Z,online,93,idle,,false,false,
BR-SERVI-0419,2026-08-12T10:36:00Z,online,93,idle,,false,false,
BR-SERVI-0419,2026-08-12T10:37:00Z,online,92,idle,,false,false,
BR-SERVI-0419,2026-08-12T10:38:00Z,online,92,idle,,false,false,
BR-SERVI-0419,2026-08-12T10:39:00Z,online,92,idle,,false,false,
BR-SERVI-0419,2026-08-12T10:40:00Z,online,92,idle,,false,false,
BR-SERVI-0419,2026-08-12T10:41:00Z,online,92,idle,,false,false,
BR-SERVI-0419,2026-08-12T10:42:00Z,online,91,idle,,false,false,
BR-SERVI-0419,2026-08-12T10:43:00Z,online,91,idle,,false,false,
BR-SERVI-0419,2026-08-12T10:44:00Z,online,91,idle,,false,false,
BR-SERVI-0419,2026-08-12T10:45:00Z,online,91,idle,,false,false,
BR-SERVI-0419,2026-08-12T10:46:00Z,online,91,idle,,false,false,
BR-SERVI-0419,2026-08-12T10:47:00Z,online,90,idle,,false,false,
BR-SERVI-0419,2026-08-12T10:48:00Z,online,90,idle,,false,false,
BR-SERVI-0419,2026-08-12T10:49:00Z,online,90,idle,,false,false,
BR-SERVI-0419,2026-08-12T10:50:00Z,online,93,charging,,false,true,
BR-SERVI-0419,2026-08-12T10:51:00Z,online,93,idle,,false,false,
BR-SERVI-0419,2026-08-12T10:52:00Z,online,93,idle,,false,false,
BR-SERVI-0419,2026-08-12T10:53:00Z,online,92,idle,,false,false,
BR-SERVI-0419,2026-08-12T10:54:00Z,online,92,idle,,false,false,
BR-SERVI-0419,2026-08-12T10:55:00Z,online,92,idle,,false,false,
BR-SERVI-0419,2026-08-12T10:56:00Z,online,92,idle,,false,false,
BR-SERVI-0419,2026-08-12T10:57:00Z,online,92,idle,,false,false,
BR-SERVI-0419,2026-08-12T10:58:00Z,online,91,idle,,false,false,
BR-SERVI-0419,2026-08-12T10:59:00Z,online,91,idle,,false,false,
BR-SERVI-0419,2026-08-12T11:00:00Z,online,91,idle,,false,false,
BR-SERVI-0419,2026-08-12T11:01:00Z,online,91,idle,,false,false,
BR-SERVI-0419,2026-08-12T11:02:00Z,online,91,idle,,false,false,
BR-SERVI-0419,2026-08-12T11:03:00Z,online,90,idle,,false,false,
BR-SERVI-0419,2026-08-12T11:04:00Z,online,90,idle,,false,false,
BR-SERVI-0419,2026-08-12T11:05:00Z,online,90,idle,,false,false,
BR-SERVI-0419,2026-08-12T11:06:00Z,online,93,charging,,false,true,
BR-SERVI-0419,2026-08-12T11:07:00Z,online,93,idle,,false,false,
BR-SERVI-0419,2026-08-12T11:08:00Z,online,93,idle,,false,false,
BR-SERVI-0419,2026-08-12T11:09:00Z,online,92,idle,,false,false,
BR-SERVI-0419,2026-08-12T11:10:00Z,online,92,idle,,false,false,
BR-SERVI-0419,2026-08-12T11:11:00Z,online,92,idle,,false,false,
BR-SERVI-0419,2026-08-12T11:12:00Z,online,92,idle,,false,false,
BR-SERVI-0419,2026-08-12T11:13:00Z,online,92,idle,,false,false,
BR-SERVI-0419,2026-08-12T11:14:00Z,online,91,idle,,false,false,
BR-SERVI-0419,2026-08-12T11:15:00Z,online,91,idle,,false,false,
BR-SERVI-0419,2026-08-12T11:16:00Z,online,91,idle,,false,false,
BR-SERVI-0419,2026-08-12T11:17:00Z,online,91,idle,,false,false,
BR-SERVI-0419,2026-08-12T11:18:00Z,online,91,idle,,false,false,
BR-SERVI-0419,2026-08-12T11:19:00Z,online,90,idle,,false,false,
BR-SERVI-0419,2026-08-12T11:20:00Z,online,90,idle,,false,false,
BR-SERVI-0419,2026-08-12T11:21:00Z,online,90,idle,,false,false,
BR-SERVI-0419,2026-08-12T11:22:00Z,online,93,charging,,false,true,
BR-SERVI-0419,2026-08-12T11:23:00Z,online,93,idle,,false,false,
BR-SERVI-0419,2026-08-12T11:24:00Z,online,93,idle,,false,false,
BR-SERVI-0419,2026-08-12T11:25:00Z,online,92,idle,,false,false,
BR-SERVI-0419,2026-08-12T11:26:00Z,online,92,idle,,false,false,
BR-SERVI-0419,2026-08-12T11:27:00Z,online,92,idle,,false,false,
BR-SERVI-0419,2026-08-12T11:28:00Z,offline,92,,,false,false,
BR-SERVI-0419,2026-08-12T11:29:00Z,online,92,idle,,false,false,
BR-SERVI-0419,2026-08-12T11:30:00Z,online,91,idle,,false,false,
BR-SERVI-0419,2026-08-12T11:31:00Z,online,91,idle,,false,false,
BR-SERVI-0419,2026-08-12T11:32:00Z,online,91,idle,,false,false,
BR-SERVI-0419,2026-08-12T11:33:00Z,online,91,idle,,false,false,
BR-SERVI-0419,2026-08-12T11:34:00Z,offline,91,,,false,false,
BR-SERVI-0419,2026-08-12T11:35:00Z,online,90,idle,,false,false,
BR-SERVI-0419,2026-08-12T11:36:00Z,online,90,idle,,false,false,
BR-SERVI-0419,2026-08-12T11:37:00Z,online,90,idle,,false,false,
BR-SERVI-0419,2026-08-12T11:38:00Z,online,93,charging,,false,true,
BR-SERVI-0419,2026-08-12T11:39:00Z,online,93,idle,,false,false,
BR-SERVI-0419,2026-08-12T11:40:00Z,online,93,idle,,false,false,
BR-SERVI-0419,2026-08-12T11:41:00Z,online,92,idle,,false,false,
BR-SERVI-0419,2026-08-12T11:42:00Z,online,92,idle,,false,false,
BR-SERVI-0419,2026-08-12T11:43:00Z,online,92,idle,,false,false,
BR-SERVI-0419,2026-08-12T11:44:00Z,online,92,idle,,false,false,
BR-SERVI-0419,2026-08-12T11:45:00Z,online,92,idle,,false,false,
BR-SERVI-0419,2026-08-12T11:46:00Z,online,91,idle,,false,false,
BR-SERVI-0419,2026-08-12T11:47:00Z,online,91,idle,,false,false,
BR-SERVI-0419,2026-08-12T11:48:00Z,online,91,idle,,false,false,
BR-SERVI-0419,2026-08-12T11:49:00Z,online,91,idle,,false,false,
BR-SERVI-0419,2026-08-12T11:50:00Z,online,91,idle,,false,false,
BR-SERVI-0419,2026-08-12T11:51:00Z,online,90,idle,,false,false,
BR-SERVI-0419,2026-08-12T11:52:00Z,online,90,idle,,false,false,
BR-SERVI-0419,2026-08-12T11:53:00Z,online,90,idle,,false,false,
BR-SERVI-0419,2026-08-12T11:54:00Z,online,93,charging,,false,true,
BR-SERVI-0419,2026-08-12T11:55:00Z,online,93,idle,,false,false,
BR-SERVI-0419,2026-08-12T11:56:00Z,online,93,idle,,false,false,
BR-SERVI-0419,2026-08-12T11:57:00Z,online,92,idle,,false,false,
BR-SERVI-0419,2026-08-12T11:58:00Z,online,92,idle,,false,false,
BR-SERVI-0419,2026-08-12T11:59:00Z,online,92,idle,,false,false,
BR-SERVI-0419,2026-08-12T12:00:00Z,offline,92,,,false,false,
BR-SERVI-0419,2026-08-12T12:01:00Z,online,92,idle,,false,false,
BR-SERVI-0419,2026-08-12T12:02:00Z,offline,91,,,false,false,
BR-SERVI-0419,2026-08-12T12:03:00Z,online,91,idle,,false,false,
BR-SERVI-0419,2026-08-12T12:04:00Z,online,91,idle,,false,false,
BR-SERVI-0419,2026-08-12T12:05:00Z,online,91,idle,,false,false,
BR-SERVI-0419,2026-08-12T12:06:00Z,online,91,idle,,false,false,
BR-SERVI-0419,2026-08-12T12:07:00Z,online,90,idle,,false,false,
BR-SERVI-0419,2026-08-12T12:08:00Z,online,90,idle,,false,false,
BR-SERVI-0419,2026-08-12T12:09:00Z,online,90,idle,,false,false,
BR-SERVI-0419,2026-08-12T12:10:00Z,online,93,charging,,false,true,
BR-SERVI-0419,2026-08-12T12:11:00Z,online,93,idle,,false,false,
BR-SERVI-0419,2026-08-12T12:12:00Z,online,93,idle,,false,false,
BR-SERVI-0419,2026-08-12T12:13:00Z,online,92,idle,,false,false,
BR-SERVI-0419,2026-08-12T12:14:00Z,online,92,idle,,false,false,
BR-SERVI-0419,2026-08-12T12:15:00Z,online,92,idle,,false,false,
BR-SERVI-0419,2026-08-12T12:16:00Z,online,92,idle,,false,false,
BR-SERVI-0419,2026-08-12T12:17:00Z,online,92,idle,,false,false,
BR-SERVI-0419,2026-08-12T12:18:00Z,online,91,idle,,false,false,
BR-SERVI-0419,2026-08-12T12:19:00Z,online,91,idle,,false,false,
BR-SERVI-0419,2026-08-12T12:20:00Z,online,91,idle,,false,false,
BR-SERVI-0419,2026-08-12T12:21:00Z,online,91,idle,,false,false,
BR-SERVI-0419,2026-08-12T12:22:00Z,online,91,idle,,false,false,
BR-SERVI-0419,2026-08-12T12:23:00Z,online,90,idle,,false,false,
BR-SERVI-0419,2026-08-12T12:24:00Z,online,90,idle,,false,false,
BR-SERVI-0419,2026-08-12T12:25:00Z,online,90,idle,,false,false,
BR-SERVI-0419,2026-08-12T12:26:00Z,online,93,charging,,false,true,
BR-SERVI-0419,2026-08-12T12:27:00Z,online,93,idle,,false,false,
BR-SERVI-0419,2026-08-12T12:28:00Z,online,93,idle,,false,false,
BR-SERVI-0419,2026-08-12T12:29:00Z,online,92,idle,,false,false,
BR-SERVI-0419,2026-08-12T12:30:00Z,online,92,idle,,false,false,
BR-SERVI-0419,2026-08-12T12:31:00Z,online,92,idle,,false,false,
BR-SERVI-0419,2026-08-12T12:32:00Z,online,92,idle,,false,false,
BR-SERVI-0419,2026-08-12T12:33:00Z,online,92,idle,,false,false,
BR-SERVI-0419,2026-08-12T12:34:00Z,online,91,idle,,false,false,
BR-SERVI-0419,2026-08-12T12:35:00Z,online,91,idle,,false,false,
BR-SERVI-0419,2026-08-12T12:36:00Z,online,91,idle,,false,false,
BR-SERVI-0419,2026-08-12T12:37:00Z,online,91,idle,,false,false,
BR-SERVI-0419,2026-08-12T12:38:00Z,online,91,idle,,false,false,
BR-SERVI-0419,2026-08-12T12:39:00Z,online,90,idle,,false,false,
BR-SERVI-0419,2026-08-12T12:40:00Z,online,90,idle,,false,false,
BR-SERVI-0419,2026-08-12T12:41:00Z,online,90,idle,,false,false,
BR-SERVI-0419,2026-08-12T12:42:00Z,online,93,charging,,false,true,
BR-SERVI-0419,2026-08-12T12:43:00Z,online,93,idle,,false,false,
BR-SERVI-0419,2026-08-12T12:44:00Z,online,93,idle,,false,false,
BR-SERVI-0419,2026-08-12T12:45:00Z,online,92,idle,,false,false,
BR-SERVI-0419,2026-08-12T12:46:00Z,online,92,idle,,false,false,
BR-SERVI-0419,2026-08-12T12:47:00Z,online,92,idle,,false,false,
BR-SERVI-0419,2026-08-12T12:48:00Z,online,92,idle,,false,false,
BR-SERVI-0419,2026-08-12T12:49:00Z,online,92,idle,,false,false,
BR-SERVI-0419,2026-08-12T12:50:00Z,online,91,idle,,false,false,
BR-SERVI-0419,2026-08-12T12:51:00Z,online,91,idle,,false,false,
BR-SERVI-0419,2026-08-12T12:52:00Z,offline,91,,,false,false,
BR-SERVI-0419,2026-08-12T12:53:00Z,online,91,idle,,false,false,
BR-SERVI-0419,2026-08-12T12:54:00Z,online,91,idle,,false,false,
BR-SERVI-0419,2026-08-12T12:55:00Z,online,90,idle,,false,false,
BR-SERVI-0419,2026-08-12T12:56:00Z,online,90,idle,,false,false,
BR-SERVI-0419,2026-08-12T12:57:00Z,online,90,idle,,false,false,
BR-SERVI-0419,2026-08-12T12:58:00Z,online,93,charging,,false,true,
BR-SERVI-0419,2026-08-12T12:59:00Z,online,93,idle,,false,false,
BR-SERVI-0419,2026-08-12T13:00:00Z,offline,93,,,false,false,
BR-SERVI-0419,2026-08-12T13:01:00Z,online,92,idle,,false,false,
BR-SERVI-0419,2026-08-12T13:02:00Z,online,92,idle,,false,false,
BR-SERVI-0419,2026-08-12T13:03:00Z,online,92,idle,,false,false,
BR-SERVI-0419,2026-08-12T13:04:00Z,online,92,idle,,false,false,
BR-SERVI-0419,2026-08-12T13:05:00Z,online,92,idle,,false,false,
BR-SERVI-0419,2026-08-12T13:06:00Z,online,91,idle,,false,false,
BR-SERVI-0419,2026-08-12T13:07:00Z,online,91,idle,,false,false,
BR-SERVI-0419,2026-08-12T13:08:00Z,online,91,idle,,false,false,
BR-SERVI-0419,2026-08-12T13:09:00Z,offline,91,,,false,false,
BR-SERVI-0419,2026-08-12T13:10:00Z,online,91,idle,,false,false,
BR-SERVI-0419,2026-08-12T13:11:00Z,online,90,idle,,false,false,
BR-SERVI-0419,2026-08-12T13:12:00Z,online,90,idle,,false,false,
BR-SERVI-0419,2026-08-12T13:13:00Z,online,90,idle,,false,false,
BR-SERVI-0419,2026-08-12T13:14:00Z,online,93,charging,,false,true,
BR-SERVI-0419,2026-08-12T13:15:00Z,online,93,idle,,false,false,
BR-SERVI-0419,2026-08-12T13:16:00Z,online,93,idle,,false,false,
BR-SERVI-0419,2026-08-12T13:17:00Z,online,92,idle,,false,false,
BR-SERVI-0419,2026-08-12T13:18:00Z,online,92,idle,,false,false,
BR-SERVI-0419,2026-08-12T13:19:00Z,online,92,idle,,false,false,
BR-SERVI-0419,2026-08-12T13:20:00Z,online,92,idle,,false,false,
BR-SERVI-0419,2026-08-12T13:21:00Z,online,92,idle,,false,false,
BR-SERVI-0419,2026-08-12T13:22:00Z,online,91,idle,,false,false,
BR-SERVI-0419,2026-08-12T13:23:00Z,online,91,idle,,false,false,
BR-SERVI-0419,2026-08-12T13:24:00Z,offline,91,,,false,false,
BR-SERVI-0419,2026-08-12T13:25:00Z,online,91,idle,,false,false,
BR-SERVI-0419,2026-08-12T13:26:00Z,online,91,idle,,false,false,
BR-SERVI-0419,2026-08-12T13:27:00Z,online,90,idle,,false,false,
BR-SERVI-0419,2026-08-12T13:28:00Z,online,90,idle,,false,false,
BR-SERVI-0419,2026-08-12T13:29:00Z,online,90,idle,,false,false,
BR-SERVI-0419,2026-08-12T13:30:00Z,online,93,charging,,false,true,
BR-SERVI-0419,2026-08-12T13:31:00Z,online,93,idle,,false,false,
BR-SERVI-0419,2026-08-12T13:32:00Z,online,93,idle,,false,false,
BR-SERVI-0419,2026-08-12T13:33:00Z,online,92,idle,,false,false,
BR-SERVI-0419,2026-08-12T13:34:00Z,online,92,idle,,false,false,
BR-SERVI-0419,2026-08-12T13:35:00Z,online,92,idle,,false,false,
BR-SERVI-0419,2026-08-12T13:36:00Z,online,92,idle,,false,false,
BR-SERVI-0419,2026-08-12T13:37:00Z,online,92,idle,,false,false,
BR-SERVI-0419,2026-08-12T13:38:00Z,online,91,idle,,false,false,
BR-SERVI-0419,2026-08-12T13:39:00Z,online,91,idle,,false,false,
BR-SERVI-0419,2026-08-12T13:40:00Z,online,91,idle,,false,false,
BR-SERVI-0419,2026-08-12T13:41:00Z,online,91,idle,,false,false,
BR-SERVI-0419,2026-08-12T13:42:00Z,online,91,idle,,false,false,
BR-SERVI-0419,2026-08-12T13:43:00Z,online,90,idle,,false,false,
BR-SERVI-0419,2026-08-12T13:44:00Z,online,90,idle,,false,false,
BR-SERVI-0419,2026-08-12T13:45:00Z,online,90,idle,,false,false,
BR-SERVI-0419,2026-08-12T13:46:00Z,online,93,charging,,false,true,
BR-SERVI-0419,2026-08-12T13:47:00Z,online,93,idle,,false,false,
BR-SERVI-0419,2026-08-12T13:48:00Z,online,93,idle,,false,false,
BR-SERVI-0419,2026-08-12T13:49:00Z,online,92,idle,,false,false,
BR-SERVI-0419,2026-08-12T13:50:00Z,offline,92,,,false,false,
BR-SERVI-0419,2026-08-12T13:51:00Z,online,92,idle,,false,false,
BR-SERVI-0419,2026-08-12T13:52:00Z,online,92,idle,,false,false,
BR-SERVI-0419,2026-08-12T13:53:00Z,online,92,idle,,false,false,
BR-SERVI-0419,2026-08-12T13:54:00Z,online,91,idle,,false,false,
BR-SERVI-0419,2026-08-12T13:55:00Z,online,91,idle,,false,false,
BR-SERVI-0419,2026-08-12T13:56:00Z,online,91,idle,,false,false,
BR-SERVI-0419,2026-08-12T13:57:00Z,online,91,idle,,false,false,
BR-SERVI-0419,2026-08-12T13:58:00Z,online,91,idle,,false,false,
BR-SERVI-0419,2026-08-12T13:59:00Z,online,90,idle,,false,false,
BR-SERVI-0419,2026-08-12T14:00:00Z,online,90,idle,,false,false,
BR-SERVI-0419,2026-08-12T14:01:00Z,online,90,idle,,false,false,
BR-SERVI-0419,2026-08-12T14:02:00Z,online,93,charging,,false,true,
BR-SERVI-0419,2026-08-12T14:03:00Z,online,93,idle,,false,false,
BR-SERVI-0419,2026-08-12T14:04:00Z,online,93,idle,,false,false,
BR-SERVI-0419,2026-08-12T14:05:00Z,online,92,idle,,false,false,
BR-SERVI-0419,2026-08-12T14:06:00Z,online,92,idle,,false,false,
BR-SERVI-0419,2026-08-12T14:07:00Z,online,92,idle,,false,false,
BR-SERVI-0419,2026-08-12T14:08:00Z,online,92,idle,,false,false,
BR-SERVI-0419,2026-08-12T14:09:00Z,online,92,idle,,false,false,
BR-SERVI-0419,2026-08-12T14:10:00Z,online,91,idle,,false,false,
BR-SERVI-0419,2026-08-12T14:11:00Z,online,91,idle,,false,false,
BR-SERVI-0419,2026-08-12T14:12:00Z,online,91,idle,,false,false,
BR-SERVI-0419,2026-08-12T14:13:00Z,online,91,idle,,false,false,
BR-SERVI-0419,2026-08-12T14:14:00Z,online,91,idle,,false,false,
BR-SERVI-0419,2026-08-12T14:15:00Z,online,90,idle,,false,false,
BR-SERVI-0419,2026-08-12T14:16:00Z,online,90,idle,,false,false,
BR-SERVI-0419,2026-08-12T14:17:00Z,online,90,idle,,false,false,
BR-SERVI-0419,2026-08-12T14:18:00Z,online,93,charging,,false,true,
BR-SERVI-0419,2026-08-12T14:19:00Z,online,93,idle,,false,false,
BR-SERVI-0419,2026-08-12T14:20:00Z,online,93,idle,,false,false,
BR-SERVI-0419,2026-08-12T14:21:00Z,online,92,idle,,false,false,
BR-SERVI-0419,2026-08-12T14:22:00Z,online,92,idle,,false,false,
BR-SERVI-0419,2026-08-12T14:23:00Z,online,92,idle,,false,false,
BR-SERVI-0419,2026-08-12T14:24:00Z,online,92,idle,,false,false,
BR-SERVI-0419,2026-08-12T14:25:00Z,offline,92,,,false,false,
BR-SERVI-0419,2026-08-12T14:26:00Z,online,91,idle,,false,false,
BR-SERVI-0419,2026-08-12T14:27:00Z,online,91,idle,,false,false,
BR-SERVI-0419,2026-08-12T14:28:00Z,online,91,idle,,false,false,
BR-SERVI-0419,2026-08-12T14:29:00Z,online,91,idle,,false,false,
BR-SERVI-0419,2026-08-12T14:30:00Z,online,91,idle,,false,false,
BR-SERVI-0419,2026-08-12T14:31:00Z,online,90,idle,,false,false,
BR-SERVI-0419,2026-08-12T14:32:00Z,online,90,idle,,false,false,
BR-SERVI-0419,2026-08-12T14:33:00Z,online,90,idle,,false,false,
BR-SERVI-0419,2026-08-12T14:34:00Z,online,93,charging,,false,true,
BR-SERVI-0419,2026-08-12T14:35:00Z,online,93,idle,,false,false,
BR-SERVI-0419,2026-08-12T14:36:00Z,online,93,idle,,false,false,
BR-SERVI-0419,2026-08-12T14:37:00Z,online,92,idle,,false,false,
BR-SERVI-0419,2026-08-12T14:38:00Z,online,92,idle,,false,false,
BR-SERVI-0419,2026-08-12T14:39:00Z,online,92,idle,,false,false,
BR-SERVI-0419,2026-08-12T14:40:00Z,offline,92,,,false,false,
BR-SERVI-0419,2026-08-12T14:41:00Z,online,92,idle,,false,false,
BR-SERVI-0419,2026-08-12T14:42:00Z,online,91,idle,,false,false,
BR-SERVI-0419,2026-08-12T14:43:00Z,online,91,idle,,false,false,
BR-SERVI-0419,2026-08-12T14:44:00Z,online,91,idle,,false,false,
BR-SERVI-0419,2026-08-12T14:45:00Z,online,91,idle,,false,false,
BR-SERVI-0419,2026-08-12T14:46:00Z,online,91,idle,,false,false,
BR-SERVI-0419,2026-08-12T14:47:00Z,online,90,idle,,false,false,
BR-SERVI-0419,2026-08-12T14:48:00Z,online,90,idle,,false,false,
BR-SERVI-0419,2026-08-12T14:49:00Z,online,90,idle,,false,false,
BR-SERVI-0419,2026-08-12T14:50:00Z,online,93,charging,,false,true,
BR-SERVI-0419,2026-08-12T14:51:00Z,online,93,idle,,false,false,
BR-SERVI-0419,2026-08-12T14:52:00Z,online,93,idle,,false,false,
BR-SERVI-0419,2026-08-12T14:53:00Z,offline,92,,,false,false,
BR-SERVI-0419,2026-08-12T14:54:00Z,online,92,idle,,false,false,
BR-SERVI-0419,2026-08-12T14:55:00Z,online,92,idle,,false,false,
BR-SERVI-0419,2026-08-12T14:56:00Z,online,92,idle,,false,false,
BR-SERVI-0419,2026-08-12T14:57:00Z,online,92,idle,,false,false,
BR-SERVI-0419,2026-08-12T14:58:00Z,online,91,idle,,false,false,
BR-SERVI-0419,2026-08-12T14:59:00Z,online,91,idle,,false,false,
BR-SERVI-0419,2026-08-12T15:00:00Z,online,91,idle,,false,false,
BR-SERVI-0419,2026-08-12T15:01:00Z,online,91,idle,,false,false,
BR-SERVI-0419,2026-08-12T15:02:00Z,offline,91,,,false,false,
BR-SERVI-0419,2026-08-12T15:03:00Z,online,90,idle,,false,false,
BR-SERVI-0419,2026-08-12T15:04:00Z,online,90,idle,,false,false,
BR-SERVI-0419,2026-08-12T15:05:00Z,online,90,idle,,false,false,
BR-SERVI-0419,2026-08-12T15:06:00Z,online,93,charging,,false,true,
BR-SERVI-0419,2026-08-12T15:07:00Z,online,93,idle,,false,false,
BR-SERVI-0419,2026-08-12T15:08:00Z,offline,93,,,false,false,
BR-SERVI-0419,2026-08-12T15:09:00Z,online,92,idle,,false,false,
BR-SERVI-0419,2026-08-12T15:10:00Z,online,92,idle,,false,false,
BR-SERVI-0419,2026-08-12T15:11:00Z,online,92,idle,,false,false,
BR-SERVI-0419,2026-08-12T15:12:00Z,online,92,idle,,false,false,
BR-SERVI-0419,2026-08-12T15:13:00Z,online,92,idle,,false,false,
BR-SERVI-0419,2026-08-12T15:14:00Z,online,91,idle,,false,false,
BR-SERVI-0419,2026-08-12T15:15:00Z,online,91,idle,,false,false,
BR-SERVI-0419,2026-08-12T15:16:00Z,online,91,idle,,false,false,
BR-SERVI-0419,2026-08-12T15:17:00Z,online,91,idle,,false,false,
BR-SERVI-0419,2026-08-12T15:18:00Z,online,91,idle,,false,false,
BR-SERVI-0419,2026-08-12T15:19:00Z,online,90,idle,,false,false,
BR-SERVI-0419,2026-08-12T15:20:00Z,online,90,idle,,false,false,
BR-SERVI-0419,2026-08-12T15:21:00Z,online,90,idle,,false,false,
BR-SERVI-0419,2026-08-12T15:22:00Z,online,93,charging,,false,true,
BR-SERVI-0419,2026-08-12T15:23:00Z,online,93,idle,,false,false,
BR-SERVI-0419,2026-08-12T15:24:00Z,online,93,idle,,false,false,
BR-SERVI-0419,2026-08-12T15:25:00Z,offline,92,,,false,false,
BR-SERVI-0419,2026-08-12T15:26:00Z,online,92,idle,,false,false,
BR-SERVI-0419,2026-08-12T15:27:00Z,online,92,idle,,false,false,
BR-SERVI-0419,2026-08-12T15:28:00Z,online,92,idle,,false,false,
BR-SERVI-0419,2026-08-12T15:29:00Z,online,92,idle,,false,false,
BR-SERVI-0419,2026-08-12T15:30:00Z,online,91,idle,,false,false,
BR-SERVI-0419,2026-08-12T15:31:00Z,online,91,idle,,false,false,
BR-SERVI-0419,2026-08-12T15:32:00Z,online,91,idle,,false,false,
BR-SERVI-0419,2026-08-12T15:33:00Z,online,91,idle,,false,false,
BR-SERVI-0419,2026-08-12T15:34:00Z,online,91,idle,,false,false,
BR-SERVI-0419,2026-08-12T15:35:00Z,online,90,idle,,false,false,
BR-SERVI-0419,2026-08-12T15:36:00Z,online,90,idle,,false,false,
BR-SERVI-0419,2026-08-12T15:37:00Z,online,90,idle,,false,false,
BR-SERVI-0419,2026-08-12T15:38:00Z,online,93,charging,,false,true,
BR-SERVI-0419,2026-08-12T15:39:00Z,online,93,idle,,false,false,
BR-SERVI-0419,2026-08-12T15:40:00Z,online,93,idle,,false,false,
BR-SERVI-0419,2026-08-12T15:41:00Z,online,92,idle,,false,false,
BR-SERVI-0419,2026-08-12T15:42:00Z,online,92,idle,,false,false,
BR-SERVI-0419,2026-08-12T15:43:00Z,online,92,idle,,false,false,
BR-SERVI-0419,2026-08-12T15:44:00Z,online,92,idle,,false,false,
BR-SERVI-0419,2026-08-12T15:45:00Z,online,92,idle,,false,false,
BR-SERVI-0419,2026-08-12T15:46:00Z,online,91,idle,,false,false,
BR-SERVI-0419,2026-08-12T15:47:00Z,offline,91,,,false,false,
BR-SERVI-0419,2026-08-12T15:48:00Z,online,91,idle,,false,false,
BR-SERVI-0419,2026-08-12T15:49:00Z,online,91,idle,,false,false,
BR-SERVI-0419,2026-08-12T15:50:00Z,online,91,idle,,false,false,
BR-SERVI-0419,2026-08-12T15:51:00Z,online,90,idle,,false,false,
BR-SERVI-0419,2026-08-12T15:52:00Z,online,90,idle,,false,false,
BR-SERVI-0419,2026-08-12T15:53:00Z,online,90,idle,,false,false,
BR-SERVI-0419,2026-08-12T15:54:00Z,online,93,charging,,false,true,
BR-SERVI-0419,2026-08-12T15:55:00Z,online,93,idle,,false,false,
BR-SERVI-0419,2026-08-12T15:56:00Z,online,93,idle,,false,false,
BR-SERVI-0419,2026-08-12T15:57:00Z,online,92,idle,,false,false,
BR-SERVI-0419,2026-08-12T15:58:00Z,online,92,idle,,false,false,
BR-SERVI-0419,2026-08-12T15:59:00Z,online,92,idle,,false,false,
BR-SERVI-0419,2026-08-12T16:00:00Z,online,92,idle,,false,false,
BR-SERVI-0419,2026-08-12T16:01:00Z,online,92,idle,,false,false,
BR-SERVI-0419,2026-08-12T16:02:00Z,online,91,idle,,false,false,
BR-SERVI-0419,2026-08-12T16:03:00Z,online,91,idle,,false,false,
BR-SERVI-0419,2026-08-12T16:04:00Z,online,90,active,0419-m0001,false,false,
BR-SERVI-0419,2026-08-12T16:05:00Z,online,90,idle,,false,false,
BR-SERVI-0419,2026-08-12T16:06:00Z,online,88,active,0419-m0001,false,false,
BR-SERVI-0419,2026-08-12T16:07:00Z,online,88,idle,,false,false,
BR-SERVI-0419,2026-08-12T16:08:00Z,online,87,active,0419-m0001,false,false,
BR-SERVI-0419,2026-08-12T16:09:00Z,online,86,idle,,false,false,
BR-SERVI-0419,2026-08-12T16:10:00Z,online,85,active,0419-m0001,false,false,
BR-SERVI-0419,2026-08-12T16:11:00Z,online,85,idle,,false,false,
BR-SERVI-0419,2026-08-12T16:12:00Z,online,83,active,0419-m0001,false,false,
BR-SERVI-0419,2026-08-12T16:13:00Z,online,83,idle,,false,false,
BR-SERVI-0419,2026-08-12T16:14:00Z,online,82,active,0419-m0001,false,false,
BR-SERVI-0419,2026-08-12T16:15:00Z,online,80,active,0419-m0002,false,false,
BR-SERVI-0419,2026-08-12T16:16:00Z,online,80,idle,,false,false,
BR-SERVI-0419,2026-08-12T16:17:00Z,online,80,idle,,false,false,
BR-SERVI-0419,2026-08-12T16:18:00Z,online,80,idle,,false,false,
BR-SERVI-0419,2026-08-12T16:19:00Z,online,80,idle,,false,false,
BR-SERVI-0419,2026-08-12T16:20:00Z,online,79,idle,,false,false,
BR-SERVI-0419,2026-08-12T16:21:00Z,online,79,idle,,false,false,
BR-SERVI-0419,2026-08-12T16:22:00Z,online,79,idle,,false,false,
BR-SERVI-0419,2026-08-12T16:23:00Z,online,79,idle,,false,false,
BR-SERVI-0419,2026-08-12T16:24:00Z,online,77,active,0419-m0002,false,false,
BR-SERVI-0419,2026-08-12T16:25:00Z,online,77,idle,,false,false,
BR-SERVI-0419,2026-08-12T16:26:00Z,online,76,active,0419-m0003,false,false,
BR-SERVI-0419,2026-08-12T16:27:00Z,online,76,idle,,false,false,
BR-SERVI-0419,2026-08-12T16:28:00Z,online,75,idle,,false,false,
BR-SERVI-0419,2026-08-12T16:29:00Z,online,74,active,0419-m0004,false,false,
BR-SERVI-0419,2026-08-12T16:30:00Z,online,73,active,0419-m0005,false,false,
BR-SERVI-0419,2026-08-12T16:31:00Z,online,72,idle,,false,false,
BR-SERVI-0419,2026-08-12T16:32:00Z,online,71,active,0419-m0005,false,false,
BR-SERVI-0419,2026-08-12T16:33:00Z,online,70,active,0419-m0006,false,false,
BR-SERVI-0419,2026-08-12T16:34:00Z,online,68,active,0419-m0006,false,false,
BR-SERVI-0419,2026-08-12T16:35:00Z,online,68,idle,,false,false,
BR-SERVI-0419,2026-08-12T16:36:00Z,online,68,idle,,false,false,
BR-SERVI-0419,2026-08-12T16:37:00Z,online,66,active,0419-m0007,false,false,
BR-SERVI-0419,2026-08-12T16:38:00Z,online,66,idle,,false,false,
BR-SERVI-0419,2026-08-12T16:39:00Z,online,65,active,0419-m0008,false,false,
BR-SERVI-0419,2026-08-12T16:40:00Z,online,65,idle,,false,false,
BR-SERVI-0419,2026-08-12T16:41:00Z,online,64,idle,,false,false,
BR-SERVI-0419,2026-08-12T16:42:00Z,online,63,active,0419-m0008,false,false,
BR-SERVI-0419,2026-08-12T16:43:00Z,online,63,idle,,false,false,
BR-SERVI-0419,2026-08-12T16:44:00Z,online,63,idle,,false,false,
BR-SERVI-0419,2026-08-12T16:45:00Z,online,62,idle,,false,false,
BR-SERVI-0419,2026-08-12T16:46:00Z,online,62,idle,,false,false,
BR-SERVI-0419,2026-08-12T16:47:00Z,online,62,idle,,false,false,
BR-SERVI-0419,2026-08-12T16:48:00Z,online,62,idle,,false,false,
BR-SERVI-0419,2026-08-12T16:49:00Z,online,60,active,0419-m0008,false,false,
BR-SERVI-0419,2026-08-12T16:50:00Z,online,59,active,0419-m0008,false,false,
BR-SERVI-0419,2026-08-12T16:51:00Z,online,58,active,0419-m0008,false,false,
BR-SERVI-0419,2026-08-12T16:52:00Z,online,56,active,0419-m0009,false,false,
BR-SERVI-0419,2026-08-12T16:53:00Z,online,55,active,0419-m0009,false,false,
BR-SERVI-0419,2026-08-12T16:54:00Z,online,55,idle,,false,false,
BR-SERVI-0419,2026-08-12T16:55:00Z,online,53,active,0419-m0010,false,false,
BR-SERVI-0419,2026-08-12T16:56:00Z,online,52,active,0419-m0010,false,false,
BR-SERVI-0419,2026-08-12T16:57:00Z,online,52,idle,,false,false,
BR-SERVI-0419,2026-08-12T16:58:00Z,online,51,idle,,false,false,
BR-SERVI-0419,2026-08-12T16:59:00Z,online,50,active,0419-m0011,false,false,
BR-SERVI-0419,2026-08-12T17:00:00Z,online,50,idle,,false,false,
BR-SERVI-0419,2026-08-12T17:01:00Z,online,50,idle,,false,false,
BR-SERVI-0419,2026-08-12T17:02:00Z,online,48,active,0419-m0012,false,false,
BR-SERVI-0419,2026-08-12T17:03:00Z,online,47,active,0419-m0013,false,false,
BR-SERVI-0419,2026-08-12T17:04:00Z,online,47,idle,,false,false,
BR-SERVI-0419,2026-08-12T17:05:00Z,online,46,idle,,false,false,
BR-SERVI-0419,2026-08-12T17:06:00Z,online,45,active,0419-m0013,false,false,
BR-SERVI-0419,2026-08-12T17:07:00Z,online,44,active,0419-m0013,false,false,
BR-SERVI-0419,2026-08-12T17:08:00Z,online,42,active,0419-m0013,false,false,
BR-SERVI-0419,2026-08-12T17:09:00Z,online,42,idle,,false,false,
BR-SERVI-0419,2026-08-12T17:10:00Z,online,41,active,0419-m0013,false,false,
BR-SERVI-0419,2026-08-12T17:11:00Z,online,40,idle,,false,false,
BR-SERVI-0419,2026-08-12T17:12:00Z,online,40,idle,,false,false,
BR-SERVI-0419,2026-08-12T17:13:00Z,online,40,idle,,false,false,
BR-SERVI-0419,2026-08-12T17:14:00Z,online,40,idle,,false,false,
BR-SERVI-0419,2026-08-12T17:15:00Z,online,38,active,0419-m0014,false,false,
BR-SERVI-0419,2026-08-12T17:16:00Z,online,37,active,0419-m0014,false,false,
BR-SERVI-0419,2026-08-12T17:17:00Z,online,37,idle,,false,false,
BR-SERVI-0419,2026-08-12T17:18:00Z,online,35,active,0419-m0014,false,false,
BR-SERVI-0419,2026-08-12T17:19:00Z,online,34,active,0419-m0015,false,false,
BR-SERVI-0419,2026-08-12T17:20:00Z,online,33,active,0419-m0016,false,false,
BR-SERVI-0419,2026-08-12T17:21:00Z,online,32,idle,,false,false,
BR-SERVI-0419,2026-08-12T17:22:00Z,online,32,idle,,false,false,
BR-SERVI-0419,2026-08-12T17:23:00Z,online,32,idle,,false,false,
BR-SERVI-0419,2026-08-12T17:24:00Z,online,31,active,0419-m0016,false,false,
BR-SERVI-0419,2026-08-12T17:25:00Z,online,29,active,0419-m0016,false,false,
BR-SERVI-0419,2026-08-12T17:26:00Z,online,28,active,0419-m0017,false,false,
BR-SERVI-0419,2026-08-12T17:27:00Z,online,28,idle,,false,false,
BR-SERVI-0419,2026-08-12T17:28:00Z,online,27,idle,,false,false,
BR-SERVI-0419,2026-08-12T17:29:00Z,online,27,idle,,false,false,
BR-SERVI-0419,2026-08-12T17:30:00Z,online,27,idle,,false,false,
BR-SERVI-0419,2026-08-12T17:31:00Z,online,27,idle,,false,false,
BR-SERVI-0419,2026-08-12T17:32:00Z,online,25,active,0419-m0018,false,false,
BR-SERVI-0419,2026-08-12T17:33:00Z,online,25,idle,,false,false,
BR-SERVI-0419,2026-08-12T17:34:00Z,online,25,idle,,false,false,
BR-SERVI-0419,2026-08-12T17:35:00Z,online,24,active,0419-m0018,false,false,
BR-SERVI-0419,2026-08-12T17:36:00Z,online,22,active,0419-m0019,false,false,
BR-SERVI-0419,2026-08-12T17:37:00Z,online,22,idle,,false,false,
BR-SERVI-0419,2026-08-12T17:38:00Z,online,22,idle,,false,false,
BR-SERVI-0419,2026-08-12T17:39:00Z,online,22,idle,,false,false,
BR-SERVI-0419,2026-08-12T17:40:00Z,online,20,active,0419-m0019,false,false,
BR-SERVI-0419,2026-08-12T17:41:00Z,online,20,idle,,false,false,
BR-SERVI-0419,2026-08-12T17:42:00Z,online,19,active,0419-m0020,false,false,
BR-SERVI-0419,2026-08-12T17:43:00Z,online,18,idle,,false,false,
BR-SERVI-0419,2026-08-12T17:44:00Z,online,17,active,0419-m0021,false,false,
BR-SERVI-0419,2026-08-12T17:45:00Z,online,17,idle,,false,false,
BR-SERVI-0419,2026-08-12T17:46:00Z,online,17,idle,,false,false,
BR-SERVI-0419,2026-08-12T17:47:00Z,online,15,active,0419-m0021,false,false,
BR-SERVI-0419,2026-08-12T17:48:00Z,online,14,active,0419-m0021,false,false,
BR-SERVI-0419,2026-08-12T17:49:00Z,online,14,idle,,false,false,
BR-SERVI-0419,2026-08-12T17:50:00Z,online,13,idle,,false,false,
BR-SERVI-0419,2026-08-12T17:51:00Z,online,12,active,0419-m0022,false,false,
BR-SERVI-0419,2026-08-12T17:52:00Z,online,12,idle,,false,false,
BR-SERVI-0419,2026-08-12T17:53:00Z,online,12,active,0419-m0022,false,false,
BR-SERVI-0419,2026-08-12T17:54:00Z,online,12,idle,,false,false,
BR-SERVI-0419,2026-08-12T17:55:00Z,online,12,active,0419-m0022,false,false,
BR-SERVI-0419,2026-08-12T17:56:00Z,online,12,idle,,false,false,
BR-SERVI-0419,2026-08-12T17:57:00Z,online,12,idle,,false,false,
BR-SERVI-0419,2026-08-12T17:58:00Z,online,12,active,0419-m0023,false,false,
BR-SERVI-0419,2026-08-12T17:59:00Z,online,12,idle,,false,false,
BR-SERVI-0419,2026-08-12T18:00:00Z,online,12,idle,,false,false,
BR-SERVI-0419,2026-08-12T18:01:00Z,online,12,active,0419-m0024,false,false,
BR-SERVI-0419,2026-08-12T18:02:00Z,online,12,active,0419-m0024,false,false,
BR-SERVI-0419,2026-08-12T18:03:00Z,online,12,idle,,false,false,
BR-SERVI-0419,2026-08-12T18:04:00Z,online,12,active,0419-m0025,false,false,
BR-SERVI-0419,2026-08-12T18:05:00Z,online,12,idle,,false,false,
BR-SERVI-0419,2026-08-12T18:06:00Z,online,12,idle,,false,false,
BR-SERVI-0419,2026-08-12T18:07:00Z,online,12,idle,,false,false,
BR-SERVI-0419,2026-08-12T18:08:00Z,online,12,idle,,false,false,
BR-SERVI-0419,2026-08-12T18:09:00Z,online,12,active,0419-m0026,false,false,
BR-SERVI-0419,2026-08-12T18:10:00Z,online,12,active,0419-m0026,false,false,
BR-SERVI-0419,2026-08-12T18:11:00Z,online,12,active,0419-m0026,false,false,
BR-SERVI-0419,2026-08-12T18:12:00Z,online,12,active,0419-m0026,false,false,
BR-SERVI-0419,2026-08-12T18:13:00Z,online,12,active,0419-m0027,false,false,
BR-SERVI-0419,2026-08-12T18:14:00Z,online,12,idle,,false,false,
BR-SERVI-0419,2026-08-12T18:15:00Z,online,12,active,0419-m0027,false,false,
BR-SERVI-0419,2026-08-12T18:16:00Z,online,12,active,0419-m0027,false,false,
BR-SERVI-0419,2026-08-12T18:17:00Z,online,12,active,0419-m0027,false,false,
BR-SERVI-0419,2026-08-12T18:18:00Z,online,12,idle,,false,false,
BR-SERVI-0419,2026-08-12T18:19:00Z,online,12,active,0419-m0027,false,false,
BR-SERVI-0419,2026-08-12T18:20:00Z,online,12,active,0419-m0028,false,false,
BR-SERVI-0419,2026-08-12T18:21:00Z,online,12,idle,,false,false,
BR-SERVI-0419,2026-08-12T18:22:00Z,online,12,active,0419-m0028,false,false,
BR-SERVI-0419,2026-08-12T18:23:00Z,online,12,idle,,false,false,
BR-SERVI-0419,2026-08-12T18:24:00Z,online,12,idle,,false,false,
BR-SERVI-0419,2026-08-12T18:25:00Z,online,12,idle,,false,false,
BR-SERVI-0419,2026-08-12T18:26:00Z,online,12,idle,,false,false,
BR-SERVI-0419,2026-08-12T18:27:00Z,online,12,idle,,false,false,
BR-SERVI-0419,2026-08-12T18:28:00Z,online,12,idle,,false,false,
BR-SERVI-0419,2026-08-12T18:29:00Z,online,12,active,0419-m0028,false,false,
BR-SERVI-0419,2026-08-12T18:30:00Z,online,12,idle,,false,false,
BR-SERVI-0419,2026-08-12T18:31:00Z,online,12,idle,,false,false,
BR-SERVI-0419,2026-08-12T18:32:00Z,online,12,idle,,false,false,
BR-SERVI-0419,2026-08-12T18:33:00Z,online,12,idle,,false,false,
BR-SERVI-0419,2026-08-12T18:34:00Z,online,12,idle,,false,false,
BR-SERVI-0419,2026-08-12T18:35:00Z,online,12,idle,,false,false,
BR-SERVI-0419,2026-08-12T18:36:00Z,online,12,active,0419-m0028,false,false,
BR-SERVI-0419,2026-08-12T18:37:00Z,online,12,idle,,false,false,
BR-SERVI-0419,2026-08-12T18:38:00Z,online,12,idle,,false,false,
BR-SERVI-0419,2026-08-12T18:39:00Z,online,12,idle,,false,false,
BR-SERVI-0419,2026-08-12T18:40:00Z,online,12,idle,,false,false,
BR-SERVI-0419,2026-08-12T18:41:00Z,online,12,active,0419-m0028,false,false,
BR-SERVI-0419,2026-08-12T18:42:00Z,online,12,idle,,false,false,
BR-SERVI-0419,2026-08-12T18:43:00Z,online,12,idle,,false,false,
BR-SERVI-0419,2026-08-12T18:44:00Z,online,12,active,0419-m0028,false,false,
BR-SERVI-0419,2026-08-12T18:45:00Z,online,12,idle,,false,false,
BR-SERVI-0419,2026-08-12T18:46:00Z,online,12,idle,,false,false,
BR-SERVI-0419,2026-08-12T18:47:00Z,online,12,active,0419-m0028,false,false,
BR-SERVI-0419,2026-08-12T18:48:00Z,online,12,idle,,false,false,
BR-SERVI-0419,2026-08-12T18:49:00Z,online,12,idle,,false,false,
BR-SERVI-0419,2026-08-12T18:50:00Z,online,12,active,0419-m0028,false,false,
BR-SERVI-0419,2026-08-12T18:51:00Z,online,12,idle,,false,false,
BR-SERVI-0419,2026-08-12T18:52:00Z,online,12,active,0419-m0028,false,false,
BR-SERVI-0419,2026-08-12T18:53:00Z,online,12,idle,,false,false,
BR-SERVI-0419,2026-08-12T18:54:00Z,online,12,active,0419-m0028,false,false,
BR-SERVI-0419,2026-08-12T18:55:00Z,online,12,active,0419-m0028,false,false,
BR-SERVI-0419,2026-08-12T18:56:00Z,online,12,idle,,false,false,
BR-SERVI-0419,2026-08-12T18:57:00Z,online,12,active,0419-m0028,false,false,
BR-SERVI-0419,2026-08-12T18:58:00Z,online,12,idle,,false,false,
BR-SERVI-0419,2026-08-12T18:59:00Z,online,12,active,0419-m0028,false,false,
BR-SERVI-0419,2026-08-12T19:00:00Z,online,12,idle,,false,false,
BR-SERVI-0419,2026-08-12T19:01:00Z,online,12,active,0419-m0028,false,false,
BR-SERVI-0419,2026-08-12T19:02:00Z,online,12,idle,,false,false,
BR-SERVI-0419,2026-08-12T19:03:00Z,online,12,active,0419-m0028,false,false,
BR-SERVI-0419,2026-08-12T19:04:00Z,online,12,idle,,false,false,
BR-SERVI-0419,2026-08-12T19:05:00Z,online,12,idle,,false,false,
BR-SERVI-0419,2026-08-12T19:06:00Z,online,12,idle,,false,false,
BR-SERVI-0419,2026-08-12T19:07:00Z,online,12,idle,,false,false,
BR-SERVI-0419,2026-08-12T19:08:00Z,online,12,idle,,false,false,
BR-SERVI-0419,2026-08-12T19:09:00Z,online,12,idle,,false,false,
BR-SERVI-0419,2026-08-12T19:10:00Z,online,12,idle,,false,false,
BR-SERVI-0419,2026-08-12T19:11:00Z,online,12,active,0419-m0028,false,false,
BR-SERVI-0419,2026-08-12T19:12:00Z,online,12,idle,,false,false,
BR-SERVI-0419,2026-08-12T19:13:00Z,online,12,active,0419-m0028,false,false,
BR-SERVI-0419,2026-08-12T19:14:00Z,online,12,active,0419-m0028,false,false,
BR-SERVI-0419,2026-08-12T19:15:00Z,online,12,idle,,false,false,
BR-SERVI-0419,2026-08-12T19:16:00Z,online,12,active,0419-m0028,false,false,
BR-SERVI-0419,2026-08-12T19:17:00Z,online,12,idle,,false,false,
BR-SERVI-0419,2026-08-12T19:18:00Z,online,12,active,0419-m0028,false,false,
BR-SERVI-0419,2026-08-12T19:19:00Z,online,12,idle,,false,false,
BR-SERVI-0419,2026-08-12T19:20:00Z,online,12,active,0419-m0028,false,false,
BR-SERVI-0419,2026-08-12T19:21:00Z,online,12,active,0419-m0029,false,false,
BR-SERVI-0419,2026-08-12T19:22:00Z,online,12,idle,,false,false,
BR-SERVI-0419,2026-08-12T19:23:00Z,online,12,active,0419-m0030,false,false,
BR-SERVI-0419,2026-08-12T19:24:00Z,online,12,idle,,false,false,
BR-SERVI-0419,2026-08-12T19:25:00Z,online,12,active,0419-m0030,false,false,
BR-SERVI-0419,2026-08-12T19:26:00Z,online,12,idle,,false,false,
BR-SERVI-0419,2026-08-12T19:27:00Z,online,12,idle,,false,false,
BR-SERVI-0419,2026-08-12T19:28:00Z,online,12,active,0419-m0031,false,false,
BR-SERVI-0419,2026-08-12T19:29:00Z,online,12,idle,,false,false,
BR-SERVI-0419,2026-08-12T19:30:00Z,online,12,idle,,false,false,
BR-SERVI-0419,2026-08-12T19:31:00Z,online,12,active,0419-m0031,false,false,
BR-SERVI-0419,2026-08-12T19:32:00Z,online,12,idle,,false,false,
BR-SERVI-0419,2026-08-12T19:33:00Z,online,12,active,0419-m0031,false,false,
BR-SERVI-0419,2026-08-12T19:34:00Z,online,12,idle,,false,false,
BR-SERVI-0419,2026-08-12T19:35:00Z,online,12,idle,,false,false,
BR-SERVI-0419,2026-08-12T19:36:00Z,online,12,idle,,false,false,
BR-SERVI-0419,2026-08-12T19:37:00Z,online,12,idle,,false,false,
BR-SERVI-0419,2026-08-12T19:38:00Z,online,12,active,0419-m0031,false,false,
BR-SERVI-0419,2026-08-12T19:39:00Z,online,12,idle,,false,false,
BR-SERVI-0419,2026-08-12T19:40:00Z,online,12,idle,,false,false,
BR-SERVI-0419,2026-08-12T19:41:00Z,online,12,idle,,false,false,
BR-SERVI-0419,2026-08-12T19:42:00Z,online,12,active,0419-m0031,false,false,
BR-SERVI-0419,2026-08-12T19:43:00Z,online,12,idle,,false,false,
BR-SERVI-0419,2026-08-12T19:44:00Z,online,12,idle,,false,false,
BR-SERVI-0419,2026-08-12T19:45:00Z,online,12,idle,,false,false,
BR-SERVI-0419,2026-08-12T19:46:00Z,online,12,active,0419-m0031,false,false,
BR-SERVI-0419,2026-08-12T19:47:00Z,online,12,active,0419-m0031,false,false,
BR-SERVI-0419,2026-08-12T19:48:00Z,online,12,idle,,false,false,
BR-SERVI-0419,2026-08-12T19:49:00Z,online,12,active,0419-m0031,false,false,
BR-SERVI-0419,2026-08-12T19:50:00Z,online,12,active,0419-m0031,false,false,
BR-SERVI-0419,2026-08-12T19:51:00Z,online,12,idle,,false,false,
BR-SERVI-0419,2026-08-12T19:52:00Z,online,12,idle,,false,false,
BR-SERVI-0419,2026-08-12T19:53:00Z,online,12,idle,,false,false,
BR-SERVI-0419,2026-08-12T19:54:00Z,online,12,idle,,false,false,
BR-SERVI-0419,2026-08-12T19:55:00Z,online,12,active,0419-m0031,false,false,
BR-SERVI-0419,2026-08-12T19:56:00Z,online,12,active,0419-m0032,false,false,
BR-SERVI-0419,2026-08-12T19:57:00Z,online,12,active,0419-m0032,false,false,
BR-SERVI-0419,2026-08-12T19:58:00Z,online,12,idle,,false,false,
BR-SERVI-0419,2026-08-12T19:59:00Z,online,12,active,0419-m0032,false,false,
BR-SERVI-0419,2026-08-12T20:00:00Z,online,12,idle,,false,false,
BR-SERVI-0419,2026-08-12T20:01:00Z,online,12,idle,,false,false,
BR-SERVI-0419,2026-08-12T20:02:00Z,online,12,active,0419-m0032,false,false,
BR-SERVI-0419,2026-08-12T20:03:00Z,online,12,idle,,false,false,
BR-SERVI-0419,2026-08-12T20:04:00Z,online,12,active,0419-m0033,false,false,
BR-SERVI-0419,2026-08-12T20:05:00Z,online,12,idle,,false,false,
BR-SERVI-0419,2026-08-12T20:06:00Z,online,12,idle,,false,false,
BR-SERVI-0419,2026-08-12T20:07:00Z,online,12,active,0419-m0034,false,false,
BR-SERVI-0419,2026-08-12T20:08:00Z,online,12,idle,,false,false,
BR-SERVI-0419,2026-08-12T20:09:00Z,online,12,idle,,false,false,
BR-SERVI-0419,2026-08-12T20:10:00Z,online,12,idle,,false,false,
BR-SERVI-0419,2026-08-12T20:11:00Z,online,12,idle,,false,false,
BR-SERVI-0419,2026-08-12T20:12:00Z,online,12,idle,,false,false,
BR-SERVI-0419,2026-08-12T20:13:00Z,online,12,idle,,false,false,
BR-SERVI-0419,2026-08-12T20:14:00Z,online,12,idle,,false,false,
BR-SERVI-0419,2026-08-12T20:15:00Z,online,12,active,0419-m0034,false,false,
BR-SERVI-0419,2026-08-12T20:16:00Z,online,12,idle,,false,false,
BR-SERVI-0419,2026-08-12T20:17:00Z,online,12,active,0419-m0035,false,false,
BR-SERVI-0419,2026-08-12T20:18:00Z,online,12,idle,,false,false,
BR-SERVI-0419,2026-08-12T20:19:00Z,online,12,idle,,false,false,
BR-SERVI-0419,2026-08-12T20:20:00Z,online,12,idle,,false,false,
BR-SERVI-0419,2026-08-12T20:21:00Z,online,12,idle,,false,false,
BR-SERVI-0419,2026-08-12T20:22:00Z,online,12,idle,,false,false,
BR-SERVI-0419,2026-08-12T20:23:00Z,online,12,idle,,false,false,
BR-SERVI-0419,2026-08-12T20:24:00Z,online,12,active,0419-m0035,false,false,
BR-SERVI-0419,2026-08-12T20:25:00Z,online,12,idle,,false,false,
BR-SERVI-0419,2026-08-12T20:26:00Z,online,12,active,0419-m0035,false,false,
BR-SERVI-0419,2026-08-12T20:27:00Z,online,12,idle,,false,false,
BR-SERVI-0419,2026-08-12T20:28:00Z,online,12,idle,,false,false,
BR-SERVI-0419,2026-08-12T20:29:00Z,online,12,idle,,false,false,
BR-SERVI-0419,2026-08-12T20:30:00Z,online,12,idle,,false,false,
BR-SERVI-0419,2026-08-12T20:31:00Z,online,12,active,0419-m0035,false,false,
BR-SERVI-0419,2026-08-12T20:32:00Z,online,12,active,0419-m0036,false,false,
BR-SERVI-0419,2026-08-12T20:33:00Z,online,12,active,0419-m0036,false,false,
BR-SERVI-0419,2026-08-12T20:34:00Z,online,12,idle,,false,false,
BR-SERVI-0419,2026-08-12T20:35:00Z,online,12,idle,,false,false,
BR-SERVI-0419,2026-08-12T20:36:00Z,online,12,idle,,false,false,
BR-SERVI-0419,2026-08-12T20:37:00Z,online,12,active,0419-m0036,false,false,
BR-SERVI-0419,2026-08-12T20:38:00Z,online,12,idle,,false,false,
BR-SERVI-0419,2026-08-12T20:39:00Z,online,12,active,0419-m0037,false,false,
BR-SERVI-0419,2026-08-12T20:40:00Z,online,12,active,0419-m0037,false,false,
BR-SERVI-0419,2026-08-12T20:41:00Z,online,12,active,0419-m0038,false,false,
BR-SERVI-0419,2026-08-12T20:42:00Z,online,12,idle,,false,false,
BR-SERVI-0419,2026-08-12T20:43:00Z,online,12,active,0419-m0038,false,false,
BR-SERVI-0419,2026-08-12T20:44:00Z,online,12,active,0419-m0038,false,false,
BR-SERVI-0419,2026-08-12T20:45:00Z,online,12,idle,,false,false,
BR-SERVI-0419,2026-08-12T20:46:00Z,online,12,active,0419-m0038,false,false,
BR-SERVI-0419,2026-08-12T20:47:00Z,online,12,idle,,false,false,
BR-SERVI-0419,2026-08-12T20:48:00Z,online,12,idle,,false,false,
BR-SERVI-0419,2026-08-12T20:49:00Z,online,12,idle,,false,false,
BR-SERVI-0419,2026-08-12T20:50:00Z,online,12,idle,,false,false,
BR-SERVI-0419,2026-08-12T20:51:00Z,online,12,idle,,false,false,
BR-SERVI-0419,2026-08-12T20:52:00Z,online,12,active,0419-m0039,false,false,
BR-SERVI-0419,2026-08-12T20:53:00Z,online,12,idle,,false,false,
BR-SERVI-0419,2026-08-12T20:54:00Z,online,12,active,0419-m0039,false,false,
BR-SERVI-0419,2026-08-12T20:55:00Z,online,12,idle,,false,false,
BR-SERVI-0419,2026-08-12T20:56:00Z,online,12,idle,,false,false,
BR-SERVI-0419,2026-08-12T20:57:00Z,online,12,active,0419-m0039,false,false,
BR-SERVI-0419,2026-08-12T20:58:00Z,online,12,idle,,false,false,
BR-SERVI-0419,2026-08-12T20:59:00Z,online,12,idle,,false,false,
BR-SERVI-0419,2026-08-12T21:00:00Z,online,12,active,0419-m0039,false,false,
BR-SERVI-0419,2026-08-12T21:01:00Z,online,12,active,0419-m0039,false,false,
BR-SERVI-0419,2026-08-12T21:02:00Z,online,12,active,0419-m0039,false,false,
BR-SERVI-0419,2026-08-12T21:03:00Z,online,12,active,0419-m0040,false,false,
BR-SERVI-0419,2026-08-12T21:04:00Z,online,12,active,0419-m0041,false,false,
BR-SERVI-0419,2026-08-12T21:05:00Z,online,12,idle,,false,false,
BR-SERVI-0419,2026-08-12T21:06:00Z,online,12,active,0419-m0042,false,false,
BR-SERVI-0419,2026-08-12T21:07:00Z,online,12,active,0419-m0042,false,false,
BR-SERVI-0419,2026-08-12T21:08:00Z,online,12,idle,,false,false,
BR-SERVI-0419,2026-08-12T21:09:00Z,online,12,active,0419-m0042,false,false,
BR-SERVI-0419,2026-08-12T21:10:00Z,online,12,active,0419-m0042,false,false,
BR-SERVI-0419,2026-08-12T21:11:00Z,online,12,idle,,false,false,
BR-SERVI-0419,2026-08-12T21:12:00Z,online,12,active,0419-m0043,false,false,
BR-SERVI-0419,2026-08-12T21:13:00Z,online,12,idle,,false,false,
BR-SERVI-0419,2026-08-12T21:14:00Z,online,12,idle,,false,false,
BR-SERVI-0419,2026-08-12T21:15:00Z,online,12,idle,,false,false,
BR-SERVI-0419,2026-08-12T21:16:00Z,online,12,idle,,false,false,
BR-SERVI-0419,2026-08-12T21:17:00Z,online,12,active,0419-m0043,false,false,
BR-SERVI-0419,2026-08-12T21:18:00Z,online,12,idle,,false,false,
BR-SERVI-0419,2026-08-12T21:19:00Z,online,12,active,0419-m0043,false,false,
BR-SERVI-0419,2026-08-12T21:20:00Z,online,12,active,0419-m0044,false,false,
BR-SERVI-0419,2026-08-12T21:21:00Z,online,12,idle,,false,false,
BR-SERVI-0419,2026-08-12T21:22:00Z,online,12,active,0419-m0044,false,false,
BR-SERVI-0419,2026-08-12T21:23:00Z,online,12,active,0419-m0044,false,false,
BR-SERVI-0419,2026-08-12T21:24:00Z,online,12,idle,,false,false,
BR-SERVI-0419,2026-08-12T21:25:00Z,online,12,active,0419-m0044,false,false,
BR-SERVI-0419,2026-08-12T21:26:00Z,online,12,active,0419-m0044,false,false,
BR-SERVI-0419,2026-08-12T21:27:00Z,online,12,idle,,false,false,
BR-SERVI-0419,2026-08-12T21:28:00Z,online,12,idle,,false,false,
BR-SERVI-0419,2026-08-12T21:29:00Z,online,12,active,0419-m0045,false,false,
BR-SERVI-0419,2026-08-12T21:30:00Z,online,12,idle,,false,false,
BR-SERVI-0419,2026-08-12T21:31:00Z,online,12,idle,,false,false,
BR-SERVI-0419,2026-08-12T21:32:00Z,online,12,idle,,false,false,
BR-SERVI-0419,2026-08-12T21:33:00Z,online,12,idle,,false,false,
BR-SERVI-0419,2026-08-12T21:34:00Z,online,12,active,0419-m0045,false,false,
BR-SERVI-0419,2026-08-12T21:35:00Z,online,12,active,0419-m0046,false,false,
BR-SERVI-0419,2026-08-12T21:36:00Z,online,12,idle,,false,false,
BR-SERVI-0419,2026-08-12T21:37:00Z,online,12,active,0419-m0046,false,false,
BR-SERVI-0419,2026-08-12T21:38:00Z,online,12,idle,,false,false,
BR-SERVI-0419,2026-08-12T21:39:00Z,online,12,active,0419-m0046,false,false,
BR-SERVI-0419,2026-08-12T21:40:00Z,online,12,idle,,false,false,
BR-SERVI-0419,2026-08-12T21:41:00Z,online,12,active,0419-m0046,false,false,
BR-SERVI-0419,2026-08-12T21:42:00Z,online,12,active,0419-m0047,false,false,
BR-SERVI-0419,2026-08-12T21:43:00Z,online,12,active,0419-m0048,false,false,
BR-SERVI-0419,2026-08-12T21:44:00Z,online,12,active,0419-m0048,false,false,
BR-SERVI-0419,2026-08-12T21:45:00Z,online,12,idle,,false,false,
BR-SERVI-0419,2026-08-12T21:46:00Z,online,12,idle,,false,false,
BR-SERVI-0419,2026-08-12T21:47:00Z,online,12,idle,,false,false,
BR-SERVI-0419,2026-08-12T21:48:00Z,online,12,idle,,false,false,
BR-SERVI-0419,2026-08-12T21:49:00Z,online,12,idle,,false,false,
BR-SERVI-0419,2026-08-12T21:50:00Z,online,12,active,0419-m0048,false,false,
BR-SERVI-0419,2026-08-12T21:51:00Z,online,12,idle,,false,false,
BR-SERVI-0419,2026-08-12T21:52:00Z,online,12,idle,,false,false,
BR-SERVI-0419,2026-08-12T21:53:00Z,online,12,idle,,false,false,
BR-SERVI-0419,2026-08-12T21:54:00Z,online,12,idle,,false,false,
BR-SERVI-0419,2026-08-12T21:55:00Z,online,12,active,0419-m0049,false,false,
BR-SERVI-0419,2026-08-12T21:56:00Z,online,12,idle,,false,false,
BR-SERVI-0419,2026-08-12T21:57:00Z,online,12,active,0419-m0049,false,false,
BR-SERVI-0419,2026-08-12T21:58:00Z,online,12,idle,,false,false,
BR-SERVI-0419,2026-08-12T21:59:00Z,online,12,idle,,false,false,
BR-SERVI-0419,2026-08-12T22:00:00Z,online,12,idle,,false,false,
BR-SERVI-0419,2026-08-12T22:01:00Z,online,12,idle,,false,false,
BR-SERVI-0419,2026-08-12T22:02:00Z,online,12,active,0419-m0049,false,false,
BR-SERVI-0419,2026-08-12T22:03:00Z,online,12,idle,,false,false,
BR-SERVI-0419,2026-08-12T22:04:00Z,online,12,idle,,false,false,
BR-SERVI-0419,2026-08-12T22:05:00Z,online,12,active,0419-m0049,false,false,
BR-SERVI-0419,2026-08-12T22:06:00Z,online,12,active,0419-m0049,false,false,
BR-SERVI-0419,2026-08-12T22:07:00Z,online,12,idle,,false,false,
BR-SERVI-0419,2026-08-12T22:08:00Z,online,12,active,0419-m0050,false,false,
BR-SERVI-0419,2026-08-12T22:09:00Z,online,12,idle,,false,false,
BR-SERVI-0419,2026-08-12T22:10:00Z,online,12,idle,,false,false,
BR-SERVI-0419,2026-08-12T22:11:00Z,online,12,idle,,false,false,
BR-SERVI-0419,2026-08-12T22:12:00Z,online,12,idle,,false,false,
BR-SERVI-0419,2026-08-12T22:13:00Z,online,12,active,0419-m0050,false,false,
BR-SERVI-0419,2026-08-12T22:14:00Z,online,12,active,0419-m0050,false,false,
BR-SERVI-0419,2026-08-12T22:15:00Z,online,12,active,0419-m0050,false,false,
BR-SERVI-0419,2026-08-12T22:16:00Z,online,12,active,0419-m0050,false,false,
BR-SERVI-0419,2026-08-12T22:17:00Z,online,12,idle,,false,false,
BR-SERVI-0419,2026-08-12T22:18:00Z,online,12,active,0419-m0050,false,false,
BR-SERVI-0419,2026-08-12T22:19:00Z,online,12,idle,,false,false,
BR-SERVI-0419,2026-08-12T22:20:00Z,online,12,idle,,false,false,
BR-SERVI-0419,2026-08-12T22:21:00Z,online,12,active,0419-m0050,false,false,
BR-SERVI-0419,2026-08-12T22:22:00Z,online,12,idle,,false,false,
BR-SERVI-0419,2026-08-12T22:23:00Z,online,12,idle,,false,false,
BR-SERVI-0419,2026-08-12T22:24:00Z,online,12,idle,,false,false,
BR-SERVI-0419,2026-08-12T22:25:00Z,online,12,idle,,false,false,
BR-SERVI-0419,2026-08-12T22:26:00Z,online,12,active,0419-m0050,false,false,
BR-SERVI-0419,2026-08-12T22:27:00Z,online,12,idle,,false,false,
BR-SERVI-0419,2026-08-12T22:28:00Z,online,12,active,0419-m0050,false,false,
BR-SERVI-0419,2026-08-12T22:29:00Z,online,12,idle,,false,false,
BR-SERVI-0419,2026-08-12T22:30:00Z,online,12,idle,,false,false,
BR-SERVI-0419,2026-08-12T22:31:00Z,online,12,active,0419-m0051,false,false,
BR-SERVI-0419,2026-08-12T22:32:00Z,online,12,active,0419-m0051,false,false,
BR-SERVI-0419,2026-08-12T22:33:00Z,online,12,idle,,false,false,
BR-SERVI-0419,2026-08-12T22:34:00Z,online,12,idle,,false,false,
BR-SERVI-0419,2026-08-12T22:35:00Z,online,12,idle,,false,false,
BR-SERVI-0419,2026-08-12T22:36:00Z,online,12,idle,,false,false,
BR-SERVI-0419,2026-08-12T22:37:00Z,online,12,active,0419-m0051,false,false,
BR-SERVI-0419,2026-08-12T22:38:00Z,online,12,idle,,false,false,
BR-SERVI-0419,2026-08-12T22:39:00Z,online,12,idle,,false,false,
BR-SERVI-0419,2026-08-12T22:40:00Z,online,12,idle,,false,false,
BR-SERVI-0419,2026-08-12T22:41:00Z,online,12,active,0419-m0051,false,false,
BR-SERVI-0419,2026-08-12T22:42:00Z,online,12,idle,,false,false,
BR-SERVI-0419,2026-08-12T22:43:00Z,online,12,idle,,false,false,
BR-SERVI-0419,2026-08-12T22:44:00Z,online,12,active,0419-m0051,false,false,
BR-SERVI-0419,2026-08-12T22:45:00Z,online,12,active,0419-m0051,false,false,
BR-SERVI-0419,2026-08-12T22:46:00Z,online,12,active,0419-m0051,false,false,
BR-SERVI-0419,2026-08-12T22:47:00Z,online,12,idle,,false,false,
BR-SERVI-0419,2026-08-12T22:48:00Z,online,12,idle,,false,false,
BR-SERVI-0419,2026-08-12T22:49:00Z,online,12,active,0419-m0052,false,false,
BR-SERVI-0419,2026-08-12T22:50:00Z,online,12,active,0419-m0052,false,false,
BR-SERVI-0419,2026-08-12T22:51:00Z,online,12,idle,,false,false,
BR-SERVI-0419,2026-08-12T22:52:00Z,online,12,active,0419-m0052,false,false,
BR-SERVI-0419,2026-08-12T22:53:00Z,online,12,idle,,false,false,
BR-SERVI-0419,2026-08-12T22:54:00Z,online,12,idle,,false,false,
BR-SERVI-0419,2026-08-12T22:55:00Z,online,12,active,0419-m0052,false,false,
BR-SERVI-0419,2026-08-12T22:56:00Z,online,12,active,0419-m0053,false,false,
BR-SERVI-0419,2026-08-12T22:57:00Z,online,12,idle,,false,false,
BR-SERVI-0419,2026-08-12T22:58:00Z,online,12,idle,,false,false,
BR-SERVI-0419,2026-08-12T22:59:00Z,online,12,active,0419-m0053,false,false,
BR-SERVI-0419,2026-08-12T23:00:00Z,online,15,charging,,false,true,
BR-SERVI-0419,2026-08-12T23:01:00Z,online,18,charging,,false,true,
BR-SERVI-0419,2026-08-12T23:02:00Z,online,21,charging,,false,true,
BR-SERVI-0419,2026-08-12T23:03:00Z,online,24,charging,,false,true,
BR-SERVI-0419,2026-08-12T23:04:00Z,online,27,charging,,false,true,
BR-SERVI-0419,2026-08-12T23:05:00Z,online,30,charging,,false,true,
BR-SERVI-0419,2026-08-12T23:06:00Z,online,33,charging,,false,true,
BR-SERVI-0419,2026-08-12T23:07:00Z,online,36,charging,,false,true,
BR-SERVI-0419,2026-08-12T23:08:00Z,online,39,charging,,false,true,
BR-SERVI-0419,2026-08-12T23:09:00Z,online,42,charging,,false,true,
BR-SERVI-0419,2026-08-12T23:10:00Z,online,45,charging,,false,true,
BR-SERVI-0419,2026-08-12T23:11:00Z,online,48,charging,,false,true,
BR-SERVI-0419,2026-08-12T23:12:00Z,online,51,charging,,false,true,
BR-SERVI-0419,2026-08-12T23:13:00Z,online,54,charging,,false,true,
BR-SERVI-0419,2026-08-12T23:14:00Z,online,57,charging,,false,true,
BR-SERVI-0419,2026-08-12T23:15:00Z,online,60,charging,,false,true,
BR-SERVI-0419,2026-08-12T23:16:00Z,online,63,charging,,false,true,
BR-SERVI-0419,2026-08-12T23:17:00Z,online,66,charging,,false,true,
BR-SERVI-0419,2026-08-12T23:18:00Z,online,69,charging,,false,true,
BR-SERVI-0419,2026-08-12T23:19:00Z,online,72,charging,,false,true,
BR-SERVI-0419,2026-08-12T23:20:00Z,online,75,charging,,false,true,
BR-SERVI-0419,2026-08-12T23:21:00Z,online,78,charging,,false,true,
BR-SERVI-0419,2026-08-12T23:22:00Z,online,81,charging,,false,true,
BR-SERVI-0419,2026-08-12T23:23:00Z,online,84,charging,,false,true,
BR-SERVI-0419,2026-08-12T23:24:00Z,online,87,charging,,false,true,
BR-SERVI-0419,2026-08-12T23:25:00Z,online,90,charging,,false,true,
BR-SERVI-0419,2026-08-12T23:26:00Z,online,90,idle,,false,false,
BR-SERVI-0419,2026-08-12T23:27:00Z,online,93,charging,,false,true,
BR-SERVI-0419,2026-08-12T23:28:00Z,online,93,idle,,false,false,
BR-SERVI-0419,2026-08-12T23:29:00Z,online,92,idle,,false,false,
BR-SERVI-0419,2026-08-12T23:30:00Z,online,92,idle,,false,false,
BR-SERVI-0419,2026-08-12T23:31:00Z,online,92,idle,,false,false,
BR-SERVI-0419,2026-08-12T23:32:00Z,online,92,idle,,false,false,
BR-SERVI-0419,2026-08-12T23:33:00Z,online,92,idle,,false,false,
BR-SERVI-0419,2026-08-12T23:34:00Z,online,91,idle,,false,false,
BR-SERVI-0419,2026-08-12T23:35:00Z,online,91,idle,,false,false,
BR-SERVI-0419,2026-08-12T23:36:00Z,online,91,idle,,false,false,
BR-SERVI-0419,2026-08-12T23:37:00Z,online,91,idle,,false,false,
BR-SERVI-0419,2026-08-12T23:38:00Z,online,91,idle,,false,false,
BR-SERVI-0419,2026-08-12T23:39:00Z,online,90,idle,,false,false,
BR-SERVI-0419,2026-08-12T23:40:00Z,online,90,idle,,false,false,
BR-SERVI-0419,2026-08-12T23:41:00Z,offline,90,,,false,false,
BR-SERVI-0419,2026-08-12T23:42:00Z,online,93,charging,,false,true,
BR-SERVI-0419,2026-08-12T23:43:00Z,online,93,idle,,false,false,
BR-SERVI-0419,2026-08-12T23:44:00Z,online,93,idle,,false,false,
BR-SERVI-0419,2026-08-12T23:45:00Z,online,92,idle,,false,false,
BR-SERVI-0419,2026-08-12T23:46:00Z,online,92,idle,,false,false,
BR-SERVI-0419,2026-08-12T23:47:00Z,online,92,idle,,false,false,
BR-SERVI-0419,2026-08-12T23:48:00Z,online,92,idle,,false,false,
BR-SERVI-0419,2026-08-12T23:49:00Z,online,92,idle,,false,false,
BR-SERVI-0419,2026-08-12T23:50:00Z,online,91,idle,,false,false,
BR-SERVI-0419,2026-08-12T23:51:00Z,online,91,idle,,false,false,
BR-SERVI-0419,2026-08-12T23:52:00Z,online,91,idle,,false,false,
BR-SERVI-0419,2026-08-12T23:53:00Z,online,91,idle,,false,false,
BR-SERVI-0419,2026-08-12T23:54:00Z,online,91,idle,,false,false,
BR-SERVI-0419,2026-08-12T23:55:00Z,online,90,idle,,false,false,
BR-SERVI-0419,2026-08-12T23:56:00Z,online,90,idle,,false,false,
BR-SERVI-0419,2026-08-12T23:57:00Z,online,90,idle,,false,false,
BR-SERVI-0419,2026-08-12T23:58:00Z,online,93,charging,,false,true,
BR-SERVI-0419,2026-08-12T23:59:00Z,online,93,idle,,false,false,
GS-S50-8830,2026-08-12T00:00:00Z,online,91,active,8830-m0000,false,false,
GS-S50-8830,2026-08-12T00:01:00Z,online,90,idle,,false,false,
GS-S50-8830,2026-08-12T00:02:00Z,online,90,idle,,false,false,
GS-S50-8830,2026-08-12T00:03:00Z,online,89,active,8830-m0001,false,false,
GS-S50-8830,2026-08-12T00:04:00Z,online,87,active,8830-m0001,false,false,
GS-S50-8830,2026-08-12T00:05:00Z,online,87,idle,,false,false,
GS-S50-8830,2026-08-12T00:06:00Z,online,87,idle,,false,false,
GS-S50-8830,2026-08-12T00:07:00Z,online,87,idle,,false,false,
GS-S50-8830,2026-08-12T00:08:00Z,online,85,active,8830-m0001,false,false,
GS-S50-8830,2026-08-12T00:09:00Z,online,85,idle,,false,false,
GS-S50-8830,2026-08-12T00:10:00Z,online,84,active,8830-m0002,false,false,
GS-S50-8830,2026-08-12T00:11:00Z,online,84,idle,,false,false,
GS-S50-8830,2026-08-12T00:12:00Z,online,83,idle,,false,false,
GS-S50-8830,2026-08-12T00:13:00Z,online,83,idle,,false,false,
GS-S50-8830,2026-08-12T00:14:00Z,online,83,idle,,false,false,
GS-S50-8830,2026-08-12T00:15:00Z,online,82,active,8830-m0002,false,false,
GS-S50-8830,2026-08-12T00:16:00Z,online,80,active,8830-m0002,false,false,
GS-S50-8830,2026-08-12T00:17:00Z,online,79,active,8830-m0003,false,false,
GS-S50-8830,2026-08-12T00:18:00Z,online,79,idle,,false,false,
GS-S50-8830,2026-08-12T00:19:00Z,online,77,active,8830-m0003,false,false,
GS-S50-8830,2026-08-12T00:20:00Z,online,76,active,8830-m0004,false,false,
GS-S50-8830,2026-08-12T00:21:00Z,online,74,active,8830-m0004,false,false,
GS-S50-8830,2026-08-12T00:22:00Z,online,74,idle,,false,false,
GS-S50-8830,2026-08-12T00:23:00Z,online,74,idle,,false,false,
GS-S50-8830,2026-08-12T00:24:00Z,online,74,idle,,false,false,
GS-S50-8830,2026-08-12T00:25:00Z,online,74,idle,,false,false,
GS-S50-8830,2026-08-12T00:26:00Z,online,72,active,8830-m0004,false,false,
GS-S50-8830,2026-08-12T00:27:00Z,online,71,active,8830-m0004,false,false,
GS-S50-8830,2026-08-12T00:28:00Z,online,69,active,8830-m0004,false,false,
GS-S50-8830,2026-08-12T00:29:00Z,online,68,active,8830-m0005,false,false,
GS-S50-8830,2026-08-12T00:30:00Z,online,68,idle,,false,false,
GS-S50-8830,2026-08-12T00:31:00Z,online,66,active,8830-m0005,false,false,
GS-S50-8830,2026-08-12T00:32:00Z,online,65,active,8830-m0005,false,false,
GS-S50-8830,2026-08-12T00:33:00Z,online,65,idle,,false,false,
GS-S50-8830,2026-08-12T00:34:00Z,online,63,active,8830-m0006,false,false,
GS-S50-8830,2026-08-12T00:35:00Z,online,62,active,8830-m0006,false,false,
GS-S50-8830,2026-08-12T00:36:00Z,online,61,active,8830-m0007,false,false,
GS-S50-8830,2026-08-12T00:37:00Z,online,60,idle,,false,false,
GS-S50-8830,2026-08-12T00:38:00Z,online,60,idle,,false,false,
GS-S50-8830,2026-08-12T00:39:00Z,online,59,active,8830-m0008,false,false,
GS-S50-8830,2026-08-12T00:40:00Z,online,59,idle,,false,false,
GS-S50-8830,2026-08-12T00:41:00Z,online,57,active,8830-m0008,false,false,
GS-S50-8830,2026-08-12T00:42:00Z,online,57,idle,,false,false,
GS-S50-8830,2026-08-12T00:43:00Z,online,56,active,8830-m0008,false,false,
GS-S50-8830,2026-08-12T00:44:00Z,online,54,active,8830-m0008,false,false,
GS-S50-8830,2026-08-12T00:45:00Z,online,54,idle,,false,false,
GS-S50-8830,2026-08-12T00:46:00Z,online,54,idle,,false,false,
GS-S50-8830,2026-08-12T00:47:00Z,online,52,active,8830-m0009,false,false,
GS-S50-8830,2026-08-12T00:48:00Z,online,52,idle,,false,false,
GS-S50-8830,2026-08-12T00:49:00Z,online,52,idle,,false,false,
GS-S50-8830,2026-08-12T00:50:00Z,online,52,idle,,false,false,
GS-S50-8830,2026-08-12T00:51:00Z,online,52,idle,,false,false,
GS-S50-8830,2026-08-12T00:52:00Z,online,51,idle,,false,false,
GS-S50-8830,2026-08-12T00:53:00Z,online,50,active,8830-m0009,false,false,
GS-S50-8830,2026-08-12T00:54:00Z,online,50,idle,,false,false,
GS-S50-8830,2026-08-12T00:55:00Z,online,48,active,8830-m0010,false,false,
GS-S50-8830,2026-08-12T00:56:00Z,online,48,idle,,false,false,
GS-S50-8830,2026-08-12T00:57:00Z,online,48,idle,,false,false,
GS-S50-8830,2026-08-12T00:58:00Z,online,48,idle,,false,false,
GS-S50-8830,2026-08-12T00:59:00Z,online,46,active,8830-m0011,false,false,
GS-S50-8830,2026-08-12T01:00:00Z,online,46,idle,,false,false,
GS-S50-8830,2026-08-12T01:01:00Z,online,45,active,8830-m0011,false,false,
GS-S50-8830,2026-08-12T01:02:00Z,online,45,idle,,false,false,
GS-S50-8830,2026-08-12T01:03:00Z,online,43,active,8830-m0011,false,false,
GS-S50-8830,2026-08-12T01:04:00Z,online,43,idle,,false,false,
GS-S50-8830,2026-08-12T01:05:00Z,online,42,active,8830-m0011,false,false,
GS-S50-8830,2026-08-12T01:06:00Z,online,41,idle,,false,false,
GS-S50-8830,2026-08-12T01:07:00Z,online,41,idle,,false,false,
GS-S50-8830,2026-08-12T01:08:00Z,online,41,idle,,false,false,
GS-S50-8830,2026-08-12T01:09:00Z,online,41,idle,,false,false,
GS-S50-8830,2026-08-12T01:10:00Z,online,41,idle,,false,false,
GS-S50-8830,2026-08-12T01:11:00Z,online,39,active,8830-m0011,false,false,
GS-S50-8830,2026-08-12T01:12:00Z,online,39,idle,,false,false,
GS-S50-8830,2026-08-12T01:13:00Z,online,39,idle,,false,false,
GS-S50-8830,2026-08-12T01:14:00Z,online,37,active,8830-m0011,false,false,
GS-S50-8830,2026-08-12T01:15:00Z,online,37,idle,,false,false,
GS-S50-8830,2026-08-12T01:16:00Z,online,36,active,8830-m0011,false,false,
GS-S50-8830,2026-08-12T01:17:00Z,online,36,idle,,false,false,
GS-S50-8830,2026-08-12T01:18:00Z,online,34,active,8830-m0011,false,false,
GS-S50-8830,2026-08-12T01:19:00Z,online,33,active,8830-m0011,false,false,
GS-S50-8830,2026-08-12T01:20:00Z,online,33,idle,,false,false,
GS-S50-8830,2026-08-12T01:21:00Z,online,32,idle,,false,false,
GS-S50-8830,2026-08-12T01:22:00Z,online,31,active,8830-m0011,false,false,
GS-S50-8830,2026-08-12T01:23:00Z,online,31,idle,,false,false,
GS-S50-8830,2026-08-12T01:24:00Z,online,31,idle,,false,false,
GS-S50-8830,2026-08-12T01:25:00Z,online,29,active,8830-m0011,false,false,
GS-S50-8830,2026-08-12T01:26:00Z,online,29,idle,,false,false,
GS-S50-8830,2026-08-12T01:27:00Z,online,29,idle,,false,false,
GS-S50-8830,2026-08-12T01:28:00Z,online,29,idle,,false,false,
GS-S50-8830,2026-08-12T01:29:00Z,online,28,idle,,false,false,
GS-S50-8830,2026-08-12T01:30:00Z,online,28,idle,,false,false,
GS-S50-8830,2026-08-12T01:31:00Z,online,28,idle,,false,false,
GS-S50-8830,2026-08-12T01:32:00Z,online,28,idle,,false,false,
GS-S50-8830,2026-08-12T01:33:00Z,online,28,idle,,false,false,
GS-S50-8830,2026-08-12T01:34:00Z,online,26,active,8830-m0011,false,false,
GS-S50-8830,2026-08-12T01:35:00Z,online,26,idle,,false,false,
GS-S50-8830,2026-08-12T01:36:00Z,online,26,idle,,false,false,
GS-S50-8830,2026-08-12T01:37:00Z,online,26,idle,,false,false,
GS-S50-8830,2026-08-12T01:38:00Z,online,24,active,8830-m0011,false,false,
GS-S50-8830,2026-08-12T01:39:00Z,online,23,active,8830-m0012,false,false,
GS-S50-8830,2026-08-12T01:40:00Z,online,21,active,8830-m0012,false,false,
GS-S50-8830,2026-08-12T01:41:00Z,online,21,idle,,false,false,
GS-S50-8830,2026-08-12T01:42:00Z,online,21,idle,,false,false,
GS-S50-8830,2026-08-12T01:43:00Z,online,21,idle,,false,false,
GS-S50-8830,2026-08-12T01:44:00Z,online,19,active,8830-m0012,false,false,
GS-S50-8830,2026-08-12T01:45:00Z,online,19,idle,,false,false,
GS-S50-8830,2026-08-12T01:46:00Z,online,19,idle,,false,false,
GS-S50-8830,2026-08-12T01:47:00Z,online,19,idle,,false,false,
GS-S50-8830,2026-08-12T01:48:00Z,online,17,active,8830-m0013,false,false,
GS-S50-8830,2026-08-12T01:49:00Z,online,16,active,8830-m0014,false,false,
GS-S50-8830,2026-08-12T01:50:00Z,online,16,idle,,false,false,
GS-S50-8830,2026-08-12T01:51:00Z,online,14,active,8830-m0014,false,false,
GS-S50-8830,2026-08-12T01:52:00Z,online,13,active,8830-m0014,false,false,
GS-S50-8830,2026-08-12T01:53:00Z,online,13,idle,,false,false,
GS-S50-8830,2026-08-12T01:54:00Z,online,12,active,8830-m0014,false,false,
GS-S50-8830,2026-08-12T01:55:00Z,online,12,active,8830-m0014,false,false,
GS-S50-8830,2026-08-12T01:56:00Z,online,12,active,8830-m0015,false,false,
GS-S50-8830,2026-08-12T01:57:00Z,online,12,active,8830-m0015,false,false,
GS-S50-8830,2026-08-12T01:58:00Z,online,12,idle,,false,false,
GS-S50-8830,2026-08-12T01:59:00Z,online,12,idle,,false,false,
GS-S50-8830,2026-08-12T02:00:00Z,online,12,idle,,false,false,
GS-S50-8830,2026-08-12T02:01:00Z,online,12,idle,,false,false,
GS-S50-8830,2026-08-12T02:02:00Z,online,12,active,8830-m0015,false,false,
GS-S50-8830,2026-08-12T02:03:00Z,online,12,idle,,false,false,
GS-S50-8830,2026-08-12T02:04:00Z,online,12,idle,,false,false,
GS-S50-8830,2026-08-12T02:05:00Z,online,12,idle,,false,false,
GS-S50-8830,2026-08-12T02:06:00Z,online,12,active,8830-m0015,false,false,
GS-S50-8830,2026-08-12T02:07:00Z,online,12,idle,,false,false,
GS-S50-8830,2026-08-12T02:08:00Z,online,12,active,8830-m0015,false,false,
GS-S50-8830,2026-08-12T02:09:00Z,online,12,active,8830-m0016,false,false,
GS-S50-8830,2026-08-12T02:10:00Z,online,12,idle,,false,false,
GS-S50-8830,2026-08-12T02:11:00Z,online,12,active,8830-m0016,false,false,
GS-S50-8830,2026-08-12T02:12:00Z,online,12,active,8830-m0016,false,false,
GS-S50-8830,2026-08-12T02:13:00Z,online,12,idle,,false,false,
GS-S50-8830,2026-08-12T02:14:00Z,online,12,idle,,false,false,
GS-S50-8830,2026-08-12T02:15:00Z,online,12,active,8830-m0017,false,false,
GS-S50-8830,2026-08-12T02:16:00Z,online,12,idle,,false,false,
GS-S50-8830,2026-08-12T02:17:00Z,online,12,idle,,false,false,
GS-S50-8830,2026-08-12T02:18:00Z,online,12,active,8830-m0018,false,false,
GS-S50-8830,2026-08-12T02:19:00Z,online,12,active,8830-m0018,false,false,
GS-S50-8830,2026-08-12T02:20:00Z,online,12,active,8830-m0018,false,false,
GS-S50-8830,2026-08-12T02:21:00Z,online,12,idle,,false,false,
GS-S50-8830,2026-08-12T02:22:00Z,online,12,idle,,false,false,
GS-S50-8830,2026-08-12T02:23:00Z,online,12,active,8830-m0018,false,false,
GS-S50-8830,2026-08-12T02:24:00Z,online,12,idle,,false,false,
GS-S50-8830,2026-08-12T02:25:00Z,online,12,active,8830-m0018,false,false,
GS-S50-8830,2026-08-12T02:26:00Z,online,12,active,8830-m0018,false,false,
GS-S50-8830,2026-08-12T02:27:00Z,online,12,active,8830-m0018,false,false,
GS-S50-8830,2026-08-12T02:28:00Z,online,12,idle,,false,false,
GS-S50-8830,2026-08-12T02:29:00Z,online,12,idle,,false,false,
GS-S50-8830,2026-08-12T02:30:00Z,online,12,idle,,false,false,
GS-S50-8830,2026-08-12T02:31:00Z,online,12,active,8830-m0018,false,false,
GS-S50-8830,2026-08-12T02:32:00Z,online,12,idle,,false,false,
GS-S50-8830,2026-08-12T02:33:00Z,online,12,idle,,false,false,
GS-S50-8830,2026-08-12T02:34:00Z,online,12,active,8830-m0018,false,false,
GS-S50-8830,2026-08-12T02:35:00Z,online,12,active,8830-m0018,false,false,
GS-S50-8830,2026-08-12T02:36:00Z,online,12,idle,,false,false,
GS-S50-8830,2026-08-12T02:37:00Z,online,12,active,8830-m0019,false,false,
GS-S50-8830,2026-08-12T02:38:00Z,online,12,idle,,false,false,
GS-S50-8830,2026-08-12T02:39:00Z,online,12,active,8830-m0019,false,false,
GS-S50-8830,2026-08-12T02:40:00Z,online,12,idle,,false,false,
GS-S50-8830,2026-08-12T02:41:00Z,online,12,idle,,false,false,
GS-S50-8830,2026-08-12T02:42:00Z,online,12,idle,,false,false,
GS-S50-8830,2026-08-12T02:43:00Z,online,12,idle,,false,false,
GS-S50-8830,2026-08-12T02:44:00Z,online,12,active,8830-m0020,false,false,
GS-S50-8830,2026-08-12T02:45:00Z,online,12,idle,,false,false,
GS-S50-8830,2026-08-12T02:46:00Z,online,12,active,8830-m0021,false,false,
GS-S50-8830,2026-08-12T02:47:00Z,online,12,idle,,false,false,
GS-S50-8830,2026-08-12T02:48:00Z,online,12,active,8830-m0021,false,false,
GS-S50-8830,2026-08-12T02:49:00Z,online,12,idle,,false,false,
GS-S50-8830,2026-08-12T02:50:00Z,online,12,active,8830-m0022,false,false,
GS-S50-8830,2026-08-12T02:51:00Z,online,12,idle,,false,false,
GS-S50-8830,2026-08-12T02:52:00Z,online,12,idle,,false,false,
GS-S50-8830,2026-08-12T02:53:00Z,online,12,idle,,false,false,
GS-S50-8830,2026-08-12T02:54:00Z,online,12,active,8830-m0022,false,false,
GS-S50-8830,2026-08-12T02:55:00Z,online,12,active,8830-m0022,false,false,
GS-S50-8830,2026-08-12T02:56:00Z,online,12,active,8830-m0022,false,false,
GS-S50-8830,2026-08-12T02:57:00Z,online,12,idle,,false,false,
GS-S50-8830,2026-08-12T02:58:00Z,online,12,active,8830-m0022,false,false,
GS-S50-8830,2026-08-12T02:59:00Z,online,12,idle,,false,false,
GS-S50-8830,2026-08-12T03:00:00Z,online,12,active,8830-m0022,false,false,
GS-S50-8830,2026-08-12T03:01:00Z,online,12,idle,,false,false,
GS-S50-8830,2026-08-12T03:02:00Z,online,12,idle,,false,false,
GS-S50-8830,2026-08-12T03:03:00Z,online,12,idle,,false,false,
GS-S50-8830,2026-08-12T03:04:00Z,online,12,active,8830-m0022,false,false,
GS-S50-8830,2026-08-12T03:05:00Z,online,12,active,8830-m0023,false,false,
GS-S50-8830,2026-08-12T03:06:00Z,online,12,idle,,false,false,
GS-S50-8830,2026-08-12T03:07:00Z,online,12,idle,,false,false,
GS-S50-8830,2026-08-12T03:08:00Z,online,12,idle,,false,false,
GS-S50-8830,2026-08-12T03:09:00Z,online,12,idle,,false,false,
GS-S50-8830,2026-08-12T03:10:00Z,online,12,active,8830-m0023,false,false,
GS-S50-8830,2026-08-12T03:11:00Z,online,12,active,8830-m0023,false,false,
GS-S50-8830,2026-08-12T03:12:00Z,online,12,idle,,false,false,
GS-S50-8830,2026-08-12T03:13:00Z,online,12,active,8830-m0023,false,false,
GS-S50-8830,2026-08-12T03:14:00Z,online,12,active,8830-m0023,false,false,
GS-S50-8830,2026-08-12T03:15:00Z,online,12,active,8830-m0023,false,false,
GS-S50-8830,2026-08-12T03:16:00Z,online,12,active,8830-m0023,false,false,
GS-S50-8830,2026-08-12T03:17:00Z,online,12,idle,,false,false,
GS-S50-8830,2026-08-12T03:18:00Z,online,12,active,8830-m0024,false,false,
GS-S50-8830,2026-08-12T03:19:00Z,online,12,active,8830-m0024,false,false,
GS-S50-8830,2026-08-12T03:20:00Z,online,12,idle,,false,false,
GS-S50-8830,2026-08-12T03:21:00Z,online,12,idle,,false,false,
GS-S50-8830,2026-08-12T03:22:00Z,online,12,active,8830-m0025,false,false,
GS-S50-8830,2026-08-12T03:23:00Z,online,12,active,8830-m0025,false,false,
GS-S50-8830,2026-08-12T03:24:00Z,online,12,active,8830-m0026,false,false,
GS-S50-8830,2026-08-12T03:25:00Z,online,12,active,8830-m0026,false,false,
GS-S50-8830,2026-08-12T03:26:00Z,online,12,active,8830-m0026,false,false,
GS-S50-8830,2026-08-12T03:27:00Z,online,12,idle,,false,false,
GS-S50-8830,2026-08-12T03:28:00Z,online,12,active,8830-m0026,false,false,
GS-S50-8830,2026-08-12T03:29:00Z,online,12,active,8830-m0026,false,false,
GS-S50-8830,2026-08-12T03:30:00Z,online,12,idle,,false,false,
GS-S50-8830,2026-08-12T03:31:00Z,online,12,idle,,false,false,
GS-S50-8830,2026-08-12T03:32:00Z,online,12,active,8830-m0026,false,false,
GS-S50-8830,2026-08-12T03:33:00Z,online,12,active,8830-m0026,false,false,
GS-S50-8830,2026-08-12T03:34:00Z,online,12,idle,,false,false,
GS-S50-8830,2026-08-12T03:35:00Z,online,12,idle,,false,false,
GS-S50-8830,2026-08-12T03:36:00Z,online,12,active,8830-m0026,false,false,
GS-S50-8830,2026-08-12T03:37:00Z,online,12,idle,,false,false,
GS-S50-8830,2026-08-12T03:38:00Z,online,12,idle,,false,false,
GS-S50-8830,2026-08-12T03:39:00Z,online,12,active,8830-m0026,false,false,
GS-S50-8830,2026-08-12T03:40:00Z,online,12,idle,,false,false,
GS-S50-8830,2026-08-12T03:41:00Z,online,12,idle,,false,false,
GS-S50-8830,2026-08-12T03:42:00Z,online,12,active,8830-m0027,false,false,
GS-S50-8830,2026-08-12T03:43:00Z,online,12,active,8830-m0027,false,false,
GS-S50-8830,2026-08-12T03:44:00Z,online,12,idle,,false,false,
GS-S50-8830,2026-08-12T03:45:00Z,online,12,idle,,false,false,
GS-S50-8830,2026-08-12T03:46:00Z,online,12,active,8830-m0027,false,false,
GS-S50-8830,2026-08-12T03:47:00Z,online,12,idle,,false,false,
GS-S50-8830,2026-08-12T03:48:00Z,online,12,active,8830-m0027,false,false,
GS-S50-8830,2026-08-12T03:49:00Z,online,12,active,8830-m0027,false,false,
GS-S50-8830,2026-08-12T03:50:00Z,online,12,idle,,false,false,
GS-S50-8830,2026-08-12T03:51:00Z,online,12,active,8830-m0027,false,false,
GS-S50-8830,2026-08-12T03:52:00Z,online,12,active,8830-m0028,false,false,
GS-S50-8830,2026-08-12T03:53:00Z,online,12,active,8830-m0028,false,false,
GS-S50-8830,2026-08-12T03:54:00Z,online,12,active,8830-m0028,false,false,
GS-S50-8830,2026-08-12T03:55:00Z,online,12,active,8830-m0028,false,false,
GS-S50-8830,2026-08-12T03:56:00Z,online,12,idle,,false,false,
GS-S50-8830,2026-08-12T03:57:00Z,online,12,idle,,false,false,
GS-S50-8830,2026-08-12T03:58:00Z,online,12,idle,,false,false,
GS-S50-8830,2026-08-12T03:59:00Z,online,12,active,8830-m0028,false,false,
GS-S50-8830,2026-08-12T04:00:00Z,online,12,idle,,false,false,
GS-S50-8830,2026-08-12T04:01:00Z,online,12,idle,,false,false,
GS-S50-8830,2026-08-12T04:02:00Z,online,12,active,8830-m0028,false,false,
GS-S50-8830,2026-08-12T04:03:00Z,online,12,active,8830-m0028,false,false,
GS-S50-8830,2026-08-12T04:04:00Z,online,12,active,8830-m0028,false,false,
GS-S50-8830,2026-08-12T04:05:00Z,online,12,active,8830-m0028,false,false,
GS-S50-8830,2026-08-12T04:06:00Z,online,12,idle,,false,false,
GS-S50-8830,2026-08-12T04:07:00Z,online,12,idle,,false,false,
GS-S50-8830,2026-08-12T04:08:00Z,online,12,idle,,false,false,
GS-S50-8830,2026-08-12T04:09:00Z,online,12,active,8830-m0029,false,false,
GS-S50-8830,2026-08-12T04:10:00Z,online,12,idle,,false,false,
GS-S50-8830,2026-08-12T04:11:00Z,online,12,idle,,false,false,
GS-S50-8830,2026-08-12T04:12:00Z,online,12,idle,,false,false,
GS-S50-8830,2026-08-12T04:13:00Z,online,12,idle,,false,false,
GS-S50-8830,2026-08-12T04:14:00Z,online,12,active,8830-m0029,false,false,
GS-S50-8830,2026-08-12T04:15:00Z,online,12,active,8830-m0029,false,false,
GS-S50-8830,2026-08-12T04:16:00Z,online,12,idle,,false,false,
GS-S50-8830,2026-08-12T04:17:00Z,online,12,idle,,false,false,
GS-S50-8830,2026-08-12T04:18:00Z,online,12,idle,,false,false,
GS-S50-8830,2026-08-12T04:19:00Z,online,12,active,8830-m0029,false,false,
GS-S50-8830,2026-08-12T04:20:00Z,online,12,idle,,false,false,
GS-S50-8830,2026-08-12T04:21:00Z,online,12,idle,,false,false,
GS-S50-8830,2026-08-12T04:22:00Z,online,12,active,8830-m0029,false,false,
GS-S50-8830,2026-08-12T04:23:00Z,online,12,active,8830-m0029,false,false,
GS-S50-8830,2026-08-12T04:24:00Z,online,12,idle,,false,false,
GS-S50-8830,2026-08-12T04:25:00Z,online,12,idle,,false,false,
GS-S50-8830,2026-08-12T04:26:00Z,online,12,active,8830-m0029,false,false,
GS-S50-8830,2026-08-12T04:27:00Z,online,12,idle,,false,false,
GS-S50-8830,2026-08-12T04:28:00Z,online,12,active,8830-m0030,false,false,
GS-S50-8830,2026-08-12T04:29:00Z,online,12,active,8830-m0031,false,false,
GS-S50-8830,2026-08-12T04:30:00Z,online,12,idle,,false,false,
GS-S50-8830,2026-08-12T04:31:00Z,online,12,active,8830-m0032,false,false,
GS-S50-8830,2026-08-12T04:32:00Z,online,12,idle,,false,false,
GS-S50-8830,2026-08-12T04:33:00Z,online,12,idle,,false,false,
GS-S50-8830,2026-08-12T04:34:00Z,online,12,idle,,false,false,
GS-S50-8830,2026-08-12T04:35:00Z,online,12,idle,,false,false,
GS-S50-8830,2026-08-12T04:36:00Z,online,12,idle,,false,false,
GS-S50-8830,2026-08-12T04:37:00Z,online,12,active,8830-m0032,false,false,
GS-S50-8830,2026-08-12T04:38:00Z,online,12,idle,,false,false,
GS-S50-8830,2026-08-12T04:39:00Z,online,12,active,8830-m0032,false,false,
GS-S50-8830,2026-08-12T04:40:00Z,online,12,active,8830-m0032,false,false,
GS-S50-8830,2026-08-12T04:41:00Z,online,12,active,8830-m0032,false,false,
GS-S50-8830,2026-08-12T04:42:00Z,online,12,active,8830-m0032,false,false,
GS-S50-8830,2026-08-12T04:43:00Z,online,12,idle,,false,false,
GS-S50-8830,2026-08-12T04:44:00Z,online,12,idle,,false,false,
GS-S50-8830,2026-08-12T04:45:00Z,online,12,idle,,false,false,
GS-S50-8830,2026-08-12T04:46:00Z,online,12,active,8830-m0032,false,false,
GS-S50-8830,2026-08-12T04:47:00Z,online,12,active,8830-m0033,false,false,
GS-S50-8830,2026-08-12T04:48:00Z,online,12,active,8830-m0033,false,false,
GS-S50-8830,2026-08-12T04:49:00Z,online,12,idle,,false,false,
GS-S50-8830,2026-08-12T04:50:00Z,online,12,idle,,false,false,
GS-S50-8830,2026-08-12T04:51:00Z,online,12,active,8830-m0033,false,false,
GS-S50-8830,2026-08-12T04:52:00Z,online,12,active,8830-m0034,false,false,
GS-S50-8830,2026-08-12T04:53:00Z,online,12,active,8830-m0035,false,false,
GS-S50-8830,2026-08-12T04:54:00Z,online,12,active,8830-m0036,false,false,
GS-S50-8830,2026-08-12T04:55:00Z,online,12,idle,,false,false,
GS-S50-8830,2026-08-12T04:56:00Z,online,12,idle,,false,false,
GS-S50-8830,2026-08-12T04:57:00Z,online,12,idle,,false,false,
GS-S50-8830,2026-08-12T04:58:00Z,online,12,active,8830-m0036,false,false,
GS-S50-8830,2026-08-12T04:59:00Z,online,12,idle,,false,false,
GS-S50-8830,2026-08-12T05:00:00Z,online,12,idle,,false,false,
GS-S50-8830,2026-08-12T05:01:00Z,online,12,active,8830-m0036,false,false,
GS-S50-8830,2026-08-12T05:02:00Z,online,12,active,8830-m0036,false,false,
GS-S50-8830,2026-08-12T05:03:00Z,online,12,active,8830-m0037,false,false,
GS-S50-8830,2026-08-12T05:04:00Z,online,12,idle,,false,false,
GS-S50-8830,2026-08-12T05:05:00Z,online,12,idle,,false,false,
GS-S50-8830,2026-08-12T05:06:00Z,online,12,active,8830-m0037,false,false,
GS-S50-8830,2026-08-12T05:07:00Z,online,12,idle,,false,false,
GS-S50-8830,2026-08-12T05:08:00Z,online,12,idle,,false,false,
GS-S50-8830,2026-08-12T05:09:00Z,online,12,idle,,false,false,
GS-S50-8830,2026-08-12T05:10:00Z,online,12,idle,,false,false,
GS-S50-8830,2026-08-12T05:11:00Z,online,12,active,8830-m0038,false,false,
GS-S50-8830,2026-08-12T05:12:00Z,online,12,idle,,false,false,
GS-S50-8830,2026-08-12T05:13:00Z,online,12,idle,,false,false,
GS-S50-8830,2026-08-12T05:14:00Z,online,12,idle,,false,false,
GS-S50-8830,2026-08-12T05:15:00Z,online,12,idle,,false,false,
GS-S50-8830,2026-08-12T05:16:00Z,online,12,active,8830-m0038,false,false,
GS-S50-8830,2026-08-12T05:17:00Z,online,12,idle,,false,false,
GS-S50-8830,2026-08-12T05:18:00Z,online,12,active,8830-m0039,false,false,
GS-S50-8830,2026-08-12T05:19:00Z,online,12,active,8830-m0040,false,false,
GS-S50-8830,2026-08-12T05:20:00Z,online,12,idle,,false,false,
GS-S50-8830,2026-08-12T05:21:00Z,online,12,active,8830-m0040,false,false,
GS-S50-8830,2026-08-12T05:22:00Z,online,12,idle,,false,false,
GS-S50-8830,2026-08-12T05:23:00Z,online,12,idle,,false,false,
GS-S50-8830,2026-08-12T05:24:00Z,online,12,active,8830-m0041,false,false,
GS-S50-8830,2026-08-12T05:25:00Z,online,12,idle,,false,false,
GS-S50-8830,2026-08-12T05:26:00Z,online,12,idle,,false,false,
GS-S50-8830,2026-08-12T05:27:00Z,online,12,active,8830-m0042,false,false,
GS-S50-8830,2026-08-12T05:28:00Z,online,12,idle,,false,false,
GS-S50-8830,2026-08-12T05:29:00Z,online,12,active,8830-m0042,false,false,
GS-S50-8830,2026-08-12T05:30:00Z,online,12,active,8830-m0042,false,false,
GS-S50-8830,2026-08-12T05:31:00Z,online,12,idle,,false,false,
GS-S50-8830,2026-08-12T05:32:00Z,online,12,active,8830-m0042,false,false,
GS-S50-8830,2026-08-12T05:33:00Z,online,12,active,8830-m0043,false,false,
GS-S50-8830,2026-08-12T05:34:00Z,online,12,active,8830-m0043,false,false,
GS-S50-8830,2026-08-12T05:35:00Z,online,12,idle,,false,false,
GS-S50-8830,2026-08-12T05:36:00Z,online,12,active,8830-m0044,false,false,
GS-S50-8830,2026-08-12T05:37:00Z,online,12,idle,,false,false,
GS-S50-8830,2026-08-12T05:38:00Z,online,12,idle,,false,false,
GS-S50-8830,2026-08-12T05:39:00Z,online,12,idle,,false,false,
GS-S50-8830,2026-08-12T05:40:00Z,online,12,active,8830-m0044,false,false,
GS-S50-8830,2026-08-12T05:41:00Z,online,12,active,8830-m0044,false,false,
GS-S50-8830,2026-08-12T05:42:00Z,online,12,active,8830-m0045,false,false,
GS-S50-8830,2026-08-12T05:43:00Z,online,12,idle,,false,false,
GS-S50-8830,2026-08-12T05:44:00Z,online,12,active,8830-m0045,false,false,
GS-S50-8830,2026-08-12T05:45:00Z,online,12,active,8830-m0046,false,false,
GS-S50-8830,2026-08-12T05:46:00Z,online,12,active,8830-m0047,false,false,
GS-S50-8830,2026-08-12T05:47:00Z,online,12,idle,,false,false,
GS-S50-8830,2026-08-12T05:48:00Z,online,12,active,8830-m0047,false,false,
GS-S50-8830,2026-08-12T05:49:00Z,online,12,idle,,false,false,
GS-S50-8830,2026-08-12T05:50:00Z,online,12,idle,,false,false,
GS-S50-8830,2026-08-12T05:51:00Z,online,12,active,8830-m0048,false,false,
GS-S50-8830,2026-08-12T05:52:00Z,online,12,idle,,false,false,
GS-S50-8830,2026-08-12T05:53:00Z,online,12,idle,,false,false,
GS-S50-8830,2026-08-12T05:54:00Z,online,12,idle,,false,false,
GS-S50-8830,2026-08-12T05:55:00Z,online,12,active,8830-m0049,false,false,
GS-S50-8830,2026-08-12T05:56:00Z,online,12,active,8830-m0049,false,false,
GS-S50-8830,2026-08-12T05:57:00Z,online,12,active,8830-m0050,false,false,
GS-S50-8830,2026-08-12T05:58:00Z,online,12,idle,,false,false,
GS-S50-8830,2026-08-12T05:59:00Z,online,12,active,8830-m0050,false,false,
GS-S50-8830,2026-08-12T06:00:00Z,online,12,active,8830-m0051,false,false,
GS-S50-8830,2026-08-12T06:01:00Z,online,12,idle,,false,false,
GS-S50-8830,2026-08-12T06:02:00Z,online,12,idle,,false,false,
GS-S50-8830,2026-08-12T06:03:00Z,online,12,idle,,false,false,
GS-S50-8830,2026-08-12T06:04:00Z,online,12,idle,,false,false,
GS-S50-8830,2026-08-12T06:05:00Z,online,12,active,8830-m0051,false,false,
GS-S50-8830,2026-08-12T06:06:00Z,online,12,active,8830-m0051,false,false,
GS-S50-8830,2026-08-12T06:07:00Z,online,12,active,8830-m0051,false,false,
GS-S50-8830,2026-08-12T06:08:00Z,online,12,active,8830-m0051,false,false,
GS-S50-8830,2026-08-12T06:09:00Z,online,12,idle,,false,false,
GS-S50-8830,2026-08-12T06:10:00Z,online,12,active,8830-m0052,false,false,
GS-S50-8830,2026-08-12T06:11:00Z,online,12,idle,,false,false,
GS-S50-8830,2026-08-12T06:12:00Z,online,12,idle,,false,false,
GS-S50-8830,2026-08-12T06:13:00Z,online,12,active,8830-m0053,false,false,
GS-S50-8830,2026-08-12T06:14:00Z,online,12,idle,,false,false,
GS-S50-8830,2026-08-12T06:15:00Z,online,12,idle,,false,false,
GS-S50-8830,2026-08-12T06:16:00Z,online,12,idle,,false,false,
GS-S50-8830,2026-08-12T06:17:00Z,online,12,active,8830-m0053,false,false,
GS-S50-8830,2026-08-12T06:18:00Z,online,12,idle,,false,false,
GS-S50-8830,2026-08-12T06:19:00Z,online,12,active,8830-m0053,false,false,
GS-S50-8830,2026-08-12T06:20:00Z,online,12,active,8830-m0053,false,false,
GS-S50-8830,2026-08-12T06:21:00Z,online,12,idle,,false,false,
GS-S50-8830,2026-08-12T06:22:00Z,online,12,idle,,false,false,
GS-S50-8830,2026-08-12T06:23:00Z,online,12,idle,,false,false,
GS-S50-8830,2026-08-12T06:24:00Z,online,12,idle,,false,false,
GS-S50-8830,2026-08-12T06:25:00Z,online,12,idle,,false,false,
GS-S50-8830,2026-08-12T06:26:00Z,online,12,idle,,false,false,
GS-S50-8830,2026-08-12T06:27:00Z,online,12,active,8830-m0054,false,false,
GS-S50-8830,2026-08-12T06:28:00Z,online,12,idle,,false,false,
GS-S50-8830,2026-08-12T06:29:00Z,online,12,idle,,false,false,
GS-S50-8830,2026-08-12T06:30:00Z,online,12,active,8830-m0054,false,false,
GS-S50-8830,2026-08-12T06:31:00Z,online,12,active,8830-m0055,false,false,
GS-S50-8830,2026-08-12T06:32:00Z,online,12,active,8830-m0055,false,false,
GS-S50-8830,2026-08-12T06:33:00Z,online,12,active,8830-m0055,false,false,
GS-S50-8830,2026-08-12T06:34:00Z,online,12,idle,,false,false,
GS-S50-8830,2026-08-12T06:35:00Z,online,12,idle,,false,false,
GS-S50-8830,2026-08-12T06:36:00Z,online,12,active,8830-m0055,false,false,
GS-S50-8830,2026-08-12T06:37:00Z,online,12,active,8830-m0055,false,false,
GS-S50-8830,2026-08-12T06:38:00Z,online,12,idle,,false,false,
GS-S50-8830,2026-08-12T06:39:00Z,online,12,active,8830-m0055,false,false,
GS-S50-8830,2026-08-12T06:40:00Z,online,12,idle,,false,false,
GS-S50-8830,2026-08-12T06:41:00Z,online,12,idle,,false,false,
GS-S50-8830,2026-08-12T06:42:00Z,online,12,idle,,false,false,
GS-S50-8830,2026-08-12T06:43:00Z,online,12,idle,,false,false,
GS-S50-8830,2026-08-12T06:44:00Z,online,12,idle,,false,false,
GS-S50-8830,2026-08-12T06:45:00Z,online,12,idle,,false,false,
GS-S50-8830,2026-08-12T06:46:00Z,online,12,idle,,false,false,
GS-S50-8830,2026-08-12T06:47:00Z,online,12,active,8830-m0055,false,false,
GS-S50-8830,2026-08-12T06:48:00Z,online,12,idle,,false,false,
GS-S50-8830,2026-08-12T06:49:00Z,online,12,idle,,false,false,
GS-S50-8830,2026-08-12T06:50:00Z,online,12,active,8830-m0055,false,false,
GS-S50-8830,2026-08-12T06:51:00Z,online,12,active,8830-m0056,false,false,
GS-S50-8830,2026-08-12T06:52:00Z,online,12,active,8830-m0056,false,false,
GS-S50-8830,2026-08-12T06:53:00Z,online,12,active,8830-m0056,false,false,
GS-S50-8830,2026-08-12T06:54:00Z,online,12,active,8830-m0056,false,false,
GS-S50-8830,2026-08-12T06:55:00Z,online,12,idle,,false,false,
GS-S50-8830,2026-08-12T06:56:00Z,online,12,active,8830-m0057,false,false,
GS-S50-8830,2026-08-12T06:57:00Z,online,12,idle,,false,false,
GS-S50-8830,2026-08-12T06:58:00Z,online,12,active,8830-m0057,false,false,
GS-S50-8830,2026-08-12T06:59:00Z,online,12,idle,,false,false,
GS-S50-8830,2026-08-12T07:00:00Z,online,15,charging,,false,true,
GS-S50-8830,2026-08-12T07:01:00Z,online,18,charging,,false,true,
GS-S50-8830,2026-08-12T07:02:00Z,online,21,charging,,false,true,
GS-S50-8830,2026-08-12T07:03:00Z,online,24,charging,,false,true,
GS-S50-8830,2026-08-12T07:04:00Z,online,27,charging,,false,true,
GS-S50-8830,2026-08-12T07:05:00Z,online,30,charging,,false,true,
GS-S50-8830,2026-08-12T07:06:00Z,online,33,charging,,false,true,
GS-S50-8830,2026-08-12T07:07:00Z,online,36,charging,,false,true,
GS-S50-8830,2026-08-12T07:08:00Z,online,39,charging,,false,true,
GS-S50-8830,2026-08-12T07:09:00Z,online,42,charging,,false,true,
GS-S50-8830,2026-08-12T07:10:00Z,online,45,charging,,false,true,
GS-S50-8830,2026-08-12T07:11:00Z,online,48,charging,,false,true,
GS-S50-8830,2026-08-12T07:12:00Z,online,51,charging,,false,true,
GS-S50-8830,2026-08-12T07:13:00Z,online,54,charging,,false,true,
GS-S50-8830,2026-08-12T07:14:00Z,online,57,charging,,false,true,
GS-S50-8830,2026-08-12T07:15:00Z,online,60,charging,,false,true,
GS-S50-8830,2026-08-12T07:16:00Z,online,63,charging,,false,true,
GS-S50-8830,2026-08-12T07:17:00Z,online,66,charging,,false,true,
GS-S50-8830,2026-08-12T07:18:00Z,online,69,charging,,false,true,
GS-S50-8830,2026-08-12T07:19:00Z,online,72,charging,,false,true,
GS-S50-8830,2026-08-12T07:20:00Z,online,75,charging,,false,true,
GS-S50-8830,2026-08-12T07:21:00Z,online,78,charging,,false,true,
GS-S50-8830,2026-08-12T07:22:00Z,online,81,charging,,false,true,
GS-S50-8830,2026-08-12T07:23:00Z,online,84,charging,,false,true,
GS-S50-8830,2026-08-12T07:24:00Z,online,87,charging,,false,true,
GS-S50-8830,2026-08-12T07:25:00Z,online,90,charging,,false,true,
GS-S50-8830,2026-08-12T07:26:00Z,online,90,idle,,false,false,
GS-S50-8830,2026-08-12T07:27:00Z,online,93,charging,,false,true,
GS-S50-8830,2026-08-12T07:28:00Z,online,93,idle,,false,false,
GS-S50-8830,2026-08-12T07:29:00Z,online,92,idle,,false,false,
GS-S50-8830,2026-08-12T07:30:00Z,online,92,idle,,false,false,
GS-S50-8830,2026-08-12T07:31:00Z,online,92,idle,,false,false,
GS-S50-8830,2026-08-12T07:32:00Z,offline,92,,,false,false,
GS-S50-8830,2026-08-12T07:33:00Z,online,92,idle,,false,false,
GS-S50-8830,2026-08-12T07:34:00Z,online,91,idle,,false,false,
GS-S50-8830,2026-08-12T07:35:00Z,online,91,idle,,false,false,
GS-S50-8830,2026-08-12T07:36:00Z,online,91,idle,,false,false,
GS-S50-8830,2026-08-12T07:37:00Z,online,91,idle,,false,false,
GS-S50-8830,2026-08-12T07:38:00Z,online,91,idle,,false,false,
GS-S50-8830,2026-08-12T07:39:00Z,online,90,idle,,false,false,
GS-S50-8830,2026-08-12T07:40:00Z,online,90,idle,,false,false,
GS-S50-8830,2026-08-12T07:41:00Z,online,90,idle,,false,false,
GS-S50-8830,2026-08-12T07:42:00Z,online,93,charging,,false,true,
GS-S50-8830,2026-08-12T07:43:00Z,online,93,idle,,false,false,
GS-S50-8830,2026-08-12T07:44:00Z,online,93,idle,,false,false,
GS-S50-8830,2026-08-12T07:45:00Z,online,92,idle,,false,false,
GS-S50-8830,2026-08-12T07:46:00Z,online,92,idle,,false,false,
GS-S50-8830,2026-08-12T07:47:00Z,online,92,idle,,false,false,
GS-S50-8830,2026-08-12T07:48:00Z,online,92,idle,,false,false,
GS-S50-8830,2026-08-12T07:49:00Z,online,92,idle,,false,false,
GS-S50-8830,2026-08-12T07:50:00Z,online,91,idle,,false,false,
GS-S50-8830,2026-08-12T07:51:00Z,online,91,idle,,false,false,
GS-S50-8830,2026-08-12T07:52:00Z,online,91,idle,,false,false,
GS-S50-8830,2026-08-12T07:53:00Z,online,91,idle,,false,false,
GS-S50-8830,2026-08-12T07:54:00Z,online,91,idle,,false,false,
GS-S50-8830,2026-08-12T07:55:00Z,offline,90,,,false,false,
GS-S50-8830,2026-08-12T07:56:00Z,online,90,idle,,false,false,
GS-S50-8830,2026-08-12T07:57:00Z,online,90,idle,,false,false,
GS-S50-8830,2026-08-12T07:58:00Z,online,93,charging,,false,true,
GS-S50-8830,2026-08-12T07:59:00Z,online,93,idle,,false,false,
GS-S50-8830,2026-08-12T08:00:00Z,online,93,idle,,false,false,
GS-S50-8830,2026-08-12T08:01:00Z,online,92,idle,,false,false,
GS-S50-8830,2026-08-12T08:02:00Z,online,92,idle,,false,false,
GS-S50-8830,2026-08-12T08:03:00Z,online,92,idle,,false,false,
GS-S50-8830,2026-08-12T08:04:00Z,online,92,idle,,false,false,
GS-S50-8830,2026-08-12T08:05:00Z,online,92,idle,,false,false,
GS-S50-8830,2026-08-12T08:06:00Z,online,91,idle,,false,false,
GS-S50-8830,2026-08-12T08:07:00Z,online,91,idle,,false,false,
GS-S50-8830,2026-08-12T08:08:00Z,online,91,idle,,false,false,
GS-S50-8830,2026-08-12T08:09:00Z,online,91,idle,,false,false,
GS-S50-8830,2026-08-12T08:10:00Z,online,91,idle,,false,false,
GS-S50-8830,2026-08-12T08:11:00Z,online,90,idle,,false,false,
GS-S50-8830,2026-08-12T08:12:00Z,online,90,idle,,false,false,
GS-S50-8830,2026-08-12T08:13:00Z,online,90,idle,,false,false,
GS-S50-8830,2026-08-12T08:14:00Z,online,93,charging,,false,true,
GS-S50-8830,2026-08-12T08:15:00Z,online,93,idle,,false,false,
GS-S50-8830,2026-08-12T08:16:00Z,online,93,idle,,false,false,
GS-S50-8830,2026-08-12T08:17:00Z,online,92,idle,,false,false,
GS-S50-8830,2026-08-12T08:18:00Z,online,92,idle,,false,false,
GS-S50-8830,2026-08-12T08:19:00Z,online,92,idle,,false,false,
GS-S50-8830,2026-08-12T08:20:00Z,online,92,idle,,false,false,
GS-S50-8830,2026-08-12T08:21:00Z,online,92,idle,,false,false,
GS-S50-8830,2026-08-12T08:22:00Z,online,91,idle,,false,false,
GS-S50-8830,2026-08-12T08:23:00Z,online,91,idle,,false,false,
GS-S50-8830,2026-08-12T08:24:00Z,online,91,idle,,false,false,
GS-S50-8830,2026-08-12T08:25:00Z,online,91,idle,,false,false,
GS-S50-8830,2026-08-12T08:26:00Z,online,91,idle,,false,false,
GS-S50-8830,2026-08-12T08:27:00Z,online,90,idle,,false,false,
GS-S50-8830,2026-08-12T08:28:00Z,online,90,idle,,false,false,
GS-S50-8830,2026-08-12T08:29:00Z,online,90,idle,,false,false,
GS-S50-8830,2026-08-12T08:30:00Z,online,93,charging,,false,true,
GS-S50-8830,2026-08-12T08:31:00Z,online,93,idle,,false,false,
GS-S50-8830,2026-08-12T08:32:00Z,online,93,idle,,false,false,
GS-S50-8830,2026-08-12T08:33:00Z,online,92,idle,,false,false,
GS-S50-8830,2026-08-12T08:34:00Z,online,92,idle,,false,false,
GS-S50-8830,2026-08-12T08:35:00Z,online,92,idle,,false,false,
GS-S50-8830,2026-08-12T08:36:00Z,online,92,idle,,false,false,
GS-S50-8830,2026-08-12T08:37:00Z,online,92,idle,,false,false,
GS-S50-8830,2026-08-12T08:38:00Z,online,91,idle,,false,false,
GS-S50-8830,2026-08-12T08:39:00Z,online,91,idle,,false,false,
GS-S50-8830,2026-08-12T08:40:00Z,online,91,idle,,false,false,
GS-S50-8830,2026-08-12T08:41:00Z,online,91,idle,,false,false,
GS-S50-8830,2026-08-12T08:42:00Z,online,91,idle,,false,false,
GS-S50-8830,2026-08-12T08:43:00Z,online,90,idle,,false,false,
GS-S50-8830,2026-08-12T08:44:00Z,online,90,idle,,false,false,
GS-S50-8830,2026-08-12T08:45:00Z,online,90,idle,,false,false,
GS-S50-8830,2026-08-12T08:46:00Z,online,93,charging,,false,true,
GS-S50-8830,2026-08-12T08:47:00Z,online,93,idle,,false,false,
GS-S50-8830,2026-08-12T08:48:00Z,online,93,idle,,false,false,
GS-S50-8830,2026-08-12T08:49:00Z,online,92,idle,,false,false,
GS-S50-8830,2026-08-12T08:50:00Z,online,92,idle,,false,false,
GS-S50-8830,2026-08-12T08:51:00Z,online,92,idle,,false,false,
GS-S50-8830,2026-08-12T08:52:00Z,online,92,idle,,false,false,
GS-S50-8830,2026-08-12T08:53:00Z,online,92,idle,,false,false,
GS-S50-8830,2026-08-12T08:54:00Z,online,91,idle,,false,false,
GS-S50-8830,2026-08-12T08:55:00Z,online,91,idle,,false,false,
GS-S50-8830,2026-08-12T08:56:00Z,online,91,idle,,false,false,
GS-S50-8830,2026-08-12T08:57:00Z,online,91,idle,,false,false,
GS-S50-8830,2026-08-12T08:58:00Z,online,91,idle,,false,false,
GS-S50-8830,2026-08-12T08:59:00Z,online,90,idle,,false,false,
GS-S50-8830,2026-08-12T09:00:00Z,online,90,idle,,false,false,
GS-S50-8830,2026-08-12T09:01:00Z,online,90,idle,,false,false,
GS-S50-8830,2026-08-12T09:02:00Z,online,93,charging,,false,true,
GS-S50-8830,2026-08-12T09:03:00Z,online,93,idle,,false,false,
GS-S50-8830,2026-08-12T09:04:00Z,online,93,idle,,false,false,
GS-S50-8830,2026-08-12T09:05:00Z,online,92,idle,,false,false,
GS-S50-8830,2026-08-12T09:06:00Z,online,92,idle,,false,false,
GS-S50-8830,2026-08-12T09:07:00Z,online,92,idle,,false,false,
GS-S50-8830,2026-08-12T09:08:00Z,online,92,idle,,false,false,
GS-S50-8830,2026-08-12T09:09:00Z,online,92,idle,,false,false,
GS-S50-8830,2026-08-12T09:10:00Z,online,91,idle,,false,false,
GS-S50-8830,2026-08-12T09:11:00Z,online,91,idle,,false,false,
GS-S50-8830,2026-08-12T09:12:00Z,online,91,idle,,false,false,
GS-S50-8830,2026-08-12T09:13:00Z,online,91,idle,,false,false,
GS-S50-8830,2026-08-12T09:14:00Z,online,91,idle,,false,false,
GS-S50-8830,2026-08-12T09:15:00Z,online,90,idle,,false,false,
GS-S50-8830,2026-08-12T09:16:00Z,online,90,idle,,false,false,
GS-S50-8830,2026-08-12T09:17:00Z,online,90,idle,,false,false,
GS-S50-8830,2026-08-12T09:18:00Z,online,93,charging,,false,true,
GS-S50-8830,2026-08-12T09:19:00Z,online,93,idle,,false,false,
GS-S50-8830,2026-08-12T09:20:00Z,online,93,idle,,false,false,
GS-S50-8830,2026-08-12T09:21:00Z,offline,92,,,false,false,
GS-S50-8830,2026-08-12T09:22:00Z,online,92,idle,,false,false,
GS-S50-8830,2026-08-12T09:23:00Z,online,92,idle,,false,false,
GS-S50-8830,2026-08-12T09:24:00Z,online,92,idle,,false,false,
GS-S50-8830,2026-08-12T09:25:00Z,online,92,idle,,false,false,
GS-S50-8830,2026-08-12T09:26:00Z,online,91,idle,,false,false,
GS-S50-8830,2026-08-12T09:27:00Z,online,91,idle,,false,false,
GS-S50-8830,2026-08-12T09:28:00Z,online,91,idle,,false,false,
GS-S50-8830,2026-08-12T09:29:00Z,online,91,idle,,false,false,
GS-S50-8830,2026-08-12T09:30:00Z,online,91,idle,,false,false,
GS-S50-8830,2026-08-12T09:31:00Z,online,90,idle,,false,false,
GS-S50-8830,2026-08-12T09:32:00Z,online,90,idle,,false,false,
GS-S50-8830,2026-08-12T09:33:00Z,online,90,idle,,false,false,
GS-S50-8830,2026-08-12T09:34:00Z,online,93,charging,,false,true,
GS-S50-8830,2026-08-12T09:35:00Z,online,93,idle,,false,false,
GS-S50-8830,2026-08-12T09:36:00Z,online,93,idle,,false,false,
GS-S50-8830,2026-08-12T09:37:00Z,online,92,idle,,false,false,
GS-S50-8830,2026-08-12T09:38:00Z,online,92,idle,,false,false,
GS-S50-8830,2026-08-12T09:39:00Z,online,92,idle,,false,false,
GS-S50-8830,2026-08-12T09:40:00Z,offline,92,,,false,false,
GS-S50-8830,2026-08-12T09:41:00Z,online,92,idle,,false,false,
GS-S50-8830,2026-08-12T09:42:00Z,online,91,idle,,false,false,
GS-S50-8830,2026-08-12T09:43:00Z,offline,91,,,false,false,
GS-S50-8830,2026-08-12T09:44:00Z,online,91,idle,,false,false,
GS-S50-8830,2026-08-12T09:45:00Z,online,91,idle,,false,false,
GS-S50-8830,2026-08-12T09:46:00Z,online,91,idle,,false,false,
GS-S50-8830,2026-08-12T09:47:00Z,online,90,idle,,false,false,
GS-S50-8830,2026-08-12T09:48:00Z,online,90,idle,,false,false,
GS-S50-8830,2026-08-12T09:49:00Z,online,90,idle,,false,false,
GS-S50-8830,2026-08-12T09:50:00Z,online,93,charging,,false,true,
GS-S50-8830,2026-08-12T09:51:00Z,online,93,idle,,false,false,
GS-S50-8830,2026-08-12T09:52:00Z,online,93,idle,,false,false,
GS-S50-8830,2026-08-12T09:53:00Z,online,92,idle,,false,false,
GS-S50-8830,2026-08-12T09:54:00Z,online,92,idle,,false,false,
GS-S50-8830,2026-08-12T09:55:00Z,online,92,idle,,false,false,
GS-S50-8830,2026-08-12T09:56:00Z,online,92,idle,,false,false,
GS-S50-8830,2026-08-12T09:57:00Z,online,92,idle,,false,false,
GS-S50-8830,2026-08-12T09:58:00Z,online,91,idle,,false,false,
GS-S50-8830,2026-08-12T09:59:00Z,online,91,idle,,false,false,
GS-S50-8830,2026-08-12T10:00:00Z,online,91,idle,,false,false,
GS-S50-8830,2026-08-12T10:01:00Z,online,91,idle,,false,false,
GS-S50-8830,2026-08-12T10:02:00Z,online,91,idle,,false,false,
GS-S50-8830,2026-08-12T10:03:00Z,online,90,idle,,false,false,
GS-S50-8830,2026-08-12T10:04:00Z,online,90,idle,,false,false,
GS-S50-8830,2026-08-12T10:05:00Z,online,90,idle,,false,false,
GS-S50-8830,2026-08-12T10:06:00Z,online,93,charging,,false,true,
GS-S50-8830,2026-08-12T10:07:00Z,offline,93,,,false,false,
GS-S50-8830,2026-08-12T10:08:00Z,online,93,idle,,false,false,
GS-S50-8830,2026-08-12T10:09:00Z,online,92,idle,,false,false,
GS-S50-8830,2026-08-12T10:10:00Z,online,92,idle,,false,false,
GS-S50-8830,2026-08-12T10:11:00Z,online,92,idle,,false,false,
GS-S50-8830,2026-08-12T10:12:00Z,online,92,idle,,false,false,
GS-S50-8830,2026-08-12T10:13:00Z,online,92,idle,,false,false,
GS-S50-8830,2026-08-12T10:14:00Z,online,91,idle,,false,false,
GS-S50-8830,2026-08-12T10:15:00Z,online,91,idle,,false,false,
GS-S50-8830,2026-08-12T10:16:00Z,online,91,idle,,false,false,
GS-S50-8830,2026-08-12T10:17:00Z,online,91,idle,,false,false,
GS-S50-8830,2026-08-12T10:18:00Z,online,91,idle,,false,false,
GS-S50-8830,2026-08-12T10:19:00Z,online,90,idle,,false,false,
GS-S50-8830,2026-08-12T10:20:00Z,online,90,idle,,false,false,
GS-S50-8830,2026-08-12T10:21:00Z,online,90,idle,,false,false,
GS-S50-8830,2026-08-12T10:22:00Z,online,93,charging,,false,true,
GS-S50-8830,2026-08-12T10:23:00Z,online,93,idle,,false,false,
GS-S50-8830,2026-08-12T10:24:00Z,online,93,idle,,false,false,
GS-S50-8830,2026-08-12T10:25:00Z,online,92,idle,,false,false,
GS-S50-8830,2026-08-12T10:26:00Z,online,92,idle,,false,false,
GS-S50-8830,2026-08-12T10:27:00Z,online,92,idle,,false,false,
GS-S50-8830,2026-08-12T10:28:00Z,online,92,idle,,false,false,
GS-S50-8830,2026-08-12T10:29:00Z,online,92,idle,,false,false,
GS-S50-8830,2026-08-12T10:30:00Z,online,91,idle,,false,false,
GS-S50-8830,2026-08-12T10:31:00Z,online,91,idle,,false,false,
GS-S50-8830,2026-08-12T10:32:00Z,online,91,idle,,false,false,
GS-S50-8830,2026-08-12T10:33:00Z,online,91,idle,,false,false,
GS-S50-8830,2026-08-12T10:34:00Z,online,91,idle,,false,false,
GS-S50-8830,2026-08-12T10:35:00Z,online,90,idle,,false,false,
GS-S50-8830,2026-08-12T10:36:00Z,online,90,idle,,false,false,
GS-S50-8830,2026-08-12T10:37:00Z,online,90,idle,,false,false,
GS-S50-8830,2026-08-12T10:38:00Z,online,93,charging,,false,true,
GS-S50-8830,2026-08-12T10:39:00Z,online,93,idle,,false,false,
GS-S50-8830,2026-08-12T10:40:00Z,online,93,idle,,false,false,
GS-S50-8830,2026-08-12T10:41:00Z,online,92,idle,,false,false,
GS-S50-8830,2026-08-12T10:42:00Z,online,92,idle,,false,false,
GS-S50-8830,2026-08-12T10:43:00Z,online,92,idle,,false,false,
GS-S50-8830,2026-08-12T10:44:00Z,online,92,idle,,false,false,
GS-S50-8830,2026-08-12T10:45:00Z,online,92,idle,,false,false,
GS-S50-8830,2026-08-12T10:46:00Z,online,91,idle,,false,false,
GS-S50-8830,2026-08-12T10:47:00Z,online,91,idle,,false,false,
GS-S50-8830,2026-08-12T10:48:00Z,online,91,idle,,false,false,
GS-S50-8830,2026-08-12T10:49:00Z,online,91,idle,,false,false,
GS-S50-8830,2026-08-12T10:50:00Z,online,91,idle,,false,false,
GS-S50-8830,2026-08-12T10:51:00Z,online,90,idle,,false,false,
GS-S50-8830,2026-08-12T10:52:00Z,online,90,idle,,false,false,
GS-S50-8830,2026-08-12T10:53:00Z,online,90,idle,,false,false,
GS-S50-8830,2026-08-12T10:54:00Z,online,93,charging,,false,true,
GS-S50-8830,2026-08-12T10:55:00Z,online,93,idle,,false,false,
GS-S50-8830,2026-08-12T10:56:00Z,online,93,idle,,false,false,
GS-S50-8830,2026-08-12T10:57:00Z,online,92,idle,,false,false,
GS-S50-8830,2026-08-12T10:58:00Z,online,92,idle,,false,false,
GS-S50-8830,2026-08-12T10:59:00Z,online,92,idle,,false,false,
GS-S50-8830,2026-08-12T11:00:00Z,online,92,idle,,false,false,
GS-S50-8830,2026-08-12T11:01:00Z,online,92,idle,,false,false,
GS-S50-8830,2026-08-12T11:02:00Z,online,91,idle,,false,false,
GS-S50-8830,2026-08-12T11:03:00Z,online,91,idle,,false,false,
GS-S50-8830,2026-08-12T11:04:00Z,online,91,idle,,false,false,
GS-S50-8830,2026-08-12T11:05:00Z,online,91,idle,,false,false,
GS-S50-8830,2026-08-12T11:06:00Z,online,91,idle,,false,false,
GS-S50-8830,2026-08-12T11:07:00Z,online,90,idle,,false,false,
GS-S50-8830,2026-08-12T11:08:00Z,online,90,idle,,false,false,
GS-S50-8830,2026-08-12T11:09:00Z,online,90,idle,,false,false,
GS-S50-8830,2026-08-12T11:10:00Z,online,93,charging,,false,true,
GS-S50-8830,2026-08-12T11:11:00Z,online,93,idle,,false,false,
GS-S50-8830,2026-08-12T11:12:00Z,online,93,idle,,false,false,
GS-S50-8830,2026-08-12T11:13:00Z,online,92,idle,,false,false,
GS-S50-8830,2026-08-12T11:14:00Z,online,92,idle,,false,false,
GS-S50-8830,2026-08-12T11:15:00Z,online,92,idle,,false,false,
GS-S50-8830,2026-08-12T11:16:00Z,online,92,idle,,false,false,
GS-S50-8830,2026-08-12T11:17:00Z,online,92,idle,,false,false,
GS-S50-8830,2026-08-12T11:18:00Z,online,91,idle,,false,false,
GS-S50-8830,2026-08-12T11:19:00Z,online,91,idle,,false,false,
GS-S50-8830,2026-08-12T11:20:00Z,online,91,idle,,false,false,
GS-S50-8830,2026-08-12T11:21:00Z,online,91,idle,,false,false,
GS-S50-8830,2026-08-12T11:22:00Z,online,91,idle,,false,false,
GS-S50-8830,2026-08-12T11:23:00Z,online,90,idle,,false,false,
GS-S50-8830,2026-08-12T11:24:00Z,online,90,idle,,false,false,
GS-S50-8830,2026-08-12T11:25:00Z,online,90,idle,,false,false,
GS-S50-8830,2026-08-12T11:26:00Z,online,93,charging,,false,true,
GS-S50-8830,2026-08-12T11:27:00Z,online,93,idle,,false,false,
GS-S50-8830,2026-08-12T11:28:00Z,online,93,idle,,false,false,
GS-S50-8830,2026-08-12T11:29:00Z,online,92,idle,,false,false,
GS-S50-8830,2026-08-12T11:30:00Z,online,92,idle,,false,false,
GS-S50-8830,2026-08-12T11:31:00Z,online,92,idle,,false,false,
GS-S50-8830,2026-08-12T11:32:00Z,online,92,idle,,false,false,
GS-S50-8830,2026-08-12T11:33:00Z,online,92,idle,,false,false,
GS-S50-8830,2026-08-12T11:34:00Z,online,91,idle,,false,false,
GS-S50-8830,2026-08-12T11:35:00Z,online,91,idle,,false,false,
GS-S50-8830,2026-08-12T11:36:00Z,online,91,idle,,false,false,
GS-S50-8830,2026-08-12T11:37:00Z,online,91,idle,,false,false,
GS-S50-8830,2026-08-12T11:38:00Z,online,91,idle,,false,false,
GS-S50-8830,2026-08-12T11:39:00Z,online,90,idle,,false,false,
GS-S50-8830,2026-08-12T11:40:00Z,online,90,idle,,false,false,
GS-S50-8830,2026-08-12T11:41:00Z,online,90,idle,,false,false,
GS-S50-8830,2026-08-12T11:42:00Z,online,93,charging,,false,true,
GS-S50-8830,2026-08-12T11:43:00Z,online,93,idle,,false,false,
GS-S50-8830,2026-08-12T11:44:00Z,offline,93,,,false,false,
GS-S50-8830,2026-08-12T11:45:00Z,online,92,idle,,false,false,
GS-S50-8830,2026-08-12T11:46:00Z,online,92,idle,,false,false,
GS-S50-8830,2026-08-12T11:47:00Z,online,92,idle,,false,false,
GS-S50-8830,2026-08-12T11:48:00Z,offline,92,,,false,false,
GS-S50-8830,2026-08-12T11:49:00Z,online,92,idle,,false,false,
GS-S50-8830,2026-08-12T11:50:00Z,online,91,idle,,false,false,
GS-S50-8830,2026-08-12T11:51:00Z,online,91,idle,,false,false,
GS-S50-8830,2026-08-12T11:52:00Z,offline,91,,,false,false,
GS-S50-8830,2026-08-12T11:53:00Z,online,91,idle,,false,false,
GS-S50-8830,2026-08-12T11:54:00Z,online,91,idle,,false,false,
GS-S50-8830,2026-08-12T11:55:00Z,online,90,idle,,false,false,
GS-S50-8830,2026-08-12T11:56:00Z,online,90,idle,,false,false,
GS-S50-8830,2026-08-12T11:57:00Z,online,90,idle,,false,false,
GS-S50-8830,2026-08-12T11:58:00Z,online,93,charging,,false,true,
GS-S50-8830,2026-08-12T11:59:00Z,online,93,idle,,false,false,
GS-S50-8830,2026-08-12T12:00:00Z,online,93,idle,,false,false,
GS-S50-8830,2026-08-12T12:01:00Z,online,92,idle,,false,false,
GS-S50-8830,2026-08-12T12:02:00Z,offline,92,,,false,false,
GS-S50-8830,2026-08-12T12:03:00Z,offline,92,,,false,false,
GS-S50-8830,2026-08-12T12:04:00Z,online,92,idle,,false,false,
GS-S50-8830,2026-08-12T12:05:00Z,online,92,idle,,false,false,
GS-S50-8830,2026-08-12T12:06:00Z,online,91,idle,,false,false,
GS-S50-8830,2026-08-12T12:07:00Z,online,91,idle,,false,false,
GS-S50-8830,2026-08-12T12:08:00Z,offline,91,,,false,false,
GS-S50-8830,2026-08-12T12:09:00Z,online,91,idle,,false,false,
GS-S50-8830,2026-08-12T12:10:00Z,online,91,idle,,false,false,
GS-S50-8830,2026-08-12T12:11:00Z,online,90,idle,,false,false,
GS-S50-8830,2026-08-12T12:12:00Z,online,90,idle,,false,false,
GS-S50-8830,2026-08-12T12:13:00Z,online,90,idle,,false,false,
GS-S50-8830,2026-08-12T12:14:00Z,online,93,charging,,false,true,
GS-S50-8830,2026-08-12T12:15:00Z,online,93,idle,,false,false,
GS-S50-8830,2026-08-12T12:16:00Z,online,93,idle,,false,false,
GS-S50-8830,2026-08-12T12:17:00Z,online,92,idle,,false,false,
GS-S50-8830,2026-08-12T12:18:00Z,online,92,idle,,false,false,
GS-S50-8830,2026-08-12T12:19:00Z,online,92,idle,,false,false,
GS-S50-8830,2026-08-12T12:20:00Z,online,92,idle,,false,false,
GS-S50-8830,2026-08-12T12:21:00Z,online,92,idle,,false,false,
GS-S50-8830,2026-08-12T12:22:00Z,online,91,idle,,false,false,
GS-S50-8830,2026-08-12T12:23:00Z,online,91,idle,,false,false,
GS-S50-8830,2026-08-12T12:24:00Z,online,91,idle,,false,false,
GS-S50-8830,2026-08-12T12:25:00Z,online,91,idle,,false,false,
GS-S50-8830,2026-08-12T12:26:00Z,online,91,idle,,false,false,
GS-S50-8830,2026-08-12T12:27:00Z,online,90,idle,,false,false,
GS-S50-8830,2026-08-12T12:28:00Z,online,90,idle,,false,false,
GS-S50-8830,2026-08-12T12:29:00Z,online,90,idle,,false,false,
GS-S50-8830,2026-08-12T12:30:00Z,online,93,charging,,false,true,
GS-S50-8830,2026-08-12T12:31:00Z,online,93,idle,,false,false,
GS-S50-8830,2026-08-12T12:32:00Z,online,93,idle,,false,false,
GS-S50-8830,2026-08-12T12:33:00Z,online,92,idle,,false,false,
GS-S50-8830,2026-08-12T12:34:00Z,online,92,idle,,false,false,
GS-S50-8830,2026-08-12T12:35:00Z,online,92,idle,,false,false,
GS-S50-8830,2026-08-12T12:36:00Z,online,92,idle,,false,false,
GS-S50-8830,2026-08-12T12:37:00Z,online,92,idle,,false,false,
GS-S50-8830,2026-08-12T12:38:00Z,online,91,idle,,false,false,
GS-S50-8830,2026-08-12T12:39:00Z,online,91,idle,,false,false,
GS-S50-8830,2026-08-12T12:40:00Z,online,91,idle,,false,false,
GS-S50-8830,2026-08-12T12:41:00Z,online,91,idle,,false,false,
GS-S50-8830,2026-08-12T12:42:00Z,online,91,idle,,false,false,
GS-S50-8830,2026-08-12T12:43:00Z,online,90,idle,,false,false,
GS-S50-8830,2026-08-12T12:44:00Z,online,90,idle,,false,false,
GS-S50-8830,2026-08-12T12:45:00Z,online,90,idle,,false,false,
GS-S50-8830,2026-08-12T12:46:00Z,online,93,charging,,false,true,
GS-S50-8830,2026-08-12T12:47:00Z,online,93,idle,,false,false,
GS-S50-8830,2026-08-12T12:48:00Z,offline,93,,,false,false,
GS-S50-8830,2026-08-12T12:49:00Z,online,92,idle,,false,false,
GS-S50-8830,2026-08-12T12:50:00Z,online,92,idle,,false,false,
GS-S50-8830,2026-08-12T12:51:00Z,online,92,idle,,false,false,
GS-S50-8830,2026-08-12T12:52:00Z,online,92,idle,,false,false,
GS-S50-8830,2026-08-12T12:53:00Z,online,92,idle,,false,false,
GS-S50-8830,2026-08-12T12:54:00Z,online,91,idle,,false,false,
GS-S50-8830,2026-08-12T12:55:00Z,online,91,idle,,false,false,
GS-S50-8830,2026-08-12T12:56:00Z,online,91,idle,,false,false,
GS-S50-8830,2026-08-12T12:57:00Z,online,91,idle,,false,false,
GS-S50-8830,2026-08-12T12:58:00Z,online,91,idle,,false,false,
GS-S50-8830,2026-08-12T12:59:00Z,online,90,idle,,false,false,
GS-S50-8830,2026-08-12T13:00:00Z,online,90,idle,,false,false,
GS-S50-8830,2026-08-12T13:01:00Z,online,90,idle,,false,false,
GS-S50-8830,2026-08-12T13:02:00Z,online,93,charging,,false,true,
GS-S50-8830,2026-08-12T13:03:00Z,online,93,idle,,false,false,
GS-S50-8830,2026-08-12T13:04:00Z,online,93,idle,,false,false,
GS-S50-8830,2026-08-12T13:05:00Z,online,92,idle,,false,false,
GS-S50-8830,2026-08-12T13:06:00Z,offline,92,,,false,false,
GS-S50-8830,2026-08-12T13:07:00Z,online,92,idle,,false,false,
GS-S50-8830,2026-08-12T13:08:00Z,online,92,idle,,false,false,
GS-S50-8830,2026-08-12T13:09:00Z,online,92,idle,,false,false,
GS-S50-8830,2026-08-12T13:10:00Z,online,91,idle,,false,false,
GS-S50-8830,2026-08-12T13:11:00Z,online,91,idle,,false,false,
GS-S50-8830,2026-08-12T13:12:00Z,online,91,idle,,false,false,
GS-S50-8830,2026-08-12T13:13:00Z,online,91,idle,,false,false,
GS-S50-8830,2026-08-12T13:14:00Z,offline,91,,,false,false,
GS-S50-8830,2026-08-12T13:15:00Z,online,90,idle,,false,false,
GS-S50-8830,2026-08-12T13:16:00Z,online,90,idle,,false,false,
GS-S50-8830,2026-08-12T13:17:00Z,online,90,idle,,false,false,
GS-S50-8830,2026-08-12T13:18:00Z,online,93,charging,,false,true,
GS-S50-8830,2026-08-12T13:19:00Z,online,93,idle,,false,false,
GS-S50-8830,2026-08-12T13:20:00Z,online,93,idle,,false,false,
GS-S50-8830,2026-08-12T13:21:00Z,offline,92,,,false,false,
GS-S50-8830,2026-08-12T13:22:00Z,online,92,idle,,false,false,
GS-S50-8830,2026-08-12T13:23:00Z,online,92,idle,,false,false,
GS-S50-8830,2026-08-12T13:24:00Z,online,92,idle,,false,false,
GS-S50-8830,2026-08-12T13:25:00Z,offline,92,,,false,false,
GS-S50-8830,2026-08-12T13:26:00Z,online,91,idle,,false,false,
GS-S50-8830,2026-08-12T13:27:00Z,offline,91,,,false,false,
GS-S50-8830,2026-08-12T13:28:00Z,offline,91,,,false,false,
GS-S50-8830,2026-08-12T13:29:00Z,online,91,idle,,false,false,
GS-S50-8830,2026-08-12T13:30:00Z,online,91,idle,,false,false,
GS-S50-8830,2026-08-12T13:31:00Z,online,90,idle,,false,false,
GS-S50-8830,2026-08-12T13:32:00Z,online,90,idle,,false,false,
GS-S50-8830,2026-08-12T13:33:00Z,offline,90,,,false,false,
GS-S50-8830,2026-08-12T13:34:00Z,online,93,charging,,false,true,
GS-S50-8830,2026-08-12T13:35:00Z,online,93,idle,,false,false,
GS-S50-8830,2026-08-12T13:36:00Z,online,93,idle,,false,false,
GS-S50-8830,2026-08-12T13:37:00Z,online,92,idle,,false,false,
GS-S50-8830,2026-08-12T13:38:00Z,online,92,idle,,false,false,
GS-S50-8830,2026-08-12T13:39:00Z,online,92,idle,,false,false,
GS-S50-8830,2026-08-12T13:40:00Z,online,92,idle,,false,false,
GS-S50-8830,2026-08-12T13:41:00Z,online,92,idle,,false,false,
GS-S50-8830,2026-08-12T13:42:00Z,online,91,idle,,false,false,
GS-S50-8830,2026-08-12T13:43:00Z,offline,91,,,false,false,
GS-S50-8830,2026-08-12T13:44:00Z,online,91,idle,,false,false,
GS-S50-8830,2026-08-12T13:45:00Z,online,91,idle,,false,false,
GS-S50-8830,2026-08-12T13:46:00Z,online,91,idle,,false,false,
GS-S50-8830,2026-08-12T13:47:00Z,online,90,idle,,false,false,
GS-S50-8830,2026-08-12T13:48:00Z,online,90,idle,,false,false,
GS-S50-8830,2026-08-12T13:49:00Z,online,90,idle,,false,false,
GS-S50-8830,2026-08-12T13:50:00Z,online,93,charging,,false,true,
GS-S50-8830,2026-08-12T13:51:00Z,online,93,idle,,false,false,
GS-S50-8830,2026-08-12T13:52:00Z,online,93,idle,,false,false,
GS-S50-8830,2026-08-12T13:53:00Z,online,92,idle,,false,false,
GS-S50-8830,2026-08-12T13:54:00Z,online,92,idle,,false,false,
GS-S50-8830,2026-08-12T13:55:00Z,offline,92,,,false,false,
GS-S50-8830,2026-08-12T13:56:00Z,online,92,idle,,false,false,
GS-S50-8830,2026-08-12T13:57:00Z,online,92,idle,,false,false,
GS-S50-8830,2026-08-12T13:58:00Z,online,91,idle,,false,false,
GS-S50-8830,2026-08-12T13:59:00Z,online,91,idle,,false,false,
GS-S50-8830,2026-08-12T14:00:00Z,online,91,idle,,false,false,
GS-S50-8830,2026-08-12T14:01:00Z,online,91,idle,,false,false,
GS-S50-8830,2026-08-12T14:02:00Z,online,91,idle,,false,false,
GS-S50-8830,2026-08-12T14:03:00Z,online,90,idle,,false,false,
GS-S50-8830,2026-08-12T14:04:00Z,online,90,idle,,false,false,
GS-S50-8830,2026-08-12T14:05:00Z,online,90,idle,,false,false,
GS-S50-8830,2026-08-12T14:06:00Z,online,93,charging,,false,true,
GS-S50-8830,2026-08-12T14:07:00Z,online,93,idle,,false,false,
GS-S50-8830,2026-08-12T14:08:00Z,online,93,idle,,false,false,
GS-S50-8830,2026-08-12T14:09:00Z,online,92,idle,,false,false,
GS-S50-8830,2026-08-12T14:10:00Z,online,92,idle,,false,false,
GS-S50-8830,2026-08-12T14:11:00Z,online,92,idle,,false,false,
GS-S50-8830,2026-08-12T14:12:00Z,online,92,idle,,false,false,
GS-S50-8830,2026-08-12T14:13:00Z,online,92,idle,,false,false,
GS-S50-8830,2026-08-12T14:14:00Z,online,91,idle,,false,false,
GS-S50-8830,2026-08-12T14:15:00Z,online,91,idle,,false,false,
GS-S50-8830,2026-08-12T14:16:00Z,online,91,idle,,false,false,
GS-S50-8830,2026-08-12T14:17:00Z,online,91,idle,,false,false,
GS-S50-8830,2026-08-12T14:18:00Z,online,91,idle,,false,false,
GS-S50-8830,2026-08-12T14:19:00Z,online,90,idle,,false,false,
GS-S50-8830,2026-08-12T14:20:00Z,online,90,idle,,false,false,
GS-S50-8830,2026-08-12T14:21:00Z,online,90,idle,,false,false,
GS-S50-8830,2026-08-12T14:22:00Z,online,93,charging,,false,true,
GS-S50-8830,2026-08-12T14:23:00Z,online,93,idle,,false,false,
GS-S50-8830,2026-08-12T14:24:00Z,online,93,idle,,false,false,
GS-S50-8830,2026-08-12T14:25:00Z,online,92,idle,,false,false,
GS-S50-8830,2026-08-12T14:26:00Z,online,92,idle,,false,false,
GS-S50-8830,2026-08-12T14:27:00Z,online,92,idle,,false,false,
GS-S50-8830,2026-08-12T14:28:00Z,online,92,idle,,false,false,
GS-S50-8830,2026-08-12T14:29:00Z,offline,92,,,false,false,
GS-S50-8830,2026-08-12T14:30:00Z,online,91,idle,,false,false,
GS-S50-8830,2026-08-12T14:31:00Z,online,91,idle,,false,false,
GS-S50-8830,2026-08-12T14:32:00Z,online,91,idle,,false,false,
GS-S50-8830,2026-08-12T14:33:00Z,online,91,idle,,false,false,
GS-S50-8830,2026-08-12T14:34:00Z,online,91,idle,,false,false,
GS-S50-8830,2026-08-12T14:35:00Z,online,90,idle,,false,false,
GS-S50-8830,2026-08-12T14:36:00Z,online,90,idle,,false,false,
GS-S50-8830,2026-08-12T14:37:00Z,offline,90,,,false,false,
GS-S50-8830,2026-08-12T14:38:00Z,online,93,charging,,false,true,
GS-S50-8830,2026-08-12T14:39:00Z,online,93,idle,,false,false,
GS-S50-8830,2026-08-12T14:40:00Z,online,93,idle,,false,false,
GS-S50-8830,2026-08-12T14:41:00Z,online,92,idle,,false,false,
GS-S50-8830,2026-08-12T14:42:00Z,online,92,idle,,false,false,
GS-S50-8830,2026-08-12T14:43:00Z,online,92,idle,,false,false,
GS-S50-8830,2026-08-12T14:44:00Z,online,92,idle,,false,false,
GS-S50-8830,2026-08-12T14:45:00Z,online,92,idle,,false,false,
GS-S50-8830,2026-08-12T14:46:00Z,online,91,idle,,false,false,
GS-S50-8830,2026-08-12T14:47:00Z,online,91,idle,,false,false,
GS-S50-8830,2026-08-12T14:48:00Z,online,91,idle,,false,false,
GS-S50-8830,2026-08-12T14:49:00Z,online,91,idle,,false,false,
GS-S50-8830,2026-08-12T14:50:00Z,online,91,idle,,false,false,
GS-S50-8830,2026-08-12T14:51:00Z,online,90,idle,,false,false,
GS-S50-8830,2026-08-12T14:52:00Z,online,90,idle,,false,false,
GS-S50-8830,2026-08-12T14:53:00Z,online,90,idle,,false,false,
GS-S50-8830,2026-08-12T14:54:00Z,online,93,charging,,false,true,
GS-S50-8830,2026-08-12T14:55:00Z,online,93,idle,,false,false,
GS-S50-8830,2026-08-12T14:56:00Z,online,93,idle,,false,false,
GS-S50-8830,2026-08-12T14:57:00Z,online,92,idle,,false,false,
GS-S50-8830,2026-08-12T14:58:00Z,online,92,idle,,false,false,
GS-S50-8830,2026-08-12T14:59:00Z,online,92,idle,,false,false,
GS-S50-8830,2026-08-12T15:00:00Z,online,92,idle,,false,false,
GS-S50-8830,2026-08-12T15:01:00Z,online,92,idle,,false,false,
GS-S50-8830,2026-08-12T15:02:00Z,online,91,idle,,false,false,
GS-S50-8830,2026-08-12T15:03:00Z,online,91,idle,,false,false,
GS-S50-8830,2026-08-12T15:04:00Z,online,91,idle,,false,false,
GS-S50-8830,2026-08-12T15:05:00Z,online,91,idle,,false,false,
GS-S50-8830,2026-08-12T15:06:00Z,online,91,idle,,false,false,
GS-S50-8830,2026-08-12T15:07:00Z,online,90,idle,,false,false,
GS-S50-8830,2026-08-12T15:08:00Z,online,90,idle,,false,false,
GS-S50-8830,2026-08-12T15:09:00Z,online,90,idle,,false,false,
GS-S50-8830,2026-08-12T15:10:00Z,online,93,charging,,false,true,
GS-S50-8830,2026-08-12T15:11:00Z,online,93,idle,,false,false,
GS-S50-8830,2026-08-12T15:12:00Z,online,93,idle,,false,false,
GS-S50-8830,2026-08-12T15:13:00Z,online,92,idle,,false,false,
GS-S50-8830,2026-08-12T15:14:00Z,online,92,idle,,false,false,
GS-S50-8830,2026-08-12T15:15:00Z,online,92,idle,,false,false,
GS-S50-8830,2026-08-12T15:16:00Z,online,92,idle,,false,false,
GS-S50-8830,2026-08-12T15:17:00Z,offline,92,,,false,false,
GS-S50-8830,2026-08-12T15:18:00Z,online,91,idle,,false,false,
GS-S50-8830,2026-08-12T15:19:00Z,online,91,idle,,false,false,
GS-S50-8830,2026-08-12T15:20:00Z,online,91,idle,,false,false,
GS-S50-8830,2026-08-12T15:21:00Z,online,91,idle,,false,false,
GS-S50-8830,2026-08-12T15:22:00Z,offline,91,,,false,false,
GS-S50-8830,2026-08-12T15:23:00Z,online,90,idle,,false,false,
GS-S50-8830,2026-08-12T15:24:00Z,online,90,idle,,false,false,
GS-S50-8830,2026-08-12T15:25:00Z,online,90,idle,,false,false,
GS-S50-8830,2026-08-12T15:26:00Z,online,93,charging,,false,true,
GS-S50-8830,2026-08-12T15:27:00Z,online,93,idle,,false,false,
GS-S50-8830,2026-08-12T15:28:00Z,online,93,idle,,false,false,
GS-S50-8830,2026-08-12T15:29:00Z,online,92,idle,,false,false,
GS-S50-8830,2026-08-12T15:30:00Z,online,92,idle,,false,false,
GS-S50-8830,2026-08-12T15:31:00Z,online,92,idle,,false,false,
GS-S50-8830,2026-08-12T15:32:00Z,online,92,idle,,false,false,
GS-S50-8830,2026-08-12T15:33:00Z,online,92,idle,,false,false,
GS-S50-8830,2026-08-12T15:34:00Z,online,91,idle,,false,false,
GS-S50-8830,2026-08-12T15:35:00Z,offline,91,,,false,false,
GS-S50-8830,2026-08-12T15:36:00Z,online,91,idle,,false,false,
GS-S50-8830,2026-08-12T15:37:00Z,offline,91,,,false,false,
GS-S50-8830,2026-08-12T15:38:00Z,online,91,idle,,false,false,
GS-S50-8830,2026-08-12T15:39:00Z,online,90,idle,,false,false,
GS-S50-8830,2026-08-12T15:40:00Z,online,90,idle,,false,false,
GS-S50-8830,2026-08-12T15:41:00Z,online,90,idle,,false,false,
GS-S50-8830,2026-08-12T15:42:00Z,online,93,charging,,false,true,
GS-S50-8830,2026-08-12T15:43:00Z,online,93,idle,,false,false,
GS-S50-8830,2026-08-12T15:44:00Z,online,93,idle,,false,false,
GS-S50-8830,2026-08-12T15:45:00Z,online,92,idle,,false,false,
GS-S50-8830,2026-08-12T15:46:00Z,online,92,idle,,false,false,
GS-S50-8830,2026-08-12T15:47:00Z,online,92,idle,,false,false,
GS-S50-8830,2026-08-12T15:48:00Z,offline,92,,,false,false,
GS-S50-8830,2026-08-12T15:49:00Z,online,92,idle,,false,false,
GS-S50-8830,2026-08-12T15:50:00Z,online,91,idle,,false,false,
GS-S50-8830,2026-08-12T15:51:00Z,online,91,idle,,false,false,
GS-S50-8830,2026-08-12T15:52:00Z,online,91,idle,,false,false,
GS-S50-8830,2026-08-12T15:53:00Z,online,91,idle,,false,false,
GS-S50-8830,2026-08-12T15:54:00Z,online,91,idle,,false,false,
GS-S50-8830,2026-08-12T15:55:00Z,online,90,idle,,false,false,
GS-S50-8830,2026-08-12T15:56:00Z,online,90,idle,,false,false,
GS-S50-8830,2026-08-12T15:57:00Z,online,90,idle,,false,false,
GS-S50-8830,2026-08-12T15:58:00Z,online,93,charging,,false,true,
GS-S50-8830,2026-08-12T15:59:00Z,online,93,idle,,false,false,
GS-S50-8830,2026-08-12T16:00:00Z,online,93,idle,,false,false,
GS-S50-8830,2026-08-12T16:01:00Z,online,92,idle,,false,false,
GS-S50-8830,2026-08-12T16:02:00Z,online,92,idle,,false,false,
GS-S50-8830,2026-08-12T16:03:00Z,online,92,idle,,false,false,
GS-S50-8830,2026-08-12T16:04:00Z,online,92,idle,,false,false,
GS-S50-8830,2026-08-12T16:05:00Z,online,92,idle,,false,false,
GS-S50-8830,2026-08-12T16:06:00Z,online,91,idle,,false,false,
GS-S50-8830,2026-08-12T16:07:00Z,online,91,idle,,false,false,
GS-S50-8830,2026-08-12T16:08:00Z,online,91,idle,,false,false,
GS-S50-8830,2026-08-12T16:09:00Z,online,91,idle,,false,false,
GS-S50-8830,2026-08-12T16:10:00Z,online,91,idle,,false,false,
GS-S50-8830,2026-08-12T16:11:00Z,online,90,idle,,false,false,
GS-S50-8830,2026-08-12T16:12:00Z,online,90,idle,,false,false,
GS-S50-8830,2026-08-12T16:13:00Z,online,90,idle,,false,false,
GS-S50-8830,2026-08-12T16:14:00Z,online,93,charging,,false,true,
GS-S50-8830,2026-08-12T16:15:00Z,offline,93,,,false,false,
GS-S50-8830,2026-08-12T16:16:00Z,online,93,idle,,false,false,
GS-S50-8830,2026-08-12T16:17:00Z,online,92,idle,,false,false,
GS-S50-8830,2026-08-12T16:18:00Z,online,92,idle,,false,false,
GS-S50-8830,2026-08-12T16:19:00Z,online,92,idle,,false,false,
GS-S50-8830,2026-08-12T16:20:00Z,online,92,idle,,false,false,
GS-S50-8830,2026-08-12T16:21:00Z,online,92,idle,,false,false,
GS-S50-8830,2026-08-12T16:22:00Z,online,91,idle,,false,false,
GS-S50-8830,2026-08-12T16:23:00Z,online,91,idle,,false,false,
GS-S50-8830,2026-08-12T16:24:00Z,online,91,idle,,false,false,
GS-S50-8830,2026-08-12T16:25:00Z,offline,91,,,false,false,
GS-S50-8830,2026-08-12T16:26:00Z,online,91,idle,,false,false,
GS-S50-8830,2026-08-12T16:27:00Z,offline,90,,,false,false,
GS-S50-8830,2026-08-12T16:28:00Z,online,90,idle,,false,false,
GS-S50-8830,2026-08-12T16:29:00Z,online,90,idle,,false,false,
GS-S50-8830,2026-08-12T16:30:00Z,online,93,charging,,false,true,
GS-S50-8830,2026-08-12T16:31:00Z,online,93,idle,,false,false,
GS-S50-8830,2026-08-12T16:32:00Z,online,93,idle,,false,false,
GS-S50-8830,2026-08-12T16:33:00Z,online,92,idle,,false,false,
GS-S50-8830,2026-08-12T16:34:00Z,online,92,idle,,false,false,
GS-S50-8830,2026-08-12T16:35:00Z,online,92,idle,,false,false,
GS-S50-8830,2026-08-12T16:36:00Z,online,92,idle,,false,false,
GS-S50-8830,2026-08-12T16:37:00Z,online,92,idle,,false,false,
GS-S50-8830,2026-08-12T16:38:00Z,online,91,idle,,false,false,
GS-S50-8830,2026-08-12T16:39:00Z,offline,91,,,false,false,
GS-S50-8830,2026-08-12T16:40:00Z,online,91,idle,,false,false,
GS-S50-8830,2026-08-12T16:41:00Z,online,91,idle,,false,false,
GS-S50-8830,2026-08-12T16:42:00Z,online,91,idle,,false,false,
GS-S50-8830,2026-08-12T16:43:00Z,online,90,idle,,false,false,
GS-S50-8830,2026-08-12T16:44:00Z,online,90,idle,,false,false,
GS-S50-8830,2026-08-12T16:45:00Z,online,90,idle,,false,false,
GS-S50-8830,2026-08-12T16:46:00Z,online,93,charging,,false,true,
GS-S50-8830,2026-08-12T16:47:00Z,online,93,idle,,false,false,
GS-S50-8830,2026-08-12T16:48:00Z,online,93,idle,,false,false,
GS-S50-8830,2026-08-12T16:49:00Z,online,92,idle,,false,false,
GS-S50-8830,2026-08-12T16:50:00Z,online,92,idle,,false,false,
GS-S50-8830,2026-08-12T16:51:00Z,online,92,idle,,false,false,
GS-S50-8830,2026-08-12T16:52:00Z,online,92,idle,,false,false,
GS-S50-8830,2026-08-12T16:53:00Z,online,92,idle,,false,false,
GS-S50-8830,2026-08-12T16:54:00Z,online,91,idle,,false,false,
GS-S50-8830,2026-08-12T16:55:00Z,online,91,idle,,false,false,
GS-S50-8830,2026-08-12T16:56:00Z,online,91,idle,,false,false,
GS-S50-8830,2026-08-12T16:57:00Z,online,91,idle,,false,false,
GS-S50-8830,2026-08-12T16:58:00Z,online,91,idle,,false,false,
GS-S50-8830,2026-08-12T16:59:00Z,online,90,idle,,false,false,
GS-S50-8830,2026-08-12T17:00:00Z,online,90,idle,,false,false,
GS-S50-8830,2026-08-12T17:01:00Z,online,90,idle,,false,false,
GS-S50-8830,2026-08-12T17:02:00Z,online,93,charging,,false,true,
GS-S50-8830,2026-08-12T17:03:00Z,online,93,idle,,false,false,
GS-S50-8830,2026-08-12T17:04:00Z,online,93,idle,,false,false,
GS-S50-8830,2026-08-12T17:05:00Z,online,92,idle,,false,false,
GS-S50-8830,2026-08-12T17:06:00Z,online,92,idle,,false,false,
GS-S50-8830,2026-08-12T17:07:00Z,online,92,idle,,false,false,
GS-S50-8830,2026-08-12T17:08:00Z,offline,92,,,false,false,
GS-S50-8830,2026-08-12T17:09:00Z,online,92,idle,,false,false,
GS-S50-8830,2026-08-12T17:10:00Z,offline,91,,,false,false,
GS-S50-8830,2026-08-12T17:11:00Z,online,91,idle,,false,false,
GS-S50-8830,2026-08-12T17:12:00Z,online,91,idle,,false,false,
GS-S50-8830,2026-08-12T17:13:00Z,offline,91,,,false,false,
GS-S50-8830,2026-08-12T17:14:00Z,online,91,idle,,false,false,
GS-S50-8830,2026-08-12T17:15:00Z,online,90,idle,,false,false,
GS-S50-8830,2026-08-12T17:16:00Z,online,90,idle,,false,false,
GS-S50-8830,2026-08-12T17:17:00Z,online,90,idle,,false,false,
GS-S50-8830,2026-08-12T17:18:00Z,online,93,charging,,false,true,
GS-S50-8830,2026-08-12T17:19:00Z,offline,93,,,false,false,
GS-S50-8830,2026-08-12T17:20:00Z,online,93,idle,,false,false,
GS-S50-8830,2026-08-12T17:21:00Z,online,92,idle,,false,false,
GS-S50-8830,2026-08-12T17:22:00Z,online,92,idle,,false,false,
GS-S50-8830,2026-08-12T17:23:00Z,online,92,idle,,false,false,
GS-S50-8830,2026-08-12T17:24:00Z,offline,92,,,false,false,
GS-S50-8830,2026-08-12T17:25:00Z,online,92,idle,,false,false,
GS-S50-8830,2026-08-12T17:26:00Z,online,91,idle,,false,false,
GS-S50-8830,2026-08-12T17:27:00Z,online,91,idle,,false,false,
GS-S50-8830,2026-08-12T17:28:00Z,online,91,idle,,false,false,
GS-S50-8830,2026-08-12T17:29:00Z,offline,91,,,false,false,
GS-S50-8830,2026-08-12T17:30:00Z,online,91,idle,,false,false,
GS-S50-8830,2026-08-12T17:31:00Z,online,90,idle,,false,false,
GS-S50-8830,2026-08-12T17:32:00Z,online,90,idle,,false,false,
GS-S50-8830,2026-08-12T17:33:00Z,online,90,idle,,false,false,
GS-S50-8830,2026-08-12T17:34:00Z,online,93,charging,,false,true,
GS-S50-8830,2026-08-12T17:35:00Z,online,93,idle,,false,false,
GS-S50-8830,2026-08-12T17:36:00Z,online,93,idle,,false,false,
GS-S50-8830,2026-08-12T17:37:00Z,online,92,idle,,false,false,
GS-S50-8830,2026-08-12T17:38:00Z,online,92,idle,,false,false,
GS-S50-8830,2026-08-12T17:39:00Z,online,92,idle,,false,false,
GS-S50-8830,2026-08-12T17:40:00Z,online,92,idle,,false,false,
GS-S50-8830,2026-08-12T17:41:00Z,online,92,idle,,false,false,
GS-S50-8830,2026-08-12T17:42:00Z,online,91,idle,,false,false,
GS-S50-8830,2026-08-12T17:43:00Z,online,91,idle,,false,false,
GS-S50-8830,2026-08-12T17:44:00Z,offline,91,,,false,false,
GS-S50-8830,2026-08-12T17:45:00Z,online,91,idle,,false,false,
GS-S50-8830,2026-08-12T17:46:00Z,online,91,idle,,false,false,
GS-S50-8830,2026-08-12T17:47:00Z,online,90,idle,,false,false,
GS-S50-8830,2026-08-12T17:48:00Z,online,90,idle,,false,false,
GS-S50-8830,2026-08-12T17:49:00Z,online,90,idle,,false,false,
GS-S50-8830,2026-08-12T17:50:00Z,online,93,charging,,false,true,
GS-S50-8830,2026-08-12T17:51:00Z,offline,93,,,false,false,
GS-S50-8830,2026-08-12T17:52:00Z,online,93,idle,,false,false,
GS-S50-8830,2026-08-12T17:53:00Z,online,92,idle,,false,false,
GS-S50-8830,2026-08-12T17:54:00Z,online,92,idle,,false,false,
GS-S50-8830,2026-08-12T17:55:00Z,online,92,idle,,false,false,
GS-S50-8830,2026-08-12T17:56:00Z,online,92,idle,,false,false,
GS-S50-8830,2026-08-12T17:57:00Z,online,92,idle,,false,false,
GS-S50-8830,2026-08-12T17:58:00Z,online,91,idle,,false,false,
GS-S50-8830,2026-08-12T17:59:00Z,online,91,idle,,false,false,
GS-S50-8830,2026-08-12T18:00:00Z,online,91,idle,,false,false,
GS-S50-8830,2026-08-12T18:01:00Z,online,91,idle,,false,false,
GS-S50-8830,2026-08-12T18:02:00Z,offline,91,,,false,false,
GS-S50-8830,2026-08-12T18:03:00Z,online,90,idle,,false,false,
GS-S50-8830,2026-08-12T18:04:00Z,online,90,idle,,false,false,
GS-S50-8830,2026-08-12T18:05:00Z,online,90,idle,,false,false,
GS-S50-8830,2026-08-12T18:06:00Z,online,93,charging,,false,true,
GS-S50-8830,2026-08-12T18:07:00Z,offline,93,,,false,false,
GS-S50-8830,2026-08-12T18:08:00Z,online,93,idle,,false,false,
GS-S50-8830,2026-08-12T18:09:00Z,online,92,idle,,false,false,
GS-S50-8830,2026-08-12T18:10:00Z,online,92,idle,,false,false,
GS-S50-8830,2026-08-12T18:11:00Z,online,92,idle,,false,false,
GS-S50-8830,2026-08-12T18:12:00Z,online,92,idle,,false,false,
GS-S50-8830,2026-08-12T18:13:00Z,online,92,idle,,false,false,
GS-S50-8830,2026-08-12T18:14:00Z,online,91,idle,,false,false,
GS-S50-8830,2026-08-12T18:15:00Z,online,91,idle,,false,false,
GS-S50-8830,2026-08-12T18:16:00Z,online,91,idle,,false,false,
GS-S50-8830,2026-08-12T18:17:00Z,online,91,idle,,false,false,
GS-S50-8830,2026-08-12T18:18:00Z,online,91,idle,,false,false,
GS-S50-8830,2026-08-12T18:19:00Z,online,90,idle,,false,false,
GS-S50-8830,2026-08-12T18:20:00Z,online,90,idle,,false,false,
GS-S50-8830,2026-08-12T18:21:00Z,online,90,idle,,false,false,
GS-S50-8830,2026-08-12T18:22:00Z,online,93,charging,,false,true,
GS-S50-8830,2026-08-12T18:23:00Z,online,93,idle,,false,false,
GS-S50-8830,2026-08-12T18:24:00Z,online,93,idle,,false,false,
GS-S50-8830,2026-08-12T18:25:00Z,online,92,idle,,false,false,
GS-S50-8830,2026-08-12T18:26:00Z,online,92,idle,,false,false,
GS-S50-8830,2026-08-12T18:27:00Z,online,92,idle,,false,false,
GS-S50-8830,2026-08-12T18:28:00Z,online,92,idle,,false,false,
GS-S50-8830,2026-08-12T18:29:00Z,online,92,idle,,false,false,
GS-S50-8830,2026-08-12T18:30:00Z,online,91,idle,,false,false,
GS-S50-8830,2026-08-12T18:31:00Z,online,91,idle,,false,false,
GS-S50-8830,2026-08-12T18:32:00Z,online,91,idle,,false,false,
GS-S50-8830,2026-08-12T18:33:00Z,online,91,idle,,false,false,
GS-S50-8830,2026-08-12T18:34:00Z,online,91,idle,,false,false,
GS-S50-8830,2026-08-12T18:35:00Z,online,90,idle,,false,false,
GS-S50-8830,2026-08-12T18:36:00Z,online,90,idle,,false,false,
GS-S50-8830,2026-08-12T18:37:00Z,online,90,idle,,false,false,
GS-S50-8830,2026-08-12T18:38:00Z,online,93,charging,,false,true,
GS-S50-8830,2026-08-12T18:39:00Z,online,93,idle,,false,false,
GS-S50-8830,2026-08-12T18:40:00Z,online,93,idle,,false,false,
GS-S50-8830,2026-08-12T18:41:00Z,offline,92,,,false,false,
GS-S50-8830,2026-08-12T18:42:00Z,online,92,idle,,false,false,
GS-S50-8830,2026-08-12T18:43:00Z,offline,92,,,false,false,
GS-S50-8830,2026-08-12T18:44:00Z,online,92,idle,,false,false,
GS-S50-8830,2026-08-12T18:45:00Z,online,92,idle,,false,false,
GS-S50-8830,2026-08-12T18:46:00Z,offline,91,,,false,false,
GS-S50-8830,2026-08-12T18:47:00Z,online,91,idle,,false,false,
GS-S50-8830,2026-08-12T18:48:00Z,online,91,idle,,false,false,
GS-S50-8830,2026-08-12T18:49:00Z,online,91,idle,,false,false,
GS-S50-8830,2026-08-12T18:50:00Z,online,91,idle,,false,false,
GS-S50-8830,2026-08-12T18:51:00Z,online,90,idle,,false,false,
GS-S50-8830,2026-08-12T18:52:00Z,online,90,idle,,false,false,
GS-S50-8830,2026-08-12T18:53:00Z,online,90,idle,,false,false,
GS-S50-8830,2026-08-12T18:54:00Z,online,93,charging,,false,true,
GS-S50-8830,2026-08-12T18:55:00Z,online,93,idle,,false,false,
GS-S50-8830,2026-08-12T18:56:00Z,online,93,idle,,false,false,
GS-S50-8830,2026-08-12T18:57:00Z,online,92,idle,,false,false,
GS-S50-8830,2026-08-12T18:58:00Z,online,92,idle,,false,false,
GS-S50-8830,2026-08-12T18:59:00Z,online,92,idle,,false,false,
GS-S50-8830,2026-08-12T19:00:00Z,online,92,idle,,false,false,
GS-S50-8830,2026-08-12T19:01:00Z,online,92,idle,,false,false,
GS-S50-8830,2026-08-12T19:02:00Z,online,91,idle,,false,false,
GS-S50-8830,2026-08-12T19:03:00Z,online,91,idle,,false,false,
GS-S50-8830,2026-08-12T19:04:00Z,online,91,idle,,false,false,
GS-S50-8830,2026-08-12T19:05:00Z,online,91,idle,,false,false,
GS-S50-8830,2026-08-12T19:06:00Z,online,91,idle,,false,false,
GS-S50-8830,2026-08-12T19:07:00Z,online,90,idle,,false,false,
GS-S50-8830,2026-08-12T19:08:00Z,online,90,idle,,false,false,
GS-S50-8830,2026-08-12T19:09:00Z,online,90,idle,,false,false,
GS-S50-8830,2026-08-12T19:10:00Z,online,93,charging,,false,true,
GS-S50-8830,2026-08-12T19:11:00Z,online,93,idle,,false,false,
GS-S50-8830,2026-08-12T19:12:00Z,online,93,idle,,false,false,
GS-S50-8830,2026-08-12T19:13:00Z,online,92,idle,,false,false,
GS-S50-8830,2026-08-12T19:14:00Z,online,92,idle,,false,false,
GS-S50-8830,2026-08-12T19:15:00Z,online,92,idle,,false,false,
GS-S50-8830,2026-08-12T19:16:00Z,online,92,idle,,false,false,
GS-S50-8830,2026-08-12T19:17:00Z,online,92,idle,,false,false,
GS-S50-8830,2026-08-12T19:18:00Z,online,91,idle,,false,false,
GS-S50-8830,2026-08-12T19:19:00Z,online,91,idle,,false,false,
GS-S50-8830,2026-08-12T19:20:00Z,online,91,idle,,false,false,
GS-S50-8830,2026-08-12T19:21:00Z,online,91,idle,,false,false,
GS-S50-8830,2026-08-12T19:22:00Z,online,91,idle,,false,false,
GS-S50-8830,2026-08-12T19:23:00Z,online,90,idle,,false,false,
GS-S50-8830,2026-08-12T19:24:00Z,online,90,idle,,false,false,
GS-S50-8830,2026-08-12T19:25:00Z,online,90,idle,,false,false,
GS-S50-8830,2026-08-12T19:26:00Z,online,93,charging,,false,true,
GS-S50-8830,2026-08-12T19:27:00Z,online,93,idle,,false,false,
GS-S50-8830,2026-08-12T19:28:00Z,online,93,idle,,false,false,
GS-S50-8830,2026-08-12T19:29:00Z,online,92,idle,,false,false,
GS-S50-8830,2026-08-12T19:30:00Z,online,92,idle,,false,false,
GS-S50-8830,2026-08-12T19:31:00Z,online,92,idle,,false,false,
GS-S50-8830,2026-08-12T19:32:00Z,online,92,idle,,false,false,
GS-S50-8830,2026-08-12T19:33:00Z,online,92,idle,,false,false,
GS-S50-8830,2026-08-12T19:34:00Z,online,91,idle,,false,false,
GS-S50-8830,2026-08-12T19:35:00Z,online,91,idle,,false,false,
GS-S50-8830,2026-08-12T19:36:00Z,online,91,idle,,false,false,
GS-S50-8830,2026-08-12T19:37:00Z,online,91,idle,,false,false,
GS-S50-8830,2026-08-12T19:38:00Z,online,91,idle,,false,false,
GS-S50-8830,2026-08-12T19:39:00Z,online,90,idle,,false,false,
GS-S50-8830,2026-08-12T19:40:00Z,online,90,idle,,false,false,
GS-S50-8830,2026-08-12T19:41:00Z,online,90,idle,,false,false,
GS-S50-8830,2026-08-12T19:42:00Z,online,93,charging,,false,true,
GS-S50-8830,2026-08-12T19:43:00Z,online,93,idle,,false,false,
GS-S50-8830,2026-08-12T19:44:00Z,online,93,idle,,false,false,
GS-S50-8830,2026-08-12T19:45:00Z,online,92,idle,,false,false,
GS-S50-8830,2026-08-12T19:46:00Z,online,92,idle,,false,false,
GS-S50-8830,2026-08-12T19:47:00Z,online,92,idle,,false,false,
GS-S50-8830,2026-08-12T19:48:00Z,online,92,idle,,false,false,
GS-S50-8830,2026-08-12T19:49:00Z,online,92,idle,,false,false,
GS-S50-8830,2026-08-12T19:50:00Z,online,91,idle,,false,false,
GS-S50-8830,2026-08-12T19:51:00Z,online,91,idle,,false,false,
GS-S50-8830,2026-08-12T19:52:00Z,online,91,idle,,false,false,
GS-S50-8830,2026-08-12T19:53:00Z,online,91,idle,,false,false,
GS-S50-8830,2026-08-12T19:54:00Z,online,91,idle,,false,false,
GS-S50-8830,2026-08-12T19:55:00Z,online,90,idle,,false,false,
GS-S50-8830,2026-08-12T19:56:00Z,online,90,idle,,false,false,
GS-S50-8830,2026-08-12T19:57:00Z,online,90,idle,,false,false,
GS-S50-8830,2026-08-12T19:58:00Z,online,93,charging,,false,true,
GS-S50-8830,2026-08-12T19:59:00Z,online,93,idle,,false,false,
GS-S50-8830,2026-08-12T20:00:00Z,online,93,idle,,false,false,
GS-S50-8830,2026-08-12T20:01:00Z,online,92,idle,,false,false,
GS-S50-8830,2026-08-12T20:02:00Z,online,92,idle,,false,false,
GS-S50-8830,2026-08-12T20:03:00Z,online,92,idle,,false,false,
GS-S50-8830,2026-08-12T20:04:00Z,online,92,idle,,false,false,
GS-S50-8830,2026-08-12T20:05:00Z,online,92,idle,,false,false,
GS-S50-8830,2026-08-12T20:06:00Z,online,91,idle,,false,false,
GS-S50-8830,2026-08-12T20:07:00Z,online,91,idle,,false,false,
GS-S50-8830,2026-08-12T20:08:00Z,online,91,idle,,false,false,
GS-S50-8830,2026-08-12T20:09:00Z,online,91,idle,,false,false,
GS-S50-8830,2026-08-12T20:10:00Z,online,91,idle,,false,false,
GS-S50-8830,2026-08-12T20:11:00Z,online,90,idle,,false,false,
GS-S50-8830,2026-08-12T20:12:00Z,online,90,idle,,false,false,
GS-S50-8830,2026-08-12T20:13:00Z,online,90,idle,,false,false,
GS-S50-8830,2026-08-12T20:14:00Z,online,93,charging,,false,true,
GS-S50-8830,2026-08-12T20:15:00Z,online,93,idle,,false,false,
GS-S50-8830,2026-08-12T20:16:00Z,online,93,idle,,false,false,
GS-S50-8830,2026-08-12T20:17:00Z,online,92,idle,,false,false,
GS-S50-8830,2026-08-12T20:18:00Z,online,92,idle,,false,false,
GS-S50-8830,2026-08-12T20:19:00Z,online,92,idle,,false,false,
GS-S50-8830,2026-08-12T20:20:00Z,online,92,idle,,false,false,
GS-S50-8830,2026-08-12T20:21:00Z,online,92,idle,,false,false,
GS-S50-8830,2026-08-12T20:22:00Z,online,91,idle,,false,false,
GS-S50-8830,2026-08-12T20:23:00Z,online,91,idle,,false,false,
GS-S50-8830,2026-08-12T20:24:00Z,online,91,idle,,false,false,
GS-S50-8830,2026-08-12T20:25:00Z,offline,91,,,false,false,
GS-S50-8830,2026-08-12T20:26:00Z,online,91,idle,,false,false,
GS-S50-8830,2026-08-12T20:27:00Z,online,90,idle,,false,false,
GS-S50-8830,2026-08-12T20:28:00Z,online,90,idle,,false,false,
GS-S50-8830,2026-08-12T20:29:00Z,online,90,idle,,false,false,
GS-S50-8830,2026-08-12T20:30:00Z,online,93,charging,,false,true,
GS-S50-8830,2026-08-12T20:31:00Z,online,93,idle,,false,false,
GS-S50-8830,2026-08-12T20:32:00Z,online,93,idle,,false,false,
GS-S50-8830,2026-08-12T20:33:00Z,online,92,idle,,false,false,
GS-S50-8830,2026-08-12T20:34:00Z,online,92,idle,,false,false,
GS-S50-8830,2026-08-12T20:35:00Z,online,92,idle,,false,false,
GS-S50-8830,2026-08-12T20:36:00Z,online,92,idle,,false,false,
GS-S50-8830,2026-08-12T20:37:00Z,online,92,idle,,false,false,
GS-S50-8830,2026-08-12T20:38:00Z,online,91,idle,,false,false,
GS-S50-8830,2026-08-12T20:39:00Z,online,91,idle,,false,false,
GS-S50-8830,2026-08-12T20:40:00Z,online,91,idle,,false,false,
GS-S50-8830,2026-08-12T20:41:00Z,online,91,idle,,false,false,
GS-S50-8830,2026-08-12T20:42:00Z,online,91,idle,,false,false,
GS-S50-8830,2026-08-12T20:43:00Z,online,90,idle,,false,false,
GS-S50-8830,2026-08-12T20:44:00Z,online,90,idle,,false,false,
GS-S50-8830,2026-08-12T20:45:00Z,online,90,idle,,false,false,
GS-S50-8830,2026-08-12T20:46:00Z,online,93,charging,,false,true,
GS-S50-8830,2026-08-12T20:47:00Z,offline,93,,,false,false,
GS-S50-8830,2026-08-12T20:48:00Z,online,93,idle,,false,false,
GS-S50-8830,2026-08-12T20:49:00Z,online,92,idle,,false,false,
GS-S50-8830,2026-08-12T20:50:00Z,online,92,idle,,false,false,
GS-S50-8830,2026-08-12T20:51:00Z,online,92,idle,,false,false,
GS-S50-8830,2026-08-12T20:52:00Z,online,92,idle,,false,false,
GS-S50-8830,2026-08-12T20:53:00Z,online,92,idle,,false,false,
GS-S50-8830,2026-08-12T20:54:00Z,online,91,idle,,false,false,
GS-S50-8830,2026-08-12T20:55:00Z,online,91,idle,,false,false,
GS-S50-8830,2026-08-12T20:56:00Z,online,91,idle,,false,false,
GS-S50-8830,2026-08-12T20:57:00Z,online,91,idle,,false,false,
GS-S50-8830,2026-08-12T20:58:00Z,online,91,idle,,false,false,
GS-S50-8830,2026-08-12T20:59:00Z,online,90,idle,,false,false,
GS-S50-8830,2026-08-12T21:00:00Z,online,90,idle,,false,false,
GS-S50-8830,2026-08-12T21:01:00Z,online,90,idle,,false,false,
GS-S50-8830,2026-08-12T21:02:00Z,online,93,charging,,false,true,
GS-S50-8830,2026-08-12T21:03:00Z,online,93,idle,,false,false,
GS-S50-8830,2026-08-12T21:04:00Z,online,93,idle,,false,false,
GS-S50-8830,2026-08-12T21:05:00Z,online,92,idle,,false,false,
GS-S50-8830,2026-08-12T21:06:00Z,online,92,idle,,false,false,
GS-S50-8830,2026-08-12T21:07:00Z,online,92,idle,,false,false,
GS-S50-8830,2026-08-12T21:08:00Z,online,92,idle,,false,false,
GS-S50-8830,2026-08-12T21:09:00Z,online,92,idle,,false,false,
GS-S50-8830,2026-08-12T21:10:00Z,online,91,idle,,false,false,
GS-S50-8830,2026-08-12T21:11:00Z,online,91,idle,,false,false,
GS-S50-8830,2026-08-12T21:12:00Z,online,91,idle,,false,false,
GS-S50-8830,2026-08-12T21:13:00Z,online,91,idle,,false,false,
GS-S50-8830,2026-08-12T21:14:00Z,online,91,idle,,false,false,
GS-S50-8830,2026-08-12T21:15:00Z,offline,90,,,false,false,
GS-S50-8830,2026-08-12T21:16:00Z,online,90,idle,,false,false,
GS-S50-8830,2026-08-12T21:17:00Z,offline,90,,,false,false,
GS-S50-8830,2026-08-12T21:18:00Z,online,93,charging,,false,true,
GS-S50-8830,2026-08-12T21:19:00Z,online,93,idle,,false,false,
GS-S50-8830,2026-08-12T21:20:00Z,online,93,idle,,false,false,
GS-S50-8830,2026-08-12T21:21:00Z,online,92,idle,,false,false,
GS-S50-8830,2026-08-12T21:22:00Z,online,92,idle,,false,false,
GS-S50-8830,2026-08-12T21:23:00Z,online,92,idle,,false,false,
GS-S50-8830,2026-08-12T21:24:00Z,online,92,idle,,false,false,
GS-S50-8830,2026-08-12T21:25:00Z,online,92,idle,,false,false,
GS-S50-8830,2026-08-12T21:26:00Z,online,91,idle,,false,false,
GS-S50-8830,2026-08-12T21:27:00Z,online,91,idle,,false,false,
GS-S50-8830,2026-08-12T21:28:00Z,online,91,idle,,false,false,
GS-S50-8830,2026-08-12T21:29:00Z,online,91,idle,,false,false,
GS-S50-8830,2026-08-12T21:30:00Z,offline,91,,,false,false,
GS-S50-8830,2026-08-12T21:31:00Z,online,90,idle,,false,false,
GS-S50-8830,2026-08-12T21:32:00Z,online,90,idle,,false,false,
GS-S50-8830,2026-08-12T21:33:00Z,online,90,idle,,false,false,
GS-S50-8830,2026-08-12T21:34:00Z,online,93,charging,,false,true,
GS-S50-8830,2026-08-12T21:35:00Z,online,93,idle,,false,false,
GS-S50-8830,2026-08-12T21:36:00Z,online,93,idle,,false,false,
GS-S50-8830,2026-08-12T21:37:00Z,offline,92,,,false,false,
GS-S50-8830,2026-08-12T21:38:00Z,online,92,idle,,false,false,
GS-S50-8830,2026-08-12T21:39:00Z,online,92,idle,,false,false,
GS-S50-8830,2026-08-12T21:40:00Z,online,92,idle,,false,false,
GS-S50-8830,2026-08-12T21:41:00Z,online,92,idle,,false,false,
GS-S50-8830,2026-08-12T21:42:00Z,online,91,idle,,false,false,
GS-S50-8830,2026-08-12T21:43:00Z,online,91,idle,,false,false,
GS-S50-8830,2026-08-12T21:44:00Z,online,91,idle,,false,false,
GS-S50-8830,2026-08-12T21:45:00Z,online,91,idle,,false,false,
GS-S50-8830,2026-08-12T21:46:00Z,offline,91,,,false,false,
GS-S50-8830,2026-08-12T21:47:00Z,online,90,idle,,false,false,
GS-S50-8830,2026-08-12T21:48:00Z,online,90,idle,,false,false,
GS-S50-8830,2026-08-12T21:49:00Z,online,90,idle,,false,false,
GS-S50-8830,2026-08-12T21:50:00Z,online,93,charging,,false,true,
GS-S50-8830,2026-08-12T21:51:00Z,online,93,idle,,false,false,
GS-S50-8830,2026-08-12T21:52:00Z,online,93,idle,,false,false,
GS-S50-8830,2026-08-12T21:53:00Z,online,92,idle,,false,false,
GS-S50-8830,2026-08-12T21:54:00Z,online,92,idle,,false,false,
GS-S50-8830,2026-08-12T21:55:00Z,offline,92,,,false,false,
GS-S50-8830,2026-08-12T21:56:00Z,online,92,idle,,false,false,
GS-S50-8830,2026-08-12T21:57:00Z,online,92,idle,,false,false,
GS-S50-8830,2026-08-12T21:58:00Z,online,91,idle,,false,false,
GS-S50-8830,2026-08-12T21:59:00Z,online,91,idle,,false,false,
GS-S50-8830,2026-08-12T22:00:00Z,online,91,idle,,false,false,
GS-S50-8830,2026-08-12T22:01:00Z,online,91,idle,,false,false,
GS-S50-8830,2026-08-12T22:02:00Z,offline,91,,,false,false,
GS-S50-8830,2026-08-12T22:03:00Z,online,90,idle,,false,false,
GS-S50-8830,2026-08-12T22:04:00Z,online,90,idle,,false,false,
GS-S50-8830,2026-08-12T22:05:00Z,online,90,idle,,false,false,
GS-S50-8830,2026-08-12T22:06:00Z,online,93,charging,,false,true,
GS-S50-8830,2026-08-12T22:07:00Z,online,93,idle,,false,false,
GS-S50-8830,2026-08-12T22:08:00Z,online,93,idle,,false,false,
GS-S50-8830,2026-08-12T22:09:00Z,online,92,idle,,false,false,
GS-S50-8830,2026-08-12T22:10:00Z,online,92,idle,,false,false,
GS-S50-8830,2026-08-12T22:11:00Z,online,92,idle,,false,false,
GS-S50-8830,2026-08-12T22:12:00Z,online,92,idle,,false,false,
GS-S50-8830,2026-08-12T22:13:00Z,offline,92,,,false,false,
GS-S50-8830,2026-08-12T22:14:00Z,online,91,idle,,false,false,
GS-S50-8830,2026-08-12T22:15:00Z,online,91,idle,,false,false,
GS-S50-8830,2026-08-12T22:16:00Z,online,91,idle,,false,false,
GS-S50-8830,2026-08-12T22:17:00Z,online,91,idle,,false,false,
GS-S50-8830,2026-08-12T22:18:00Z,online,91,idle,,false,false,
GS-S50-8830,2026-08-12T22:19:00Z,online,90,idle,,false,false,
GS-S50-8830,2026-08-12T22:20:00Z,online,90,idle,,false,false,
GS-S50-8830,2026-08-12T22:21:00Z,online,90,idle,,false,false,
GS-S50-8830,2026-08-12T22:22:00Z,online,93,charging,,false,true,
GS-S50-8830,2026-08-12T22:23:00Z,online,93,idle,,false,false,
GS-S50-8830,2026-08-12T22:24:00Z,offline,93,,,false,false,
GS-S50-8830,2026-08-12T22:25:00Z,online,92,idle,,false,false,
GS-S50-8830,2026-08-12T22:26:00Z,online,92,idle,,false,false,
GS-S50-8830,2026-08-12T22:27:00Z,online,92,idle,,false,false,
GS-S50-8830,2026-08-12T22:28:00Z,online,92,idle,,false,false,
GS-S50-8830,2026-08-12T22:29:00Z,online,92,idle,,false,false,
GS-S50-8830,2026-08-12T22:30:00Z,online,91,idle,,false,false,
GS-S50-8830,2026-08-12T22:31:00Z,online,91,idle,,false,false,
GS-S50-8830,2026-08-12T22:32:00Z,online,91,idle,,false,false,
GS-S50-8830,2026-08-12T22:33:00Z,online,91,idle,,false,false,
GS-S50-8830,2026-08-12T22:34:00Z,offline,91,,,false,false,
GS-S50-8830,2026-08-12T22:35:00Z,online,90,idle,,false,false,
GS-S50-8830,2026-08-12T22:36:00Z,online,90,idle,,false,false,
GS-S50-8830,2026-08-12T22:37:00Z,offline,90,,,false,false,
GS-S50-8830,2026-08-12T22:38:00Z,online,93,charging,,false,true,
GS-S50-8830,2026-08-12T22:39:00Z,online,93,idle,,false,false,
GS-S50-8830,2026-08-12T22:40:00Z,online,93,idle,,false,false,
GS-S50-8830,2026-08-12T22:41:00Z,online,92,idle,,false,false,
GS-S50-8830,2026-08-12T22:42:00Z,offline,92,,,false,false,
GS-S50-8830,2026-08-12T22:43:00Z,online,92,idle,,false,false,
GS-S50-8830,2026-08-12T22:44:00Z,online,92,idle,,false,false,
GS-S50-8830,2026-08-12T22:45:00Z,online,92,idle,,false,false,
GS-S50-8830,2026-08-12T22:46:00Z,online,91,idle,,false,false,
GS-S50-8830,2026-08-12T22:47:00Z,online,91,idle,,false,false,
GS-S50-8830,2026-08-12T22:48:00Z,online,91,idle,,false,false,
GS-S50-8830,2026-08-12T22:49:00Z,online,91,idle,,false,false,
GS-S50-8830,2026-08-12T22:50:00Z,online,91,idle,,false,false,
GS-S50-8830,2026-08-12T22:51:00Z,online,90,idle,,false,false,
GS-S50-8830,2026-08-12T22:52:00Z,online,90,idle,,false,false,
GS-S50-8830,2026-08-12T22:53:00Z,online,90,idle,,false,false,
GS-S50-8830,2026-08-12T22:54:00Z,online,93,charging,,false,true,
GS-S50-8830,2026-08-12T22:55:00Z,online,93,idle,,false,false,
GS-S50-8830,2026-08-12T22:56:00Z,online,93,idle,,false,false,
GS-S50-8830,2026-08-12T22:57:00Z,online,92,idle,,false,false,
GS-S50-8830,2026-08-12T22:58:00Z,online,92,idle,,false,false,
GS-S50-8830,2026-08-12T22:59:00Z,online,92,idle,,false,false,
GS-S50-8830,2026-08-12T23:00:00Z,online,92,idle,,false,false,
GS-S50-8830,2026-08-12T23:01:00Z,online,92,idle,,false,false,
GS-S50-8830,2026-08-12T23:02:00Z,online,90,active,8830-m0058,false,false,
GS-S50-8830,2026-08-12T23:03:00Z,online,90,idle,,false,false,
GS-S50-8830,2026-08-12T23:04:00Z,online,90,idle,,false,false,
GS-S50-8830,2026-08-12T23:05:00Z,online,90,idle,,false,false,
GS-S50-8830,2026-08-12T23:06:00Z,online,88,active,8830-m0058,false,false,
GS-S50-8830,2026-08-12T23:07:00Z,online,88,idle,,false,false,
GS-S50-8830,2026-08-12T23:08:00Z,online,87,active,8830-m0058,false,false,
GS-S50-8830,2026-08-12T23:09:00Z,online,85,active,8830-m0059,false,false,
GS-S50-8830,2026-08-12T23:10:00Z,online,85,idle,,false,false,
GS-S50-8830,2026-08-12T23:11:00Z,online,84,active,8830-m0059,false,false,
GS-S50-8830,2026-08-12T23:12:00Z,online,83,idle,,false,false,
GS-S50-8830,2026-08-12T23:13:00Z,online,82,active,8830-m0059,false,false,
GS-S50-8830,2026-08-12T23:14:00Z,online,81,active,8830-m0059,false,false,
GS-S50-8830,2026-08-12T23:15:00Z,online,80,idle,,false,false,
GS-S50-8830,2026-08-12T23:16:00Z,online,80,idle,,false,false,
GS-S50-8830,2026-08-12T23:17:00Z,online,80,idle,,false,false,
GS-S50-8830,2026-08-12T23:18:00Z,online,79,active,8830-m0059,false,false,
GS-S50-8830,2026-08-12T23:19:00Z,online,78,idle,,false,false,
GS-S50-8830,2026-08-12T23:20:00Z,online,77,active,8830-m0060,false,false,
GS-S50-8830,2026-08-12T23:21:00Z,online,77,idle,,false,false,
GS-S50-8830,2026-08-12T23:22:00Z,online,75,active,8830-m0060,false,false,
GS-S50-8830,2026-08-12T23:23:00Z,online,74,active,8830-m0060,false,false,
GS-S50-8830,2026-08-12T23:24:00Z,online,74,idle,,false,false,
GS-S50-8830,2026-08-12T23:25:00Z,online,72,active,8830-m0060,false,false,
GS-S50-8830,2026-08-12T23:26:00Z,online,71,active,8830-m0060,false,false,
GS-S50-8830,2026-08-12T23:27:00Z,online,70,active,8830-m0060,false,false,
GS-S50-8830,2026-08-12T23:28:00Z,online,68,active,8830-m0061,false,false,
GS-S50-8830,2026-08-12T23:29:00Z,online,67,active,8830-m0061,false,false,
GS-S50-8830,2026-08-12T23:30:00Z,online,67,idle,,false,false,
GS-S50-8830,2026-08-12T23:31:00Z,online,66,idle,,false,false,
GS-S50-8830,2026-08-12T23:32:00Z,online,65,active,8830-m0062,false,false,
GS-S50-8830,2026-08-12T23:33:00Z,online,65,idle,,false,false,
GS-S50-8830,2026-08-12T23:34:00Z,online,63,active,8830-m0063,false,false,
GS-S50-8830,2026-08-12T23:35:00Z,online,63,idle,,false,false,
GS-S50-8830,2026-08-12T23:36:00Z,online,62,active,8830-m0063,false,false,
GS-S50-8830,2026-08-12T23:37:00Z,online,60,active,8830-m0063,false,false,
GS-S50-8830,2026-08-12T23:38:00Z,online,60,idle,,false,false,
GS-S50-8830,2026-08-12T23:39:00Z,online,60,idle,,false,false,
GS-S50-8830,2026-08-12T23:40:00Z,online,59,active,8830-m0063,false,false,
GS-S50-8830,2026-08-12T23:41:00Z,online,58,idle,,false,false,
GS-S50-8830,2026-08-12T23:42:00Z,online,58,idle,,false,false,
GS-S50-8830,2026-08-12T23:43:00Z,online,58,idle,,false,false,
GS-S50-8830,2026-08-12T23:44:00Z,online,58,idle,,false,false,
GS-S50-8830,2026-08-12T23:45:00Z,online,56,active,8830-m0063,false,false,
GS-S50-8830,2026-08-12T23:46:00Z,online,56,idle,,false,false,
GS-S50-8830,2026-08-12T23:47:00Z,online,56,idle,,false,false,
GS-S50-8830,2026-08-12T23:48:00Z,online,56,idle,,false,false,
GS-S50-8830,2026-08-12T23:49:00Z,online,54,active,8830-m0063,false,false,
GS-S50-8830,2026-08-12T23:50:00Z,online,54,idle,,false,false,
GS-S50-8830,2026-08-12T23:51:00Z,online,54,idle,,false,false,
GS-S50-8830,2026-08-12T23:52:00Z,online,53,active,8830-m0064,false,false,
GS-S50-8830,2026-08-12T23:53:00Z,online,51,active,8830-m0064,false,false,
GS-S50-8830,2026-08-12T23:54:00Z,online,51,idle,,false,false,
GS-S50-8830,2026-08-12T23:55:00Z,online,51,idle,,false,false,
GS-S50-8830,2026-08-12T23:56:00Z,online,49,active,8830-m0064,false,false,
GS-S50-8830,2026-08-12T23:57:00Z,online,49,idle,,false,false,
GS-S50-8830,2026-08-12T23:58:00Z,online,49,idle,,false,false,
GS-S50-8830,2026-08-12T23:59:00Z,online,49,idle,,false,false,
GS-S75-8831,2026-08-12T00:00:00Z,online,92,idle,,false,false,
GS-S75-8831,2026-08-12T00:01:00Z,online,92,idle,,false,false,
GS-S75-8831,2026-08-12T00:02:00Z,online,91,idle,,false,false,
GS-S75-8831,2026-08-12T00:03:00Z,online,91,idle,,false,false,
GS-S75-8831,2026-08-12T00:04:00Z,online,91,idle,,false,false,
GS-S75-8831,2026-08-12T00:05:00Z,online,91,idle,,false,false,
GS-S75-8831,2026-08-12T00:06:00Z,online,89,active,8831-m0000,false,false,
GS-S75-8831,2026-08-12T00:07:00Z,online,88,active,8831-m0000,false,false,
GS-S75-8831,2026-08-12T00:08:00Z,online,88,idle,,false,false,
GS-S75-8831,2026-08-12T00:09:00Z,online,86,active,8831-m0000,false,false,
GS-S75-8831,2026-08-12T00:10:00Z,online,86,idle,,false,false,
GS-S75-8831,2026-08-12T00:11:00Z,online,86,idle,,false,false,
GS-S75-8831,2026-08-12T00:12:00Z,online,86,idle,,false,false,
GS-S75-8831,2026-08-12T00:13:00Z,online,86,idle,,false,false,
GS-S75-8831,2026-08-12T00:14:00Z,online,85,idle,,false,false,
GS-S75-8831,2026-08-12T00:15:00Z,online,85,idle,,false,false,
GS-S75-8831,2026-08-12T00:16:00Z,online,84,active,8831-m0000,false,false,
GS-S75-8831,2026-08-12T00:17:00Z,online,84,idle,,false,false,
GS-S75-8831,2026-08-12T00:18:00Z,online,83,idle,,false,false,
GS-S75-8831,2026-08-12T00:19:00Z,online,82,active,8831-m0000,false,false,
GS-S75-8831,2026-08-12T00:20:00Z,online,82,idle,,false,false,
GS-S75-8831,2026-08-12T00:21:00Z,online,82,idle,,false,false,
GS-S75-8831,2026-08-12T00:22:00Z,online,81,idle,,false,false,
GS-S75-8831,2026-08-12T00:23:00Z,online,81,idle,,false,false,
GS-S75-8831,2026-08-12T00:24:00Z,online,80,active,8831-m0000,false,false,
GS-S75-8831,2026-08-12T00:25:00Z,online,80,idle,,false,false,
GS-S75-8831,2026-08-12T00:26:00Z,online,78,active,8831-m0000,false,false,
GS-S75-8831,2026-08-12T00:27:00Z,online,77,active,8831-m0000,false,false,
GS-S75-8831,2026-08-12T00:28:00Z,online,77,idle,,false,false,
GS-S75-8831,2026-08-12T00:29:00Z,online,75,active,8831-m0000,true,false,
GS-S75-8831,2026-08-12T00:30:00Z,online,75,idle,,false,false,
GS-S75-8831,2026-08-12T00:31:00Z,online,75,idle,,false,false,
GS-S75-8831,2026-08-12T00:32:00Z,online,73,active,8831-m0000,false,false,
GS-S75-8831,2026-08-12T00:33:00Z,online,72,active,8831-m0000,true,false,
GS-S75-8831,2026-08-12T00:34:00Z,online,72,idle,,false,false,
GS-S75-8831,2026-08-12T00:35:00Z,online,72,idle,,false,false,
GS-S75-8831,2026-08-12T00:36:00Z,online,70,active,8831-m0000,false,false,
GS-S75-8831,2026-08-12T00:37:00Z,online,70,idle,,false,false,
GS-S75-8831,2026-08-12T00:38:00Z,online,70,idle,,false,false,
GS-S75-8831,2026-08-12T00:39:00Z,online,70,idle,,false,false,
GS-S75-8831,2026-08-12T00:40:00Z,online,69,idle,,false,false,
GS-S75-8831,2026-08-12T00:41:00Z,online,69,idle,,false,false,
GS-S75-8831,2026-08-12T00:42:00Z,online,69,idle,,false,false,
GS-S75-8831,2026-08-12T00:43:00Z,online,69,idle,,false,false,
GS-S75-8831,2026-08-12T00:44:00Z,online,69,idle,,false,false,
GS-S75-8831,2026-08-12T00:45:00Z,online,68,idle,,false,false,
GS-S75-8831,2026-08-12T00:46:00Z,online,67,active,8831-m0000,false,false,
GS-S75-8831,2026-08-12T00:47:00Z,online,67,idle,,false,false,
GS-S75-8831,2026-08-12T00:48:00Z,online,65,active,8831-m0001,false,false,
GS-S75-8831,2026-08-12T00:49:00Z,online,65,idle,,false,false,
GS-S75-8831,2026-08-12T00:50:00Z,online,64,active,8831-m0001,false,false,
GS-S75-8831,2026-08-12T00:51:00Z,online,62,active,8831-m0001,false,false,
GS-S75-8831,2026-08-12T00:52:00Z,online,62,idle,,false,false,
GS-S75-8831,2026-08-12T00:53:00Z,online,62,idle,,false,false,
GS-S75-8831,2026-08-12T00:54:00Z,online,62,idle,,false,false,
GS-S75-8831,2026-08-12T00:55:00Z,online,62,idle,,false,false,
GS-S75-8831,2026-08-12T00:56:00Z,online,60,active,8831-m0001,false,false,
GS-S75-8831,2026-08-12T00:57:00Z,online,60,idle,,false,false,
GS-S75-8831,2026-08-12T00:58:00Z,online,60,idle,,false,false,
GS-S75-8831,2026-08-12T00:59:00Z,online,60,idle,,false,false,
GS-S75-8831,2026-08-12T01:00:00Z,online,59,idle,,false,false,
GS-S75-8831,2026-08-12T01:01:00Z,online,59,idle,,false,false,
GS-S75-8831,2026-08-12T01:02:00Z,online,58,active,8831-m0002,false,false,
GS-S75-8831,2026-08-12T01:03:00Z,online,58,idle,,false,false,
GS-S75-8831,2026-08-12T01:04:00Z,online,57,idle,,false,false,
GS-S75-8831,2026-08-12T01:05:00Z,online,57,idle,,false,false,
GS-S75-8831,2026-08-12T01:06:00Z,online,56,active,8831-m0002,true,false,
GS-S75-8831,2026-08-12T01:07:00Z,online,56,idle,,false,false,
GS-S75-8831,2026-08-12T01:08:00Z,online,55,idle,,false,false,
GS-S75-8831,2026-08-12T01:09:00Z,online,54,active,8831-m0002,false,false,
GS-S75-8831,2026-08-12T01:10:00Z,online,54,idle,,false,false,
GS-S75-8831,2026-08-12T01:11:00Z,online,54,idle,,false,false,
GS-S75-8831,2026-08-12T01:12:00Z,online,53,idle,,false,false,
GS-S75-8831,2026-08-12T01:13:00Z,online,53,idle,,false,false,
GS-S75-8831,2026-08-12T01:14:00Z,online,53,idle,,false,false,
GS-S75-8831,2026-08-12T01:15:00Z,online,53,idle,,false,false,
GS-S75-8831,2026-08-12T01:16:00Z,online,51,active,8831-m0003,false,false,
GS-S75-8831,2026-08-12T01:17:00Z,online,51,idle,,false,false,
GS-S75-8831,2026-08-12T01:18:00Z,online,51,idle,,false,false,
GS-S75-8831,2026-08-12T01:19:00Z,online,51,idle,,false,false,
GS-S75-8831,2026-08-12T01:20:00Z,online,49,active,8831-m0004,false,false,
GS-S75-8831,2026-08-12T01:21:00Z,online,49,idle,,false,false,
GS-S75-8831,2026-08-12T01:22:00Z,online,49,idle,,false,false,
GS-S75-8831,2026-08-12T01:23:00Z,online,49,idle,,false,false,
GS-S75-8831,2026-08-12T01:24:00Z,online,49,idle,,false,false,
GS-S75-8831,2026-08-12T01:25:00Z,online,48,idle,,false,false,
GS-S75-8831,2026-08-12T01:26:00Z,online,48,idle,,false,false,
GS-S75-8831,2026-08-12T01:27:00Z,online,48,idle,,false,false,
GS-S75-8831,2026-08-12T01:28:00Z,online,48,idle,,false,false,
GS-S75-8831,2026-08-12T01:29:00Z,online,48,idle,,false,false,
GS-S75-8831,2026-08-12T01:30:00Z,online,47,idle,,false,false,
GS-S75-8831,2026-08-12T01:31:00Z,online,47,idle,,false,false,
GS-S75-8831,2026-08-12T01:32:00Z,online,47,idle,,false,false,
GS-S75-8831,2026-08-12T01:33:00Z,online,46,active,8831-m0004,false,false,
GS-S75-8831,2026-08-12T01:34:00Z,online,45,idle,,false,false,
GS-S75-8831,2026-08-12T01:35:00Z,online,45,idle,,false,false,
GS-S75-8831,2026-08-12T01:36:00Z,online,45,idle,,false,false,
GS-S75-8831,2026-08-12T01:37:00Z,online,45,idle,,false,false,
GS-S75-8831,2026-08-12T01:38:00Z,online,45,idle,,false,false,
GS-S75-8831,2026-08-12T01:39:00Z,online,43,active,8831-m0004,false,false,
GS-S75-8831,2026-08-12T01:40:00Z,online,42,active,8831-m0004,false,false,
GS-S75-8831,2026-08-12T01:41:00Z,online,40,active,8831-m0004,false,false,
GS-S75-8831,2026-08-12T01:42:00Z,online,40,idle,,false,false,
GS-S75-8831,2026-08-12T01:43:00Z,online,40,idle,,false,false,
GS-S75-8831,2026-08-12T01:44:00Z,online,39,active,8831-m0005,false,false,
GS-S75-8831,2026-08-12T01:45:00Z,online,38,idle,,false,false,
GS-S75-8831,2026-08-12T01:46:00Z,online,38,idle,,false,false,
GS-S75-8831,2026-08-12T01:47:00Z,online,37,active,8831-m0005,true,false,
GS-S75-8831,2026-08-12T01:48:00Z,online,37,idle,,false,false,
GS-S75-8831,2026-08-12T01:49:00Z,online,36,idle,,false,false,
GS-S75-8831,2026-08-12T01:50:00Z,online,36,idle,,false,false,
GS-S75-8831,2026-08-12T01:51:00Z,online,35,active,8831-m0005,false,false,
GS-S75-8831,2026-08-12T01:52:00Z,online,35,idle,,false,false,
GS-S75-8831,2026-08-12T01:53:00Z,online,34,idle,,false,false,
GS-S75-8831,2026-08-12T01:54:00Z,online,34,idle,,false,false,
GS-S75-8831,2026-08-12T01:55:00Z,online,34,idle,,false,false,
GS-S75-8831,2026-08-12T01:56:00Z,online,34,idle,,false,false,
GS-S75-8831,2026-08-12T01:57:00Z,online,34,idle,,false,false,
GS-S75-8831,2026-08-12T01:58:00Z,online,33,idle,,false,false,
GS-S75-8831,2026-08-12T01:59:00Z,online,33,idle,,false,false,
GS-S75-8831,2026-08-12T02:00:00Z,online,32,active,8831-m0006,false,false,
GS-S75-8831,2026-08-12T02:01:00Z,online,32,idle,,false,false,
GS-S75-8831,2026-08-12T02:02:00Z,online,31,idle,,false,false,
GS-S75-8831,2026-08-12T02:03:00Z,online,31,idle,,false,false,
GS-S75-8831,2026-08-12T02:04:00Z,online,30,active,8831-m0006,true,false,
GS-S75-8831,2026-08-12T02:05:00Z,online,28,active,8831-m0007,false,false,
GS-S75-8831,2026-08-12T02:06:00Z,online,27,active,8831-m0008,true,false,
GS-S75-8831,2026-08-12T02:07:00Z,online,26,active,8831-m0008,false,false,
GS-S75-8831,2026-08-12T02:08:00Z,online,24,active,8831-m0008,false,false,
GS-S75-8831,2026-08-12T02:09:00Z,online,24,idle,,false,false,
GS-S75-8831,2026-08-12T02:10:00Z,online,24,idle,,false,false,
GS-S75-8831,2026-08-12T02:11:00Z,online,24,idle,,false,false,
GS-S75-8831,2026-08-12T02:12:00Z,online,23,idle,,false,false,
GS-S75-8831,2026-08-12T02:13:00Z,online,23,idle,,false,false,
GS-S75-8831,2026-08-12T02:14:00Z,online,23,idle,,false,false,
GS-S75-8831,2026-08-12T02:15:00Z,online,22,active,8831-m0008,false,false,
GS-S75-8831,2026-08-12T02:16:00Z,online,21,idle,,false,false,
GS-S75-8831,2026-08-12T02:17:00Z,online,20,active,8831-m0009,true,false,
GS-S75-8831,2026-08-12T02:18:00Z,online,20,idle,,false,false,
GS-S75-8831,2026-08-12T02:19:00Z,online,20,idle,,false,false,
GS-S75-8831,2026-08-12T02:20:00Z,online,19,idle,,false,false,
GS-S75-8831,2026-08-12T02:21:00Z,online,19,idle,,false,false,
GS-S75-8831,2026-08-12T02:22:00Z,online,18,active,8831-m0009,false,false,
GS-S75-8831,2026-08-12T02:23:00Z,online,18,idle,,false,false,
GS-S75-8831,2026-08-12T02:24:00Z,online,17,idle,,false,false,
GS-S75-8831,2026-08-12T02:25:00Z,online,17,idle,,false,false,
GS-S75-8831,2026-08-12T02:26:00Z,online,17,idle,,false,false,
GS-S75-8831,2026-08-12T02:27:00Z,online,17,idle,,false,false,
GS-S75-8831,2026-08-12T02:28:00Z,online,17,idle,,false,false,
GS-S75-8831,2026-08-12T02:29:00Z,online,16,idle,,false,false,
GS-S75-8831,2026-08-12T02:30:00Z,online,15,active,8831-m0009,false,false,
GS-S75-8831,2026-08-12T02:31:00Z,online,15,idle,,false,false,
GS-S75-8831,2026-08-12T02:32:00Z,online,13,active,8831-m0009,false,false,
GS-S75-8831,2026-08-12T02:33:00Z,online,12,active,8831-m0010,false,false,
GS-S75-8831,2026-08-12T02:34:00Z,online,12,active,8831-m0011,false,false,
GS-S75-8831,2026-08-12T02:35:00Z,online,12,idle,,false,false,
GS-S75-8831,2026-08-12T02:36:00Z,online,12,idle,,false,false,
GS-S75-8831,2026-08-12T02:37:00Z,online,12,idle,,false,false,
GS-S75-8831,2026-08-12T02:38:00Z,online,12,idle,,false,false,
GS-S75-8831,2026-08-12T02:39:00Z,online,12,active,8831-m0012,false,false,
GS-S75-8831,2026-08-12T02:40:00Z,online,12,active,8831-m0012,false,false,
GS-S75-8831,2026-08-12T02:41:00Z,online,12,idle,,false,false,
GS-S75-8831,2026-08-12T02:42:00Z,online,12,idle,,false,false,
GS-S75-8831,2026-08-12T02:43:00Z,online,12,active,8831-m0013,true,false,
GS-S75-8831,2026-08-12T02:44:00Z,online,12,idle,,false,false,
GS-S75-8831,2026-08-12T02:45:00Z,online,12,idle,,false,false,
GS-S75-8831,2026-08-12T02:46:00Z,online,12,idle,,false,false,
GS-S75-8831,2026-08-12T02:47:00Z,online,12,active,8831-m0013,false,false,
GS-S75-8831,2026-08-12T02:48:00Z,online,12,active,8831-m0014,true,false,
GS-S75-8831,2026-08-12T02:49:00Z,online,12,idle,,false,false,
GS-S75-8831,2026-08-12T02:50:00Z,online,12,active,8831-m0014,false,false,
GS-S75-8831,2026-08-12T02:51:00Z,online,12,idle,,false,false,
GS-S75-8831,2026-08-12T02:52:00Z,online,12,idle,,false,false,
GS-S75-8831,2026-08-12T02:53:00Z,online,12,active,8831-m0014,false,false,
GS-S75-8831,2026-08-12T02:54:00Z,online,12,active,8831-m0014,false,false,
GS-S75-8831,2026-08-12T02:55:00Z,online,12,idle,,false,false,
GS-S75-8831,2026-08-12T02:56:00Z,online,12,idle,,false,false,
GS-S75-8831,2026-08-12T02:57:00Z,online,12,idle,,false,false,
GS-S75-8831,2026-08-12T02:58:00Z,online,12,idle,,false,false,
GS-S75-8831,2026-08-12T02:59:00Z,online,12,active,8831-m0015,true,false,
GS-S75-8831,2026-08-12T03:00:00Z,online,12,active,8831-m0015,true,false,
GS-S75-8831,2026-08-12T03:01:00Z,online,12,idle,,false,false,
GS-S75-8831,2026-08-12T03:02:00Z,online,12,idle,,false,false,
GS-S75-8831,2026-08-12T03:03:00Z,online,12,idle,,false,false,
GS-S75-8831,2026-08-12T03:04:00Z,online,12,idle,,false,false,
GS-S75-8831,2026-08-12T03:05:00Z,online,12,idle,,false,false,
GS-S75-8831,2026-08-12T03:06:00Z,online,12,idle,,false,false,
GS-S75-8831,2026-08-12T03:07:00Z,online,12,idle,,false,false,
GS-S75-8831,2026-08-12T03:08:00Z,online,12,idle,,false,false,
GS-S75-8831,2026-08-12T03:09:00Z,online,12,idle,,false,false,
GS-S75-8831,2026-08-12T03:10:00Z,online,12,active,8831-m0015,false,false,
GS-S75-8831,2026-08-12T03:11:00Z,online,12,active,8831-m0016,true,false,
GS-S75-8831,2026-08-12T03:12:00Z,online,12,idle,,false,false,
GS-S75-8831,2026-08-12T03:13:00Z,online,12,active,8831-m0016,true,false,
GS-S75-8831,2026-08-12T03:14:00Z,online,12,idle,,false,false,
GS-S75-8831,2026-08-12T03:15:00Z,online,12,active,8831-m0016,true,false,
GS-S75-8831,2026-08-12T03:16:00Z,online,12,idle,,false,false,
GS-S75-8831,2026-08-12T03:17:00Z,online,12,active,8831-m0016,false,false,
GS-S75-8831,2026-08-12T03:18:00Z,online,12,idle,,false,false,
GS-S75-8831,2026-08-12T03:19:00Z,online,12,idle,,false,false,
GS-S75-8831,2026-08-12T03:20:00Z,online,12,active,8831-m0016,false,false,
GS-S75-8831,2026-08-12T03:21:00Z,online,12,idle,,false,false,
GS-S75-8831,2026-08-12T03:22:00Z,online,12,idle,,false,false,
GS-S75-8831,2026-08-12T03:23:00Z,online,12,idle,,false,false,
GS-S75-8831,2026-08-12T03:24:00Z,online,12,idle,,false,false,
GS-S75-8831,2026-08-12T03:25:00Z,online,12,idle,,false,false,
GS-S75-8831,2026-08-12T03:26:00Z,online,12,active,8831-m0016,false,false,
GS-S75-8831,2026-08-12T03:27:00Z,online,12,idle,,false,false,
GS-S75-8831,2026-08-12T03:28:00Z,online,12,active,8831-m0016,false,false,
GS-S75-8831,2026-08-12T03:29:00Z,online,12,idle,,false,false,
GS-S75-8831,2026-08-12T03:30:00Z,online,12,active,8831-m0017,false,false,
GS-S75-8831,2026-08-12T03:31:00Z,online,12,idle,,false,false,
GS-S75-8831,2026-08-12T03:32:00Z,online,12,idle,,false,false,
GS-S75-8831,2026-08-12T03:33:00Z,online,12,active,8831-m0017,false,false,
GS-S75-8831,2026-08-12T03:34:00Z,online,12,active,8831-m0017,false,false,
GS-S75-8831,2026-08-12T03:35:00Z,online,12,active,8831-m0017,false,false,
GS-S75-8831,2026-08-12T03:36:00Z,online,12,idle,,false,false,
GS-S75-8831,2026-08-12T03:37:00Z,online,12,idle,,false,false,
GS-S75-8831,2026-08-12T03:38:00Z,online,12,idle,,false,false,
GS-S75-8831,2026-08-12T03:39:00Z,online,12,active,8831-m0017,false,false,
GS-S75-8831,2026-08-12T03:40:00Z,online,12,idle,,false,false,
GS-S75-8831,2026-08-12T03:41:00Z,online,12,idle,,false,false,
GS-S75-8831,2026-08-12T03:42:00Z,online,12,idle,,false,false,
GS-S75-8831,2026-08-12T03:43:00Z,online,12,idle,,false,false,
GS-S75-8831,2026-08-12T03:44:00Z,online,12,idle,,false,false,
GS-S75-8831,2026-08-12T03:45:00Z,online,12,idle,,false,false,
GS-S75-8831,2026-08-12T03:46:00Z,online,12,idle,,false,false,
GS-S75-8831,2026-08-12T03:47:00Z,online,12,idle,,false,false,
GS-S75-8831,2026-08-12T03:48:00Z,online,12,idle,,false,false,
GS-S75-8831,2026-08-12T03:49:00Z,online,12,active,8831-m0018,false,false,
GS-S75-8831,2026-08-12T03:50:00Z,online,12,idle,,false,false,
GS-S75-8831,2026-08-12T03:51:00Z,online,12,idle,,false,false,
GS-S75-8831,2026-08-12T03:52:00Z,online,12,idle,,false,false,
GS-S75-8831,2026-08-12T03:53:00Z,online,12,idle,,false,false,
GS-S75-8831,2026-08-12T03:54:00Z,online,12,idle,,false,false,
GS-S75-8831,2026-08-12T03:55:00Z,online,12,active,8831-m0018,false,false,
GS-S75-8831,2026-08-12T03:56:00Z,online,12,idle,,false,false,
GS-S75-8831,2026-08-12T03:57:00Z,online,12,idle,,false,false,
GS-S75-8831,2026-08-12T03:58:00Z,online,12,idle,,false,false,
GS-S75-8831,2026-08-12T03:59:00Z,online,12,idle,,false,false,
GS-S75-8831,2026-08-12T04:00:00Z,online,12,idle,,false,false,
GS-S75-8831,2026-08-12T04:01:00Z,online,12,active,8831-m0018,false,false,
GS-S75-8831,2026-08-12T04:02:00Z,online,12,idle,,false,false,
GS-S75-8831,2026-08-12T04:03:00Z,online,12,idle,,false,false,
GS-S75-8831,2026-08-12T04:04:00Z,online,12,active,8831-m0018,false,false,
GS-S75-8831,2026-08-12T04:05:00Z,online,12,idle,,false,false,
GS-S75-8831,2026-08-12T04:06:00Z,online,12,active,8831-m0018,false,false,
GS-S75-8831,2026-08-12T04:07:00Z,online,12,active,8831-m0018,true,false,
GS-S75-8831,2026-08-12T04:08:00Z,online,12,idle,,false,false,
GS-S75-8831,2026-08-12T04:09:00Z,online,12,idle,,false,false,
GS-S75-8831,2026-08-12T04:10:00Z,online,12,idle,,false,false,
GS-S75-8831,2026-08-12T04:11:00Z,online,12,idle,,false,false,
GS-S75-8831,2026-08-12T04:12:00Z,online,12,idle,,false,false,
GS-S75-8831,2026-08-12T04:13:00Z,online,12,idle,,false,false,
GS-S75-8831,2026-08-12T04:14:00Z,online,12,idle,,false,false,
GS-S75-8831,2026-08-12T04:15:00Z,online,12,idle,,false,false,
GS-S75-8831,2026-08-12T04:16:00Z,online,12,idle,,false,false,
GS-S75-8831,2026-08-12T04:17:00Z,online,12,idle,,false,false,
GS-S75-8831,2026-08-12T04:18:00Z,online,12,active,8831-m0018,false,false,
GS-S75-8831,2026-08-12T04:19:00Z,online,12,active,8831-m0018,true,false,
GS-S75-8831,2026-08-12T04:20:00Z,online,12,idle,,false,false,
GS-S75-8831,2026-08-12T04:21:00Z,online,12,idle,,false,false,
GS-S75-8831,2026-08-12T04:22:00Z,online,12,idle,,false,false,
GS-S75-8831,2026-08-12T04:23:00Z,online,12,idle,,false,false,
GS-S75-8831,2026-08-12T04:24:00Z,online,12,idle,,false,false,
GS-S75-8831,2026-08-12T04:25:00Z,online,12,idle,,false,false,
GS-S75-8831,2026-08-12T04:26:00Z,online,12,active,8831-m0018,false,false,
GS-S75-8831,2026-08-12T04:27:00Z,online,12,active,8831-m0018,true,false,
GS-S75-8831,2026-08-12T04:28:00Z,online,12,active,8831-m0018,true,false,
GS-S75-8831,2026-08-12T04:29:00Z,online,12,idle,,false,false,
GS-S75-8831,2026-08-12T04:30:00Z,online,12,active,8831-m0018,false,false,
GS-S75-8831,2026-08-12T04:31:00Z,online,12,idle,,false,false,
GS-S75-8831,2026-08-12T04:32:00Z,online,12,idle,,false,false,
GS-S75-8831,2026-08-12T04:33:00Z,online,12,idle,,false,false,
GS-S75-8831,2026-08-12T04:34:00Z,online,12,idle,,false,false,
GS-S75-8831,2026-08-12T04:35:00Z,online,12,idle,,false,false,
GS-S75-8831,2026-08-12T04:36:00Z,online,12,idle,,false,false,
GS-S75-8831,2026-08-12T04:37:00Z,online,12,idle,,false,false,
GS-S75-8831,2026-08-12T04:38:00Z,online,12,idle,,false,false,
GS-S75-8831,2026-08-12T04:39:00Z,online,12,idle,,false,false,
GS-S75-8831,2026-08-12T04:40:00Z,online,12,idle,,false,false,
GS-S75-8831,2026-08-12T04:41:00Z,online,12,idle,,false,false,
GS-S75-8831,2026-08-12T04:42:00Z,online,12,idle,,false,false,
GS-S75-8831,2026-08-12T04:43:00Z,online,12,idle,,false,false,
GS-S75-8831,2026-08-12T04:44:00Z,online,12,idle,,false,false,
GS-S75-8831,2026-08-12T04:45:00Z,online,12,idle,,false,false,
GS-S75-8831,2026-08-12T04:46:00Z,online,12,idle,,false,false,
GS-S75-8831,2026-08-12T04:47:00Z,online,12,active,8831-m0018,false,false,
GS-S75-8831,2026-08-12T04:48:00Z,online,12,idle,,false,false,
GS-S75-8831,2026-08-12T04:49:00Z,online,12,idle,,false,false,
GS-S75-8831,2026-08-12T04:50:00Z,online,12,idle,,false,false,
GS-S75-8831,2026-08-12T04:51:00Z,online,12,idle,,false,false,
GS-S75-8831,2026-08-12T04:52:00Z,online,12,active,8831-m0018,false,false,
GS-S75-8831,2026-08-12T04:53:00Z,online,12,idle,,false,false,
GS-S75-8831,2026-08-12T04:54:00Z,online,12,active,8831-m0019,false,false,
GS-S75-8831,2026-08-12T04:55:00Z,online,12,idle,,false,false,
GS-S75-8831,2026-08-12T04:56:00Z,online,12,idle,,false,false,
GS-S75-8831,2026-08-12T04:57:00Z,online,12,active,8831-m0019,false,false,
GS-S75-8831,2026-08-12T04:58:00Z,online,12,idle,,false,false,
GS-S75-8831,2026-08-12T04:59:00Z,online,12,active,8831-m0019,false,false,
GS-S75-8831,2026-08-12T05:00:00Z,online,12,idle,,false,false,
GS-S75-8831,2026-08-12T05:01:00Z,online,12,active,8831-m0019,false,false,
GS-S75-8831,2026-08-12T05:02:00Z,online,12,idle,,false,false,
GS-S75-8831,2026-08-12T05:03:00Z,online,12,idle,,false,false,
GS-S75-8831,2026-08-12T05:04:00Z,online,12,idle,,false,false,
GS-S75-8831,2026-08-12T05:05:00Z,online,12,idle,,false,false,
GS-S75-8831,2026-08-12T05:06:00Z,online,12,idle,,false,false,
GS-S75-8831,2026-08-12T05:07:00Z,online,12,idle,,false,false,
GS-S75-8831,2026-08-12T05:08:00Z,online,12,idle,,false,false,
GS-S75-8831,2026-08-12T05:09:00Z,online,12,idle,,false,false,
GS-S75-8831,2026-08-12T05:10:00Z,online,12,idle,,false,false,
GS-S75-8831,2026-08-12T05:11:00Z,online,12,idle,,false,false,
GS-S75-8831,2026-08-12T05:12:00Z,online,12,active,8831-m0019,true,false,
GS-S75-8831,2026-08-12T05:13:00Z,online,12,active,8831-m0019,false,false,
GS-S75-8831,2026-08-12T05:14:00Z,online,12,active,8831-m0019,false,false,
GS-S75-8831,2026-08-12T05:15:00Z,online,12,idle,,false,false,
GS-S75-8831,2026-08-12T05:16:00Z,online,12,idle,,false,false,
GS-S75-8831,2026-08-12T05:17:00Z,online,12,idle,,false,false,
GS-S75-8831,2026-08-12T05:18:00Z,online,12,idle,,false,false,
GS-S75-8831,2026-08-12T05:19:00Z,online,12,active,8831-m0020,false,false,
GS-S75-8831,2026-08-12T05:20:00Z,online,12,idle,,false,false,
GS-S75-8831,2026-08-12T05:21:00Z,online,12,active,8831-m0021,false,false,
GS-S75-8831,2026-08-12T05:22:00Z,online,12,active,8831-m0021,false,false,
GS-S75-8831,2026-08-12T05:23:00Z,online,12,idle,,false,false,
GS-S75-8831,2026-08-12T05:24:00Z,online,12,idle,,false,false,
GS-S75-8831,2026-08-12T05:25:00Z,online,12,idle,,false,false,
GS-S75-8831,2026-08-12T05:26:00Z,online,12,idle,,false,false,
GS-S75-8831,2026-08-12T05:27:00Z,online,12,idle,,false,false,
GS-S75-8831,2026-08-12T05:28:00Z,online,12,idle,,false,false,
GS-S75-8831,2026-08-12T05:29:00Z,online,12,idle,,false,false,
GS-S75-8831,2026-08-12T05:30:00Z,online,12,active,8831-m0021,true,false,
GS-S75-8831,2026-08-12T05:31:00Z,online,12,active,8831-m0021,false,false,
GS-S75-8831,2026-08-12T05:32:00Z,online,12,idle,,false,false,
GS-S75-8831,2026-08-12T05:33:00Z,online,12,active,8831-m0021,true,false,
GS-S75-8831,2026-08-12T05:34:00Z,online,12,active,8831-m0021,true,false,
GS-S75-8831,2026-08-12T05:35:00Z,online,12,idle,,false,false,
GS-S75-8831,2026-08-12T05:36:00Z,online,12,idle,,false,false,
GS-S75-8831,2026-08-12T05:37:00Z,online,12,idle,,false,false,
GS-S75-8831,2026-08-12T05:38:00Z,online,12,idle,,false,false,
GS-S75-8831,2026-08-12T05:39:00Z,online,12,idle,,false,false,
GS-S75-8831,2026-08-12T05:40:00Z,online,12,idle,,false,false,
GS-S75-8831,2026-08-12T05:41:00Z,online,12,idle,,false,false,
GS-S75-8831,2026-08-12T05:42:00Z,online,12,idle,,false,false,
GS-S75-8831,2026-08-12T05:43:00Z,online,12,active,8831-m0021,false,false,
GS-S75-8831,2026-08-12T05:44:00Z,online,12,active,8831-m0021,false,false,
GS-S75-8831,2026-08-12T05:45:00Z,online,12,active,8831-m0022,false,false,
GS-S75-8831,2026-08-12T05:46:00Z,online,12,idle,,false,false,
GS-S75-8831,2026-08-12T05:47:00Z,online,12,active,8831-m0022,false,false,
GS-S75-8831,2026-08-12T05:48:00Z,online,12,idle,,false,false,
GS-S75-8831,2026-08-12T05:49:00Z,online,12,idle,,false,false,
GS-S75-8831,2026-08-12T05:50:00Z,online,12,idle,,false,false,
GS-S75-8831,2026-08-12T05:51:00Z,online,12,idle,,false,false,
GS-S75-8831,2026-08-12T05:52:00Z,online,12,idle,,false,false,
GS-S75-8831,2026-08-12T05:53:00Z,online,12,active,8831-m0023,false,false,
GS-S75-8831,2026-08-12T05:54:00Z,online,12,idle,,false,false,
GS-S75-8831,2026-08-12T05:55:00Z,online,12,idle,,false,false,
GS-S75-8831,2026-08-12T05:56:00Z,online,12,idle,,false,false,
GS-S75-8831,2026-08-12T05:57:00Z,online,12,active,8831-m0023,true,false,
GS-S75-8831,2026-08-12T05:58:00Z,online,12,active,8831-m0023,false,false,
GS-S75-8831,2026-08-12T05:59:00Z,online,12,active,8831-m0023,false,false,
GS-S75-8831,2026-08-12T06:00:00Z,online,12,idle,,false,false,
GS-S75-8831,2026-08-12T06:01:00Z,online,12,idle,,false,false,
GS-S75-8831,2026-08-12T06:02:00Z,online,12,idle,,false,false,
GS-S75-8831,2026-08-12T06:03:00Z,online,12,idle,,false,false,
GS-S75-8831,2026-08-12T06:04:00Z,online,12,active,8831-m0023,false,false,
GS-S75-8831,2026-08-12T06:05:00Z,online,12,idle,,false,false,
GS-S75-8831,2026-08-12T06:06:00Z,online,12,idle,,false,false,
GS-S75-8831,2026-08-12T06:07:00Z,online,12,idle,,false,false,
GS-S75-8831,2026-08-12T06:08:00Z,online,12,active,8831-m0023,false,false,
GS-S75-8831,2026-08-12T06:09:00Z,online,12,idle,,false,false,
GS-S75-8831,2026-08-12T06:10:00Z,online,12,idle,,false,false,
GS-S75-8831,2026-08-12T06:11:00Z,online,12,active,8831-m0023,true,false,
GS-S75-8831,2026-08-12T06:12:00Z,online,12,idle,,false,false,
GS-S75-8831,2026-08-12T06:13:00Z,online,12,idle,,false,false,
GS-S75-8831,2026-08-12T06:14:00Z,online,12,idle,,false,false,
GS-S75-8831,2026-08-12T06:15:00Z,online,12,idle,,false,false,
GS-S75-8831,2026-08-12T06:16:00Z,online,12,idle,,false,false,
GS-S75-8831,2026-08-12T06:17:00Z,online,12,idle,,false,false,
GS-S75-8831,2026-08-12T06:18:00Z,online,12,idle,,false,false,
GS-S75-8831,2026-08-12T06:19:00Z,online,12,idle,,false,false,
GS-S75-8831,2026-08-12T06:20:00Z,online,12,idle,,false,false,
GS-S75-8831,2026-08-12T06:21:00Z,online,12,idle,,false,false,
GS-S75-8831,2026-08-12T06:22:00Z,online,12,idle,,false,false,
GS-S75-8831,2026-08-12T06:23:00Z,online,12,idle,,false,false,
GS-S75-8831,2026-08-12T06:24:00Z,online,12,active,8831-m0023,false,false,
GS-S75-8831,2026-08-12T06:25:00Z,online,12,idle,,false,false,
GS-S75-8831,2026-08-12T06:26:00Z,online,12,idle,,false,false,
GS-S75-8831,2026-08-12T06:27:00Z,online,12,idle,,false,false,
GS-S75-8831,2026-08-12T06:28:00Z,online,12,idle,,false,false,
GS-S75-8831,2026-08-12T06:29:00Z,online,12,idle,,false,false,
GS-S75-8831,2026-08-12T06:30:00Z,online,12,idle,,false,false,
GS-S75-8831,2026-08-12T06:31:00Z,online,12,idle,,false,false,
GS-S75-8831,2026-08-12T06:32:00Z,online,12,idle,,false,false,
GS-S75-8831,2026-08-12T06:33:00Z,online,12,idle,,false,false,
GS-S75-8831,2026-08-12T06:34:00Z,online,12,idle,,false,false,
GS-S75-8831,2026-08-12T06:35:00Z,online,12,active,8831-m0023,false,false,
GS-S75-8831,2026-08-12T06:36:00Z,online,12,idle,,false,false,
GS-S75-8831,2026-08-12T06:37:00Z,online,12,active,8831-m0024,false,false,
GS-S75-8831,2026-08-12T06:38:00Z,online,12,idle,,false,false,
GS-S75-8831,2026-08-12T06:39:00Z,online,12,idle,,false,false,
GS-S75-8831,2026-08-12T06:40:00Z,online,12,idle,,false,false,
GS-S75-8831,2026-08-12T06:41:00Z,online,12,idle,,false,false,
GS-S75-8831,2026-08-12T06:42:00Z,online,12,idle,,false,false,
GS-S75-8831,2026-08-12T06:43:00Z,online,12,active,8831-m0024,false,false,
GS-S75-8831,2026-08-12T06:44:00Z,online,12,idle,,false,false,
GS-S75-8831,2026-08-12T06:45:00Z,online,12,idle,,false,false,
GS-S75-8831,2026-08-12T06:46:00Z,online,12,active,8831-m0024,false,false,
GS-S75-8831,2026-08-12T06:47:00Z,online,12,idle,,false,false,
GS-S75-8831,2026-08-12T06:48:00Z,online,12,idle,,false,false,
GS-S75-8831,2026-08-12T06:49:00Z,online,12,idle,,false,false,
GS-S75-8831,2026-08-12T06:50:00Z,online,12,idle,,false,false,
GS-S75-8831,2026-08-12T06:51:00Z,online,12,idle,,false,false,
GS-S75-8831,2026-08-12T06:52:00Z,online,12,idle,,false,false,
GS-S75-8831,2026-08-12T06:53:00Z,online,12,idle,,false,false,
GS-S75-8831,2026-08-12T06:54:00Z,online,12,idle,,false,false,
GS-S75-8831,2026-08-12T06:55:00Z,online,12,active,8831-m0024,false,false,
GS-S75-8831,2026-08-12T06:56:00Z,online,12,idle,,false,false,
GS-S75-8831,2026-08-12T06:57:00Z,online,12,active,8831-m0025,false,false,
GS-S75-8831,2026-08-12T06:58:00Z,online,12,idle,,false,false,
GS-S75-8831,2026-08-12T06:59:00Z,online,12,active,8831-m0025,false,false,
GS-S75-8831,2026-08-12T07:00:00Z,online,15,charging,,false,true,
GS-S75-8831,2026-08-12T07:01:00Z,online,18,charging,,false,true,
GS-S75-8831,2026-08-12T07:02:00Z,online,21,charging,,false,true,
GS-S75-8831,2026-08-12T07:03:00Z,online,24,charging,,false,true,
GS-S75-8831,2026-08-12T07:04:00Z,online,27,charging,,false,true,
GS-S75-8831,2026-08-12T07:05:00Z,online,30,charging,,false,true,
GS-S75-8831,2026-08-12T07:06:00Z,online,33,charging,,false,true,
GS-S75-8831,2026-08-12T07:07:00Z,online,36,charging,,false,true,
GS-S75-8831,2026-08-12T07:08:00Z,online,39,charging,,false,true,
GS-S75-8831,2026-08-12T07:09:00Z,online,42,charging,,false,true,
GS-S75-8831,2026-08-12T07:10:00Z,online,45,charging,,false,true,
GS-S75-8831,2026-08-12T07:11:00Z,online,48,charging,,false,true,
GS-S75-8831,2026-08-12T07:12:00Z,online,51,charging,,false,true,
GS-S75-8831,2026-08-12T07:13:00Z,online,54,charging,,false,true,
GS-S75-8831,2026-08-12T07:14:00Z,online,57,charging,,false,true,
GS-S75-8831,2026-08-12T07:15:00Z,online,60,charging,,false,true,
GS-S75-8831,2026-08-12T07:16:00Z,online,63,charging,,false,true,
GS-S75-8831,2026-08-12T07:17:00Z,online,66,charging,,false,true,
GS-S75-8831,2026-08-12T07:18:00Z,online,69,charging,,false,true,
GS-S75-8831,2026-08-12T07:19:00Z,online,72,charging,,false,true,
GS-S75-8831,2026-08-12T07:20:00Z,online,75,charging,,false,true,
GS-S75-8831,2026-08-12T07:21:00Z,online,78,charging,,false,true,
GS-S75-8831,2026-08-12T07:22:00Z,online,81,charging,,false,true,
GS-S75-8831,2026-08-12T07:23:00Z,online,84,charging,,false,true,
GS-S75-8831,2026-08-12T07:24:00Z,online,87,charging,,false,true,
GS-S75-8831,2026-08-12T07:25:00Z,online,90,charging,,false,true,
GS-S75-8831,2026-08-12T07:26:00Z,online,90,idle,,false,false,
GS-S75-8831,2026-08-12T07:27:00Z,online,93,charging,,false,true,
GS-S75-8831,2026-08-12T07:28:00Z,online,93,idle,,false,false,
GS-S75-8831,2026-08-12T07:29:00Z,online,92,idle,,false,false,
GS-S75-8831,2026-08-12T07:30:00Z,online,92,idle,,false,false,
GS-S75-8831,2026-08-12T07:31:00Z,online,92,idle,,false,false,
GS-S75-8831,2026-08-12T07:32:00Z,online,92,idle,,false,false,
GS-S75-8831,2026-08-12T07:33:00Z,online,92,idle,,false,false,
GS-S75-8831,2026-08-12T07:34:00Z,online,91,idle,,false,false,
GS-S75-8831,2026-08-12T07:35:00Z,online,91,idle,,false,false,
GS-S75-8831,2026-08-12T07:36:00Z,online,91,idle,,false,false,
GS-S75-8831,2026-08-12T07:37:00Z,online,91,idle,,false,false,
GS-S75-8831,2026-08-12T07:38:00Z,online,91,idle,,false,false,
GS-S75-8831,2026-08-12T07:39:00Z,online,90,idle,,false,false,
GS-S75-8831,2026-08-12T07:40:00Z,online,90,idle,,false,false,
GS-S75-8831,2026-08-12T07:41:00Z,online,90,idle,,false,false,
GS-S75-8831,2026-08-12T07:42:00Z,online,93,charging,,false,true,
GS-S75-8831,2026-08-12T07:43:00Z,online,93,idle,,false,false,
GS-S75-8831,2026-08-12T07:44:00Z,online,93,idle,,false,false,
GS-S75-8831,2026-08-12T07:45:00Z,online,92,idle,,false,false,
GS-S75-8831,2026-08-12T07:46:00Z,online,92,idle,,false,false,
GS-S75-8831,2026-08-12T07:47:00Z,online,92,idle,,false,false,
GS-S75-8831,2026-08-12T07:48:00Z,online,92,idle,,false,false,
GS-S75-8831,2026-08-12T07:49:00Z,online,92,idle,,false,false,
GS-S75-8831,2026-08-12T07:50:00Z,online,91,idle,,false,false,
GS-S75-8831,2026-08-12T07:51:00Z,online,91,idle,,false,false,
GS-S75-8831,2026-08-12T07:52:00Z,online,91,idle,,false,false,
GS-S75-8831,2026-08-12T07:53:00Z,online,91,idle,,false,false,
GS-S75-8831,2026-08-12T07:54:00Z,online,91,idle,,false,false,
GS-S75-8831,2026-08-12T07:55:00Z,offline,90,,,false,false,
GS-S75-8831,2026-08-12T07:56:00Z,online,90,idle,,false,false,
GS-S75-8831,2026-08-12T07:57:00Z,online,90,idle,,false,false,
GS-S75-8831,2026-08-12T07:58:00Z,online,93,charging,,false,true,
GS-S75-8831,2026-08-12T07:59:00Z,online,93,idle,,false,false,
GS-S75-8831,2026-08-12T08:00:00Z,online,93,idle,,false,false,
GS-S75-8831,2026-08-12T08:01:00Z,online,92,idle,,false,false,
GS-S75-8831,2026-08-12T08:02:00Z,online,92,idle,,false,false,
GS-S75-8831,2026-08-12T08:03:00Z,online,92,idle,,false,false,
GS-S75-8831,2026-08-12T08:04:00Z,online,92,idle,,false,false,
GS-S75-8831,2026-08-12T08:05:00Z,online,92,idle,,false,false,
GS-S75-8831,2026-08-12T08:06:00Z,online,91,idle,,false,false,
GS-S75-8831,2026-08-12T08:07:00Z,online,91,idle,,false,false,
GS-S75-8831,2026-08-12T08:08:00Z,online,91,idle,,false,false,
GS-S75-8831,2026-08-12T08:09:00Z,online,91,idle,,false,false,
GS-S75-8831,2026-08-12T08:10:00Z,online,91,idle,,false,false,
GS-S75-8831,2026-08-12T08:11:00Z,online,90,idle,,false,false,
GS-S75-8831,2026-08-12T08:12:00Z,online,90,idle,,false,false,
GS-S75-8831,2026-08-12T08:13:00Z,online,90,idle,,false,false,
GS-S75-8831,2026-08-12T08:14:00Z,online,93,charging,,false,true,
GS-S75-8831,2026-08-12T08:15:00Z,online,93,idle,,false,false,
GS-S75-8831,2026-08-12T08:16:00Z,online,93,idle,,false,false,
GS-S75-8831,2026-08-12T08:17:00Z,online,92,idle,,false,false,
GS-S75-8831,2026-08-12T08:18:00Z,offline,92,,,false,false,
GS-S75-8831,2026-08-12T08:19:00Z,online,92,idle,,false,false,
GS-S75-8831,2026-08-12T08:20:00Z,online,92,idle,,false,false,
GS-S75-8831,2026-08-12T08:21:00Z,online,92,idle,,false,false,
GS-S75-8831,2026-08-12T08:22:00Z,online,91,idle,,false,false,
GS-S75-8831,2026-08-12T08:23:00Z,online,91,idle,,false,false,
GS-S75-8831,2026-08-12T08:24:00Z,online,91,idle,,false,false,
GS-S75-8831,2026-08-12T08:25:00Z,online,91,idle,,false,false,
GS-S75-8831,2026-08-12T08:26:00Z,online,91,idle,,false,false,
GS-S75-8831,2026-08-12T08:27:00Z,online,90,idle,,false,false,
GS-S75-8831,2026-08-12T08:28:00Z,offline,90,,,false,false,
GS-S75-8831,2026-08-12T08:29:00Z,online,90,idle,,false,false,
GS-S75-8831,2026-08-12T08:30:00Z,online,93,charging,,false,true,
GS-S75-8831,2026-08-12T08:31:00Z,online,93,idle,,false,false,
GS-S75-8831,2026-08-12T08:32:00Z,online,93,idle,,false,false,
GS-S75-8831,2026-08-12T08:33:00Z,online,92,idle,,false,false,
GS-S75-8831,2026-08-12T08:34:00Z,online,92,idle,,false,false,
GS-S75-8831,2026-08-12T08:35:00Z,online,92,idle,,false,false,
GS-S75-8831,2026-08-12T08:36:00Z,online,92,idle,,false,false,
GS-S75-8831,2026-08-12T08:37:00Z,offline,92,,,false,false,
GS-S75-8831,2026-08-12T08:38:00Z,online,91,idle,,false,false,
GS-S75-8831,2026-08-12T08:39:00Z,online,91,idle,,false,false,
GS-S75-8831,2026-08-12T08:40:00Z,online,91,idle,,false,false,
GS-S75-8831,2026-08-12T08:41:00Z,online,91,idle,,false,false,
GS-S75-8831,2026-08-12T08:42:00Z,online,91,idle,,false,false,
GS-S75-8831,2026-08-12T08:43:00Z,offline,90,,,false,false,
GS-S75-8831,2026-08-12T08:44:00Z,online,90,idle,,false,false,
GS-S75-8831,2026-08-12T08:45:00Z,online,90,idle,,false,false,
GS-S75-8831,2026-08-12T08:46:00Z,online,93,charging,,false,true,
GS-S75-8831,2026-08-12T08:47:00Z,online,93,idle,,false,false,
GS-S75-8831,2026-08-12T08:48:00Z,offline,93,,,false,false,
GS-S75-8831,2026-08-12T08:49:00Z,online,92,idle,,false,false,
GS-S75-8831,2026-08-12T08:50:00Z,online,92,idle,,false,false,
GS-S75-8831,2026-08-12T08:51:00Z,online,92,idle,,false,false,
GS-S75-8831,2026-08-12T08:52:00Z,online,92,idle,,false,false,
GS-S75-8831,2026-08-12T08:53:00Z,online,92,idle,,false,false,
GS-S75-8831,2026-08-12T08:54:00Z,online,91,idle,,false,false,
GS-S75-8831,2026-08-12T08:55:00Z,online,91,idle,,false,false,
GS-S75-8831,2026-08-12T08:56:00Z,online,91,idle,,false,false,
GS-S75-8831,2026-08-12T08:57:00Z,online,91,idle,,false,false,
GS-S75-8831,2026-08-12T08:58:00Z,online,91,idle,,false,false,
GS-S75-8831,2026-08-12T08:59:00Z,online,90,idle,,false,false,
GS-S75-8831,2026-08-12T09:00:00Z,online,90,idle,,false,false,
GS-S75-8831,2026-08-12T09:01:00Z,online,90,idle,,false,false,
GS-S75-8831,2026-08-12T09:02:00Z,online,93,charging,,false,true,
GS-S75-8831,2026-08-12T09:03:00Z,online,93,idle,,false,false,
GS-S75-8831,2026-08-12T09:04:00Z,online,93,idle,,false,false,
GS-S75-8831,2026-08-12T09:05:00Z,online,92,idle,,false,false,
GS-S75-8831,2026-08-12T09:06:00Z,online,92,idle,,false,false,
GS-S75-8831,2026-08-12T09:07:00Z,online,92,idle,,false,false,
GS-S75-8831,2026-08-12T09:08:00Z,online,92,idle,,false,false,
GS-S75-8831,2026-08-12T09:09:00Z,online,92,idle,,false,false,
GS-S75-8831,2026-08-12T09:10:00Z,online,91,idle,,false,false,
GS-S75-8831,2026-08-12T09:11:00Z,online,91,idle,,false,false,
GS-S75-8831,2026-08-12T09:12:00Z,online,91,idle,,false,false,
GS-S75-8831,2026-08-12T09:13:00Z,online,91,idle,,false,false,
GS-S75-8831,2026-08-12T09:14:00Z,online,91,idle,,false,false,
GS-S75-8831,2026-08-12T09:15:00Z,online,90,idle,,false,false,
GS-S75-8831,2026-08-12T09:16:00Z,online,90,idle,,false,false,
GS-S75-8831,2026-08-12T09:17:00Z,online,90,idle,,false,false,
GS-S75-8831,2026-08-12T09:18:00Z,online,93,charging,,false,true,
GS-S75-8831,2026-08-12T09:19:00Z,online,93,idle,,false,false,
GS-S75-8831,2026-08-12T09:20:00Z,online,93,idle,,false,false,
GS-S75-8831,2026-08-12T09:21:00Z,online,92,idle,,false,false,
GS-S75-8831,2026-08-12T09:22:00Z,online,92,idle,,false,false,
GS-S75-8831,2026-08-12T09:23:00Z,online,92,idle,,false,false,
GS-S75-8831,2026-08-12T09:24:00Z,online,92,idle,,false,false,
GS-S75-8831,2026-08-12T09:25:00Z,online,92,idle,,false,false,
GS-S75-8831,2026-08-12T09:26:00Z,online,91,idle,,false,false,
GS-S75-8831,2026-08-12T09:27:00Z,online,91,idle,,false,false,
GS-S75-8831,2026-08-12T09:28:00Z,online,91,idle,,false,false,
GS-S75-8831,2026-08-12T09:29:00Z,online,91,idle,,false,false,
GS-S75-8831,2026-08-12T09:30:00Z,online,91,idle,,false,false,
GS-S75-8831,2026-08-12T09:31:00Z,online,90,idle,,false,false,
GS-S75-8831,2026-08-12T09:32:00Z,online,90,idle,,false,false,
GS-S75-8831,2026-08-12T09:33:00Z,online,90,idle,,false,false,
GS-S75-8831,2026-08-12T09:34:00Z,online,93,charging,,false,true,
GS-S75-8831,2026-08-12T09:35:00Z,offline,93,,,false,false,
GS-S75-8831,2026-08-12T09:36:00Z,online,93,idle,,false,false,
GS-S75-8831,2026-08-12T09:37:00Z,online,92,idle,,false,false,
GS-S75-8831,2026-08-12T09:38:00Z,online,92,idle,,false,false,
GS-S75-8831,2026-08-12T09:39:00Z,online,92,idle,,false,false,
GS-S75-8831,2026-08-12T09:40:00Z,online,92,idle,,false,false,
GS-S75-8831,2026-08-12T09:41:00Z,online,92,idle,,false,false,
GS-S75-8831,2026-08-12T09:42:00Z,online,91,idle,,false,false,
GS-S75-8831,2026-08-12T09:43:00Z,online,91,idle,,false,false,
GS-S75-8831,2026-08-12T09:44:00Z,online,91,idle,,false,false,
GS-S75-8831,2026-08-12T09:45:00Z,online,91,idle,,false,false,
GS-S75-8831,2026-08-12T09:46:00Z,online,91,idle,,false,false,
GS-S75-8831,2026-08-12T09:47:00Z,online,90,idle,,false,false,
GS-S75-8831,2026-08-12T09:48:00Z,online,90,idle,,false,false,
GS-S75-8831,2026-08-12T09:49:00Z,online,90,idle,,false,false,
GS-S75-8831,2026-08-12T09:50:00Z,online,93,charging,,false,true,
GS-S75-8831,2026-08-12T09:51:00Z,online,93,idle,,false,false,
GS-S75-8831,2026-08-12T09:52:00Z,online,93,idle,,false,false,
GS-S75-8831,2026-08-12T09:53:00Z,online,92,idle,,false,false,
GS-S75-8831,2026-08-12T09:54:00Z,online,92,idle,,false,false,
GS-S75-8831,2026-08-12T09:55:00Z,online,92,idle,,false,false,
GS-S75-8831,2026-08-12T09:56:00Z,online,92,idle,,false,false,
GS-S75-8831,2026-08-12T09:57:00Z,online,92,idle,,false,false,
GS-S75-8831,2026-08-12T09:58:00Z,online,91,idle,,false,false,
GS-S75-8831,2026-08-12T09:59:00Z,online,91,idle,,false,false,
GS-S75-8831,2026-08-12T10:00:00Z,online,91,idle,,false,false,
GS-S75-8831,2026-08-12T10:01:00Z,online,91,idle,,false,false,
GS-S75-8831,2026-08-12T10:02:00Z,online,91,idle,,false,false,
GS-S75-8831,2026-08-12T10:03:00Z,online,90,idle,,false,false,
GS-S75-8831,2026-08-12T10:04:00Z,online,90,idle,,false,false,
GS-S75-8831,2026-08-12T10:05:00Z,online,90,idle,,false,false,
GS-S75-8831,2026-08-12T10:06:00Z,online,93,charging,,false,true,
GS-S75-8831,2026-08-12T10:07:00Z,online,93,idle,,false,false,
GS-S75-8831,2026-08-12T10:08:00Z,online,93,idle,,false,false,
GS-S75-8831,2026-08-12T10:09:00Z,online,92,idle,,false,false,
GS-S75-8831,2026-08-12T10:10:00Z,online,92,idle,,false,false,
GS-S75-8831,2026-08-12T10:11:00Z,online,92,idle,,false,false,
GS-S75-8831,2026-08-12T10:12:00Z,online,92,idle,,false,false,
GS-S75-8831,2026-08-12T10:13:00Z,online,92,idle,,false,false,
GS-S75-8831,2026-08-12T10:14:00Z,online,91,idle,,false,false,
GS-S75-8831,2026-08-12T10:15:00Z,online,91,idle,,false,false,
GS-S75-8831,2026-08-12T10:16:00Z,online,91,idle,,false,false,
GS-S75-8831,2026-08-12T10:17:00Z,online,91,idle,,false,false,
GS-S75-8831,2026-08-12T10:18:00Z,online,91,idle,,false,false,
GS-S75-8831,2026-08-12T10:19:00Z,online,90,idle,,false,false,
GS-S75-8831,2026-08-12T10:20:00Z,online,90,idle,,false,false,
GS-S75-8831,2026-08-12T10:21:00Z,online,90,idle,,false,false,
GS-S75-8831,2026-08-12T10:22:00Z,online,93,charging,,false,true,
GS-S75-8831,2026-08-12T10:23:00Z,online,93,idle,,false,false,
GS-S75-8831,2026-08-12T10:24:00Z,online,93,idle,,false,false,
GS-S75-8831,2026-08-12T10:25:00Z,online,92,idle,,false,false,
GS-S75-8831,2026-08-12T10:26:00Z,online,92,idle,,false,false,
GS-S75-8831,2026-08-12T10:27:00Z,online,92,idle,,false,false,
GS-S75-8831,2026-08-12T10:28:00Z,online,92,idle,,false,false,
GS-S75-8831,2026-08-12T10:29:00Z,online,92,idle,,false,false,
GS-S75-8831,2026-08-12T10:30:00Z,online,91,idle,,false,false,
GS-S75-8831,2026-08-12T10:31:00Z,online,91,idle,,false,false,
GS-S75-8831,2026-08-12T10:32:00Z,online,91,idle,,false,false,
GS-S75-8831,2026-08-12T10:33:00Z,online,91,idle,,false,false,
GS-S75-8831,2026-08-12T10:34:00Z,online,91,idle,,false,false,
GS-S75-8831,2026-08-12T10:35:00Z,online,90,idle,,false,false,
GS-S75-8831,2026-08-12T10:36:00Z,online,90,idle,,false,false,
GS-S75-8831,2026-08-12T10:37:00Z,online,90,idle,,false,false,
GS-S75-8831,2026-08-12T10:38:00Z,online,93,charging,,false,true,
GS-S75-8831,2026-08-12T10:39:00Z,online,93,idle,,false,false,
GS-S75-8831,2026-08-12T10:40:00Z,online,93,idle,,false,false,
GS-S75-8831,2026-08-12T10:41:00Z,online,92,idle,,false,false,
GS-S75-8831,2026-08-12T10:42:00Z,online,92,idle,,false,false,
GS-S75-8831,2026-08-12T10:43:00Z,online,92,idle,,false,false,
GS-S75-8831,2026-08-12T10:44:00Z,online,92,idle,,false,false,
GS-S75-8831,2026-08-12T10:45:00Z,online,92,idle,,false,false,
GS-S75-8831,2026-08-12T10:46:00Z,online,91,idle,,false,false,
GS-S75-8831,2026-08-12T10:47:00Z,online,91,idle,,false,false,
GS-S75-8831,2026-08-12T10:48:00Z,online,91,idle,,false,false,
GS-S75-8831,2026-08-12T10:49:00Z,online,91,idle,,false,false,
GS-S75-8831,2026-08-12T10:50:00Z,online,91,idle,,false,false,
GS-S75-8831,2026-08-12T10:51:00Z,online,90,idle,,false,false,
GS-S75-8831,2026-08-12T10:52:00Z,online,90,idle,,false,false,
GS-S75-8831,2026-08-12T10:53:00Z,online,90,idle,,false,false,
GS-S75-8831,2026-08-12T10:54:00Z,online,93,charging,,false,true,
GS-S75-8831,2026-08-12T10:55:00Z,online,93,idle,,false,false,
GS-S75-8831,2026-08-12T10:56:00Z,online,93,idle,,false,false,
GS-S75-8831,2026-08-12T10:57:00Z,online,92,idle,,false,false,
GS-S75-8831,2026-08-12T10:58:00Z,online,92,idle,,false,false,
GS-S75-8831,2026-08-12T10:59:00Z,online,92,idle,,false,false,
GS-S75-8831,2026-08-12T11:00:00Z,online,92,idle,,false,false,
GS-S75-8831,2026-08-12T11:01:00Z,online,92,idle,,false,false,
GS-S75-8831,2026-08-12T11:02:00Z,online,91,idle,,false,false,
GS-S75-8831,2026-08-12T11:03:00Z,online,91,idle,,false,false,
GS-S75-8831,2026-08-12T11:04:00Z,online,91,idle,,false,false,
GS-S75-8831,2026-08-12T11:05:00Z,offline,91,,,false,false,
GS-S75-8831,2026-08-12T11:06:00Z,online,91,idle,,false,false,
GS-S75-8831,2026-08-12T11:07:00Z,online,90,idle,,false,false,
GS-S75-8831,2026-08-12T11:08:00Z,online,90,idle,,false,false,
GS-S75-8831,2026-08-12T11:09:00Z,online,90,idle,,false,false,
GS-S75-8831,2026-08-12T11:10:00Z,online,93,charging,,false,true,
GS-S75-8831,2026-08-12T11:11:00Z,online,93,idle,,false,false,
GS-S75-8831,2026-08-12T11:12:00Z,online,93,idle,,false,false,
GS-S75-8831,2026-08-12T11:13:00Z,online,92,idle,,false,false,
GS-S75-8831,2026-08-12T11:14:00Z,online,92,idle,,false,false,
GS-S75-8831,2026-08-12T11:15:00Z,online,92,idle,,false,false,
GS-S75-8831,2026-08-12T11:16:00Z,online,92,idle,,false,false,
GS-S75-8831,2026-08-12T11:17:00Z,online,92,idle,,false,false,
GS-S75-8831,2026-08-12T11:18:00Z,online,91,idle,,false,false,
GS-S75-8831,2026-08-12T11:19:00Z,online,91,idle,,false,false,
GS-S75-8831,2026-08-12T11:20:00Z,online,91,idle,,false,false,
GS-S75-8831,2026-08-12T11:21:00Z,online,91,idle,,false,false,
GS-S75-8831,2026-08-12T11:22:00Z,online,91,idle,,false,false,
GS-S75-8831,2026-08-12T11:23:00Z,offline,90,,,false,false,
GS-S75-8831,2026-08-12T11:24:00Z,online,90,idle,,false,false,
GS-S75-8831,2026-08-12T11:25:00Z,online,90,idle,,false,false,
GS-S75-8831,2026-08-12T11:26:00Z,online,93,charging,,false,true,
GS-S75-8831,2026-08-12T11:27:00Z,online,93,idle,,false,false,
GS-S75-8831,2026-08-12T11:28:00Z,online,93,idle,,false,false,
GS-S75-8831,2026-08-12T11:29:00Z,online,92,idle,,false,false,
GS-S75-8831,2026-08-12T11:30:00Z,online,92,idle,,false,false,
GS-S75-8831,2026-08-12T11:31:00Z,online,92,idle,,false,false,
GS-S75-8831,2026-08-12T11:32:00Z,offline,92,,,false,false,
GS-S75-8831,2026-08-12T11:33:00Z,online,92,idle,,false,false,
GS-S75-8831,2026-08-12T11:34:00Z,online,91,idle,,false,false,
GS-S75-8831,2026-08-12T11:35:00Z,online,91,idle,,false,false,
GS-S75-8831,2026-08-12T11:36:00Z,online,91,idle,,false,false,
GS-S75-8831,2026-08-12T11:37:00Z,online,91,idle,,false,false,
GS-S75-8831,2026-08-12T11:38:00Z,online,91,idle,,false,false,
GS-S75-8831,2026-08-12T11:39:00Z,online,90,idle,,false,false,
GS-S75-8831,2026-08-12T11:40:00Z,online,90,idle,,false,false,
GS-S75-8831,2026-08-12T11:41:00Z,online,90,idle,,false,false,
GS-S75-8831,2026-08-12T11:42:00Z,online,93,charging,,false,true,
GS-S75-8831,2026-08-12T11:43:00Z,online,93,idle,,false,false,
GS-S75-8831,2026-08-12T11:44:00Z,online,93,idle,,false,false,
GS-S75-8831,2026-08-12T11:45:00Z,online,92,idle,,false,false,
GS-S75-8831,2026-08-12T11:46:00Z,online,92,idle,,false,false,
GS-S75-8831,2026-08-12T11:47:00Z,online,92,idle,,false,false,
GS-S75-8831,2026-08-12T11:48:00Z,online,92,idle,,false,false,
GS-S75-8831,2026-08-12T11:49:00Z,online,92,idle,,false,false,
GS-S75-8831,2026-08-12T11:50:00Z,online,91,idle,,false,false,
GS-S75-8831,2026-08-12T11:51:00Z,online,91,idle,,false,false,
GS-S75-8831,2026-08-12T11:52:00Z,online,91,idle,,false,false,
GS-S75-8831,2026-08-12T11:53:00Z,online,91,idle,,false,false,
GS-S75-8831,2026-08-12T11:54:00Z,online,91,idle,,false,false,
GS-S75-8831,2026-08-12T11:55:00Z,online,90,idle,,false,false,
GS-S75-8831,2026-08-12T11:56:00Z,online,90,idle,,false,false,
GS-S75-8831,2026-08-12T11:57:00Z,online,90,idle,,false,false,
GS-S75-8831,2026-08-12T11:58:00Z,online,93,charging,,false,true,
GS-S75-8831,2026-08-12T11:59:00Z,online,93,idle,,false,false,
GS-S75-8831,2026-08-12T12:00:00Z,online,93,idle,,false,false,
GS-S75-8831,2026-08-12T12:01:00Z,online,92,idle,,false,false,
GS-S75-8831,2026-08-12T12:02:00Z,online,92,idle,,false,false,
GS-S75-8831,2026-08-12T12:03:00Z,online,92,idle,,false,false,
GS-S75-8831,2026-08-12T12:04:00Z,online,92,idle,,false,false,
GS-S75-8831,2026-08-12T12:05:00Z,online,92,idle,,false,false,
GS-S75-8831,2026-08-12T12:06:00Z,online,91,idle,,false,false,
GS-S75-8831,2026-08-12T12:07:00Z,online,91,idle,,false,false,
GS-S75-8831,2026-08-12T12:08:00Z,online,91,idle,,false,false,
GS-S75-8831,2026-08-12T12:09:00Z,online,91,idle,,false,false,
GS-S75-8831,2026-08-12T12:10:00Z,online,91,idle,,false,false,
GS-S75-8831,2026-08-12T12:11:00Z,online,90,idle,,false,false,
GS-S75-8831,2026-08-12T12:12:00Z,online,90,idle,,false,false,
GS-S75-8831,2026-08-12T12:13:00Z,online,90,idle,,false,false,
GS-S75-8831,2026-08-12T12:14:00Z,online,93,charging,,false,true,
GS-S75-8831,2026-08-12T12:15:00Z,online,93,idle,,false,false,
GS-S75-8831,2026-08-12T12:16:00Z,online,93,idle,,false,false,
GS-S75-8831,2026-08-12T12:17:00Z,online,92,idle,,false,false,
GS-S75-8831,2026-08-12T12:18:00Z,online,92,idle,,false,false,
GS-S75-8831,2026-08-12T12:19:00Z,online,92,idle,,false,false,
GS-S75-8831,2026-08-12T12:20:00Z,online,92,idle,,false,false,
GS-S75-8831,2026-08-12T12:21:00Z,online,92,idle,,false,false,
GS-S75-8831,2026-08-12T12:22:00Z,online,91,idle,,false,false,
GS-S75-8831,2026-08-12T12:23:00Z,online,91,idle,,false,false,
GS-S75-8831,2026-08-12T12:24:00Z,online,91,idle,,false,false,
GS-S75-8831,2026-08-12T12:25:00Z,online,91,idle,,false,false,
GS-S75-8831,2026-08-12T12:26:00Z,online,91,idle,,false,false,
GS-S75-8831,2026-08-12T12:27:00Z,online,90,idle,,false,false,
GS-S75-8831,2026-08-12T12:28:00Z,online,90,idle,,false,false,
GS-S75-8831,2026-08-12T12:29:00Z,online,90,idle,,false,false,
GS-S75-8831,2026-08-12T12:30:00Z,online,93,charging,,false,true,
GS-S75-8831,2026-08-12T12:31:00Z,online,93,idle,,false,false,
GS-S75-8831,2026-08-12T12:32:00Z,online,93,idle,,false,false,
GS-S75-8831,2026-08-12T12:33:00Z,online,92,idle,,false,false,
GS-S75-8831,2026-08-12T12:34:00Z,online,92,idle,,false,false,
GS-S75-8831,2026-08-12T12:35:00Z,online,92,idle,,false,false,
GS-S75-8831,2026-08-12T12:36:00Z,online,92,idle,,false,false,
GS-S75-8831,2026-08-12T12:37:00Z,online,92,idle,,false,false,
GS-S75-8831,2026-08-12T12:38:00Z,online,91,idle,,false,false,
GS-S75-8831,2026-08-12T12:39:00Z,online,91,idle,,false,false,
GS-S75-8831,2026-08-12T12:40:00Z,online,91,idle,,false,false,
GS-S75-8831,2026-08-12T12:41:00Z,online,91,idle,,false,false,
GS-S75-8831,2026-08-12T12:42:00Z,offline,91,,,false,false,
GS-S75-8831,2026-08-12T12:43:00Z,online,90,idle,,false,false,
GS-S75-8831,2026-08-12T12:44:00Z,online,90,idle,,false,false,
GS-S75-8831,2026-08-12T12:45:00Z,online,90,idle,,false,false,
GS-S75-8831,2026-08-12T12:46:00Z,online,93,charging,,false,true,
GS-S75-8831,2026-08-12T12:47:00Z,online,93,idle,,false,false,
GS-S75-8831,2026-08-12T12:48:00Z,online,93,idle,,false,false,
GS-S75-8831,2026-08-12T12:49:00Z,online,92,idle,,false,false,
GS-S75-8831,2026-08-12T12:50:00Z,online,92,idle,,false,false,
GS-S75-8831,2026-08-12T12:51:00Z,offline,92,,,false,false,
GS-S75-8831,2026-08-12T12:52:00Z,online,92,idle,,false,false,
GS-S75-8831,2026-08-12T12:53:00Z,online,92,idle,,false,false,
GS-S75-8831,2026-08-12T12:54:00Z,online,91,idle,,false,false,
GS-S75-8831,2026-08-12T12:55:00Z,online,91,idle,,false,false,
GS-S75-8831,2026-08-12T12:56:00Z,online,91,idle,,false,false,
GS-S75-8831,2026-08-12T12:57:00Z,online,91,idle,,false,false,
GS-S75-8831,2026-08-12T12:58:00Z,online,91,idle,,false,false,
GS-S75-8831,2026-08-12T12:59:00Z,online,90,idle,,false,false,
GS-S75-8831,2026-08-12T13:00:00Z,online,90,idle,,false,false,
GS-S75-8831,2026-08-12T13:01:00Z,online,90,idle,,false,false,
GS-S75-8831,2026-08-12T13:02:00Z,online,93,charging,,false,true,
GS-S75-8831,2026-08-12T13:03:00Z,online,93,idle,,false,false,
GS-S75-8831,2026-08-12T13:04:00Z,online,93,idle,,false,false,
GS-S75-8831,2026-08-12T13:05:00Z,online,92,idle,,false,false,
GS-S75-8831,2026-08-12T13:06:00Z,online,92,idle,,false,false,
GS-S75-8831,2026-08-12T13:07:00Z,offline,92,,,false,false,
GS-S75-8831,2026-08-12T13:08:00Z,online,92,idle,,false,false,
GS-S75-8831,2026-08-12T13:09:00Z,online,92,idle,,false,false,
GS-S75-8831,2026-08-12T13:10:00Z,online,91,idle,,false,false,
GS-S75-8831,2026-08-12T13:11:00Z,online,91,idle,,false,false,
GS-S75-8831,2026-08-12T13:12:00Z,online,91,idle,,false,false,
GS-S75-8831,2026-08-12T13:13:00Z,online,91,idle,,false,false,
GS-S75-8831,2026-08-12T13:14:00Z,online,91,idle,,false,false,
GS-S75-8831,2026-08-12T13:15:00Z,online,90,idle,,false,false,
GS-S75-8831,2026-08-12T13:16:00Z,offline,90,,,false,false,
GS-S75-8831,2026-08-12T13:17:00Z,online,90,idle,,false,false,
GS-S75-8831,2026-08-12T13:18:00Z,online,93,charging,,false,true,
GS-S75-8831,2026-08-12T13:19:00Z,online,93,idle,,false,false,
GS-S75-8831,2026-08-12T13:20:00Z,online,93,idle,,false,false,
GS-S75-8831,2026-08-12T13:21:00Z,online,92,idle,,false,false,
GS-S75-8831,2026-08-12T13:22:00Z,online,92,idle,,false,false,
GS-S75-8831,2026-08-12T13:23:00Z,online,92,idle,,false,false,
GS-S75-8831,2026-08-12T13:24:00Z,online,92,idle,,false,false,
GS-S75-8831,2026-08-12T13:25:00Z,online,92,idle,,false,false,
GS-S75-8831,2026-08-12T13:26:00Z,online,91,idle,,false,false,
GS-S75-8831,2026-08-12T13:27:00Z,online,91,idle,,false,false,
GS-S75-8831,2026-08-12T13:28:00Z,online,91,idle,,false,false,
GS-S75-8831,2026-08-12T13:29:00Z,online,91,idle,,false,false,
GS-S75-8831,2026-08-12T13:30:00Z,online,91,idle,,false,false,
GS-S75-8831,2026-08-12T13:31:00Z,online,90,idle,,false,false,
GS-S75-8831,2026-08-12T13:32:00Z,online,90,idle,,false,false,
GS-S75-8831,2026-08-12T13:33:00Z,online,90,idle,,false,false,
GS-S75-8831,2026-08-12T13:34:00Z,online,93,charging,,false,true,
GS-S75-8831,2026-08-12T13:35:00Z,online,93,idle,,false,false,
GS-S75-8831,2026-08-12T13:36:00Z,online,93,idle,,false,false,
GS-S75-8831,2026-08-12T13:37:00Z,online,92,idle,,false,false,
GS-S75-8831,2026-08-12T13:38:00Z,online,92,idle,,false,false,
GS-S75-8831,2026-08-12T13:39:00Z,online,92,idle,,false,false,
GS-S75-8831,2026-08-12T13:40:00Z,online,92,idle,,false,false,
GS-S75-8831,2026-08-12T13:41:00Z,online,92,idle,,false,false,
GS-S75-8831,2026-08-12T13:42:00Z,online,91,idle,,false,false,
GS-S75-8831,2026-08-12T13:43:00Z,online,91,idle,,false,false,
GS-S75-8831,2026-08-12T13:44:00Z,online,91,idle,,false,false,
GS-S75-8831,2026-08-12T13:45:00Z,online,91,idle,,false,false,
GS-S75-8831,2026-08-12T13:46:00Z,online,91,idle,,false,false,
GS-S75-8831,2026-08-12T13:47:00Z,online,90,idle,,false,false,
GS-S75-8831,2026-08-12T13:48:00Z,online,90,idle,,false,false,
GS-S75-8831,2026-08-12T13:49:00Z,online,90,idle,,false,false,
GS-S75-8831,2026-08-12T13:50:00Z,online,93,charging,,false,true,
GS-S75-8831,2026-08-12T13:51:00Z,online,93,idle,,false,false,
GS-S75-8831,2026-08-12T13:52:00Z,online,93,idle,,false,false,
GS-S75-8831,2026-08-12T13:53:00Z,online,92,idle,,false,false,
GS-S75-8831,2026-08-12T13:54:00Z,online,92,idle,,false,false,
GS-S75-8831,2026-08-12T13:55:00Z,online,92,idle,,false,false,
GS-S75-8831,2026-08-12T13:56:00Z,online,92,idle,,false,false,
GS-S75-8831,2026-08-12T13:57:00Z,online,92,idle,,false,false,
GS-S75-8831,2026-08-12T13:58:00Z,online,91,idle,,false,false,
GS-S75-8831,2026-08-12T13:59:00Z,online,91,idle,,false,false,
GS-S75-8831,2026-08-12T14:00:00Z,online,91,idle,,false,false,
GS-S75-8831,2026-08-12T14:01:00Z,online,91,idle,,false,false,
GS-S75-8831,2026-08-12T14:02:00Z,online,91,idle,,false,false,
GS-S75-8831,2026-08-12T14:03:00Z,online,90,idle,,false,false,
GS-S75-8831,2026-08-12T14:04:00Z,online,90,idle,,false,false,
GS-S75-8831,2026-08-12T14:05:00Z,online,90,idle,,false,false,
GS-S75-8831,2026-08-12T14:06:00Z,online,93,charging,,false,true,
GS-S75-8831,2026-08-12T14:07:00Z,online,93,idle,,false,false,
GS-S75-8831,2026-08-12T14:08:00Z,online,93,idle,,false,false,
GS-S75-8831,2026-08-12T14:09:00Z,online,92,idle,,false,false,
GS-S75-8831,2026-08-12T14:10:00Z,online,92,idle,,false,false,
GS-S75-8831,2026-08-12T14:11:00Z,online,92,idle,,false,false,
GS-S75-8831,2026-08-12T14:12:00Z,online,92,idle,,false,false,
GS-S75-8831,2026-08-12T14:13:00Z,online,92,idle,,false,false,
GS-S75-8831,2026-08-12T14:14:00Z,online,91,idle,,false,false,
GS-S75-8831,2026-08-12T14:15:00Z,online,91,idle,,false,false,
GS-S75-8831,2026-08-12T14:16:00Z,online,91,idle,,false,false,
GS-S75-8831,2026-08-12T14:17:00Z,online,91,idle,,false,false,
GS-S75-8831,2026-08-12T14:18:00Z,offline,91,,,false,false,
GS-S75-8831,2026-08-12T14:19:00Z,online,90,idle,,false,false,
GS-S75-8831,2026-08-12T14:20:00Z,online,90,idle,,false,false,
GS-S75-8831,2026-08-12T14:21:00Z,online,90,idle,,false,false,
GS-S75-8831,2026-08-12T14:22:00Z,online,93,charging,,false,true,
GS-S75-8831,2026-08-12T14:23:00Z,online,93,idle,,false,false,
GS-S75-8831,2026-08-12T14:24:00Z,online,93,idle,,false,false,
GS-S75-8831,2026-08-12T14:25:00Z,online,92,idle,,false,false,
GS-S75-8831,2026-08-12T14:26:00Z,online,92,idle,,false,false,
GS-S75-8831,2026-08-12T14:27:00Z,online,92,idle,,false,false,
GS-S75-8831,2026-08-12T14:28:00Z,online,92,idle,,false,false,
GS-S75-8831,2026-08-12T14:29:00Z,online,92,idle,,false,false,
GS-S75-8831,2026-08-12T14:30:00Z,online,91,idle,,false,false,
GS-S75-8831,2026-08-12T14:31:00Z,online,91,idle,,false,false,
GS-S75-8831,2026-08-12T14:32:00Z,online,91,idle,,false,false,
GS-S75-8831,2026-08-12T14:33:00Z,online,91,idle,,false,false,
GS-S75-8831,2026-08-12T14:34:00Z,online,91,idle,,false,false,
GS-S75-8831,2026-08-12T14:35:00Z,online,90,idle,,false,false,
GS-S75-8831,2026-08-12T14:36:00Z,online,90,idle,,false,false,
GS-S75-8831,2026-08-12T14:37:00Z,online,90,idle,,false,false,
GS-S75-8831,2026-08-12T14:38:00Z,online,93,charging,,false,true,
GS-S75-8831,2026-08-12T14:39:00Z,online,93,idle,,false,false,
GS-S75-8831,2026-08-12T14:40:00Z,online,93,idle,,false,false,
GS-S75-8831,2026-08-12T14:41:00Z,online,92,idle,,false,false,
GS-S75-8831,2026-08-12T14:42:00Z,online,92,idle,,false,false,
GS-S75-8831,2026-08-12T14:43:00Z,online,92,idle,,false,false,
GS-S75-8831,2026-08-12T14:44:00Z,online,92,idle,,false,false,
GS-S75-8831,2026-08-12T14:45:00Z,online,92,idle,,false,false,
GS-S75-8831,2026-08-12T14:46:00Z,offline,91,,,false,false,
GS-S75-8831,2026-08-12T14:47:00Z,online,91,idle,,false,false,
GS-S75-8831,2026-08-12T14:48:00Z,online,91,idle,,false,false,
GS-S75-8831,2026-08-12T14:49:00Z,online,91,idle,,false,false,
GS-S75-8831,2026-08-12T14:50:00Z,online,91,idle,,false,false,
GS-S75-8831,2026-08-12T14:51:00Z,online,90,idle,,false,false,
GS-S75-8831,2026-08-12T14:52:00Z,online,90,idle,,false,false,
GS-S75-8831,2026-08-12T14:53:00Z,online,90,idle,,false,false,
GS-S75-8831,2026-08-12T14:54:00Z,online,93,charging,,false,true,
GS-S75-8831,2026-08-12T14:55:00Z,online,93,idle,,false,false,
GS-S75-8831,2026-08-12T14:56:00Z,online,93,idle,,false,false,
GS-S75-8831,2026-08-12T14:57:00Z,online,92,idle,,false,false,
GS-S75-8831,2026-08-12T14:58:00Z,online,92,idle,,false,false,
GS-S75-8831,2026-08-12T14:59:00Z,online,92,idle,,false,false,
GS-S75-8831,2026-08-12T15:00:00Z,online,92,idle,,false,false,
GS-S75-8831,2026-08-12T15:01:00Z,online,92,idle,,false,false,
GS-S75-8831,2026-08-12T15:02:00Z,online,91,idle,,false,false,
GS-S75-8831,2026-08-12T15:03:00Z,online,91,idle,,false,false,
GS-S75-8831,2026-08-12T15:04:00Z,online,91,idle,,false,false,
GS-S75-8831,2026-08-12T15:05:00Z,online,91,idle,,false,false,
GS-S75-8831,2026-08-12T15:06:00Z,online,91,idle,,false,false,
GS-S75-8831,2026-08-12T15:07:00Z,offline,90,,,false,false,
GS-S75-8831,2026-08-12T15:08:00Z,online,90,idle,,false,false,
GS-S75-8831,2026-08-12T15:09:00Z,online,90,idle,,false,false,
GS-S75-8831,2026-08-12T15:10:00Z,online,93,charging,,false,true,
GS-S75-8831,2026-08-12T15:11:00Z,online,93,idle,,false,false,
GS-S75-8831,2026-08-12T15:12:00Z,online,93,idle,,false,false,
GS-S75-8831,2026-08-12T15:13:00Z,offline,92,,,false,false,
GS-S75-8831,2026-08-12T15:14:00Z,online,92,idle,,false,false,
GS-S75-8831,2026-08-12T15:15:00Z,online,92,idle,,false,false,
GS-S75-8831,2026-08-12T15:16:00Z,online,92,idle,,false,false,
GS-S75-8831,2026-08-12T15:17:00Z,offline,92,,,false,false,
GS-S75-8831,2026-08-12T15:18:00Z,online,91,idle,,false,false,
GS-S75-8831,2026-08-12T15:19:00Z,online,91,idle,,false,false,
GS-S75-8831,2026-08-12T15:20:00Z,online,91,idle,,false,false,
GS-S75-8831,2026-08-12T15:21:00Z,online,91,idle,,false,false,
GS-S75-8831,2026-08-12T15:22:00Z,online,91,idle,,false,false,
GS-S75-8831,2026-08-12T15:23:00Z,online,90,idle,,false,false,
GS-S75-8831,2026-08-12T15:24:00Z,online,90,idle,,false,false,
GS-S75-8831,2026-08-12T15:25:00Z,online,90,idle,,false,false,
GS-S75-8831,2026-08-12T15:26:00Z,online,93,charging,,false,true,
GS-S75-8831,2026-08-12T15:27:00Z,online,93,idle,,false,false,
GS-S75-8831,2026-08-12T15:28:00Z,online,93,idle,,false,false,
GS-S75-8831,2026-08-12T15:29:00Z,online,92,idle,,false,false,
GS-S75-8831,2026-08-12T15:30:00Z,online,92,idle,,false,false,
GS-S75-8831,2026-08-12T15:31:00Z,online,92,idle,,false,false,
GS-S75-8831,2026-08-12T15:32:00Z,online,92,idle,,false,false,
GS-S75-8831,2026-08-12T15:33:00Z,online,92,idle,,false,false,
GS-S75-8831,2026-08-12T15:34:00Z,online,91,idle,,false,false,
GS-S75-8831,2026-08-12T15:35:00Z,online,91,idle,,false,false,
GS-S75-8831,2026-08-12T15:36:00Z,online,91,idle,,false,false,
GS-S75-8831,2026-08-12T15:37:00Z,online,91,idle,,false,false,
GS-S75-8831,2026-08-12T15:38:00Z,online,91,idle,,false,false,
GS-S75-8831,2026-08-12T15:39:00Z,online,90,idle,,false,false,
GS-S75-8831,2026-08-12T15:40:00Z,online,90,idle,,false,false,
GS-S75-8831,2026-08-12T15:41:00Z,online,90,idle,,false,false,
GS-S75-8831,2026-08-12T15:42:00Z,online,93,charging,,false,true,
GS-S75-8831,2026-08-12T15:43:00Z,online,93,idle,,false,false,
GS-S75-8831,2026-08-12T15:44:00Z,online,93,idle,,false,false,
GS-S75-8831,2026-08-12T15:45:00Z,online,92,idle,,false,false,
GS-S75-8831,2026-08-12T15:46:00Z,online,92,idle,,false,false,
GS-S75-8831,2026-08-12T15:47:00Z,online,92,idle,,false,false,
GS-S75-8831,2026-08-12T15:48:00Z,online,92,idle,,false,false,
GS-S75-8831,2026-08-12T15:49:00Z,offline,92,,,false,false,
GS-S75-8831,2026-08-12T15:50:00Z,online,91,idle,,false,false,
GS-S75-8831,2026-08-12T15:51:00Z,online,91,idle,,false,false,
GS-S75-8831,2026-08-12T15:52:00Z,online,91,idle,,false,false,
GS-S75-8831,2026-08-12T15:53:00Z,online,91,idle,,false,false,
GS-S75-8831,2026-08-12T15:54:00Z,online,91,idle,,false,false,
GS-S75-8831,2026-08-12T15:55:00Z,online,90,idle,,false,false,
GS-S75-8831,2026-08-12T15:56:00Z,online,90,idle,,false,false,
GS-S75-8831,2026-08-12T15:57:00Z,online,90,idle,,false,false,
GS-S75-8831,2026-08-12T15:58:00Z,online,93,charging,,false,true,
GS-S75-8831,2026-08-12T15:59:00Z,online,93,idle,,false,false,
GS-S75-8831,2026-08-12T16:00:00Z,online,93,idle,,false,false,
GS-S75-8831,2026-08-12T16:01:00Z,online,92,idle,,false,false,
GS-S75-8831,2026-08-12T16:02:00Z,online,92,idle,,false,false,
GS-S75-8831,2026-08-12T16:03:00Z,online,92,idle,,false,false,
GS-S75-8831,2026-08-12T16:04:00Z,online,92,idle,,false,false,
GS-S75-8831,2026-08-12T16:05:00Z,online,92,idle,,false,false,
GS-S75-8831,2026-08-12T16:06:00Z,online,91,idle,,false,false,
GS-S75-8831,2026-08-12T16:07:00Z,online,91,idle,,false,false,
GS-S75-8831,2026-08-12T16:08:00Z,online,91,idle,,false,false,
GS-S75-8831,2026-08-12T16:09:00Z,online,91,idle,,false,false,
GS-S75-8831,2026-08-12T16:10:00Z,online,91,idle,,false,false,
GS-S75-8831,2026-08-12T16:11:00Z,online,90,idle,,false,false,
GS-S75-8831,2026-08-12T16:12:00Z,online,90,idle,,false,false,
GS-S75-8831,2026-08-12T16:13:00Z,online,90,idle,,false,false,
GS-S75-8831,2026-08-12T16:14:00Z,online,93,charging,,false,true,
GS-S75-8831,2026-08-12T16:15:00Z,online,93,idle,,false,false,
GS-S75-8831,2026-08-12T16:16:00Z,online,93,idle,,false,false,
GS-S75-8831,2026-08-12T16:17:00Z,offline,92,,,false,false,
GS-S75-8831,2026-08-12T16:18:00Z,online,92,idle,,false,false,
GS-S75-8831,2026-08-12T16:19:00Z,offline,92,,,false,false,
GS-S75-8831,2026-08-12T16:20:00Z,online,92,idle,,false,false,
GS-S75-8831,2026-08-12T16:21:00Z,online,92,idle,,false,false,
GS-S75-8831,2026-08-12T16:22:00Z,online,91,idle,,false,false,
GS-S75-8831,2026-08-12T16:23:00Z,online,91,idle,,false,false,
GS-S75-8831,2026-08-12T16:24:00Z,online,91,idle,,false,false,
GS-S75-8831,2026-08-12T16:25:00Z,online,91,idle,,false,false,
GS-S75-8831,2026-08-12T16:26:00Z,online,91,idle,,false,false,
GS-S75-8831,2026-08-12T16:27:00Z,online,90,idle,,false,false,
GS-S75-8831,2026-08-12T16:28:00Z,online,90,idle,,false,false,
GS-S75-8831,2026-08-12T16:29:00Z,offline,90,,,false,false,
GS-S75-8831,2026-08-12T16:30:00Z,online,93,charging,,false,true,
GS-S75-8831,2026-08-12T16:31:00Z,online,93,idle,,false,false,
GS-S75-8831,2026-08-12T16:32:00Z,online,93,idle,,false,false,
GS-S75-8831,2026-08-12T16:33:00Z,online,92,idle,,false,false,
GS-S75-8831,2026-08-12T16:34:00Z,online,92,idle,,false,false,
GS-S75-8831,2026-08-12T16:35:00Z,online,92,idle,,false,false,
GS-S75-8831,2026-08-12T16:36:00Z,online,92,idle,,false,false,
GS-S75-8831,2026-08-12T16:37:00Z,online,92,idle,,false,false,
GS-S75-8831,2026-08-12T16:38:00Z,online,91,idle,,false,false,
GS-S75-8831,2026-08-12T16:39:00Z,online,91,idle,,false,false,
GS-S75-8831,2026-08-12T16:40:00Z,online,91,idle,,false,false,
GS-S75-8831,2026-08-12T16:41:00Z,online,91,idle,,false,false,
GS-S75-8831,2026-08-12T16:42:00Z,online,91,idle,,false,false,
GS-S75-8831,2026-08-12T16:43:00Z,online,90,idle,,false,false,
GS-S75-8831,2026-08-12T16:44:00Z,online,90,idle,,false,false,
GS-S75-8831,2026-08-12T16:45:00Z,online,90,idle,,false,false,
GS-S75-8831,2026-08-12T16:46:00Z,online,93,charging,,false,true,
GS-S75-8831,2026-08-12T16:47:00Z,online,93,idle,,false,false,
GS-S75-8831,2026-08-12T16:48:00Z,online,93,idle,,false,false,
GS-S75-8831,2026-08-12T16:49:00Z,online,92,idle,,false,false,
GS-S75-8831,2026-08-12T16:50:00Z,online,92,idle,,false,false,
GS-S75-8831,2026-08-12T16:51:00Z,online,92,idle,,false,false,
GS-S75-8831,2026-08-12T16:52:00Z,online,92,idle,,false,false,
GS-S75-8831,2026-08-12T16:53:00Z,online,92,idle,,false,false,
GS-S75-8831,2026-08-12T16:54:00Z,online,91,idle,,false,false,
GS-S75-8831,2026-08-12T16:55:00Z,online,91,idle,,false,false,
GS-S75-8831,2026-08-12T16:56:00Z,online,91,idle,,false,false,
GS-S75-8831,2026-08-12T16:57:00Z,online,91,idle,,false,false,
GS-S75-8831,2026-08-12T16:58:00Z,online,91,idle,,false,false,
GS-S75-8831,2026-08-12T16:59:00Z,online,90,idle,,false,false,
GS-S75-8831,2026-08-12T17:00:00Z,online,90,idle,,false,false,
GS-S75-8831,2026-08-12T17:01:00Z,offline,90,,,false,false,
GS-S75-8831,2026-08-12T17:02:00Z,online,93,charging,,false,true,
GS-S75-8831,2026-08-12T17:03:00Z,online,93,idle,,false,false,
GS-S75-8831,2026-08-12T17:04:00Z,online,93,idle,,false,false,
GS-S75-8831,2026-08-12T17:05:00Z,online,92,idle,,false,false,
GS-S75-8831,2026-08-12T17:06:00Z,online,92,idle,,false,false,
GS-S75-8831,2026-08-12T17:07:00Z,online,92,idle,,false,false,
GS-S75-8831,2026-08-12T17:08:00Z,online,92,idle,,false,false,
GS-S75-8831,2026-08-12T17:09:00Z,online,92,idle,,false,false,
GS-S75-8831,2026-08-12T17:10:00Z,online,91,idle,,false,false,
GS-S75-8831,2026-08-12T17:11:00Z,online,91,idle,,false,false,
GS-S75-8831,2026-08-12T17:12:00Z,online,91,idle,,false,false,
GS-S75-8831,2026-08-12T17:13:00Z,online,91,idle,,false,false,
GS-S75-8831,2026-08-12T17:14:00Z,online,91,idle,,false,false,
GS-S75-8831,2026-08-12T17:15:00Z,online,90,idle,,false,false,
GS-S75-8831,2026-08-12T17:16:00Z,online,90,idle,,false,false,
GS-S75-8831,2026-08-12T17:17:00Z,online,90,idle,,false,false,
GS-S75-8831,2026-08-12T17:18:00Z,online,93,charging,,false,true,
GS-S75-8831,2026-08-12T17:19:00Z,online,93,idle,,false,false,
GS-S75-8831,2026-08-12T17:20:00Z,online,93,idle,,false,false,
GS-S75-8831,2026-08-12T17:21:00Z,online,92,idle,,false,false,
GS-S75-8831,2026-08-12T17:22:00Z,online,92,idle,,false,false,
GS-S75-8831,2026-08-12T17:23:00Z,online,92,idle,,false,false,
GS-S75-8831,2026-08-12T17:24:00Z,online,92,idle,,false,false,
GS-S75-8831,2026-08-12T17:25:00Z,online,92,idle,,false,false,
GS-S75-8831,2026-08-12T17:26:00Z,online,91,idle,,false,false,
GS-S75-8831,2026-08-12T17:27:00Z,online,91,idle,,false,false,
GS-S75-8831,2026-08-12T17:28:00Z,online,91,idle,,false,false,
GS-S75-8831,2026-08-12T17:29:00Z,online,91,idle,,false,false,
GS-S75-8831,2026-08-12T17:30:00Z,online,91,idle,,false,false,
GS-S75-8831,2026-08-12T17:31:00Z,online,90,idle,,false,false,
GS-S75-8831,2026-08-12T17:32:00Z,online,90,idle,,false,false,
GS-S75-8831,2026-08-12T17:33:00Z,online,90,idle,,false,false,
GS-S75-8831,2026-08-12T17:34:00Z,online,93,charging,,false,true,
GS-S75-8831,2026-08-12T17:35:00Z,online,93,idle,,false,false,
GS-S75-8831,2026-08-12T17:36:00Z,online,93,idle,,false,false,
GS-S75-8831,2026-08-12T17:37:00Z,online,92,idle,,false,false,
GS-S75-8831,2026-08-12T17:38:00Z,online,92,idle,,false,false,
GS-S75-8831,2026-08-12T17:39:00Z,online,92,idle,,false,false,
GS-S75-8831,2026-08-12T17:40:00Z,online,92,idle,,false,false,
GS-S75-8831,2026-08-12T17:41:00Z,online,92,idle,,false,false,
GS-S75-8831,2026-08-12T17:42:00Z,online,91,idle,,false,false,
GS-S75-8831,2026-08-12T17:43:00Z,online,91,idle,,false,false,
GS-S75-8831,2026-08-12T17:44:00Z,online,91,idle,,false,false,
GS-S75-8831,2026-08-12T17:45:00Z,online,91,idle,,false,false,
GS-S75-8831,2026-08-12T17:46:00Z,online,91,idle,,false,false,
GS-S75-8831,2026-08-12T17:47:00Z,online,90,idle,,false,false,
GS-S75-8831,2026-08-12T17:48:00Z,online,90,idle,,false,false,
GS-S75-8831,2026-08-12T17:49:00Z,online,90,idle,,false,false,
GS-S75-8831,2026-08-12T17:50:00Z,online,93,charging,,false,true,
GS-S75-8831,2026-08-12T17:51:00Z,online,93,idle,,false,false,
GS-S75-8831,2026-08-12T17:52:00Z,online,93,idle,,false,false,
GS-S75-8831,2026-08-12T17:53:00Z,online,92,idle,,false,false,
GS-S75-8831,2026-08-12T17:54:00Z,online,92,idle,,false,false,
GS-S75-8831,2026-08-12T17:55:00Z,online,92,idle,,false,false,
GS-S75-8831,2026-08-12T17:56:00Z,online,92,idle,,false,false,
GS-S75-8831,2026-08-12T17:57:00Z,online,92,idle,,false,false,
GS-S75-8831,2026-08-12T17:58:00Z,online,91,idle,,false,false,
GS-S75-8831,2026-08-12T17:59:00Z,online,91,idle,,false,false,
GS-S75-8831,2026-08-12T18:00:00Z,online,91,idle,,false,false,
GS-S75-8831,2026-08-12T18:01:00Z,online,91,idle,,false,false,
GS-S75-8831,2026-08-12T18:02:00Z,online,91,idle,,false,false,
GS-S75-8831,2026-08-12T18:03:00Z,online,90,idle,,false,false,
GS-S75-8831,2026-08-12T18:04:00Z,online,90,idle,,false,false,
GS-S75-8831,2026-08-12T18:05:00Z,online,90,idle,,false,false,
GS-S75-8831,2026-08-12T18:06:00Z,online,93,charging,,false,true,
GS-S75-8831,2026-08-12T18:07:00Z,online,93,idle,,false,false,
GS-S75-8831,2026-08-12T18:08:00Z,online,93,idle,,false,false,
GS-S75-8831,2026-08-12T18:09:00Z,online,92,idle,,false,false,
GS-S75-8831,2026-08-12T18:10:00Z,online,92,idle,,false,false,
GS-S75-8831,2026-08-12T18:11:00Z,online,92,idle,,false,false,
GS-S75-8831,2026-08-12T18:12:00Z,online,92,idle,,false,false,
GS-S75-8831,2026-08-12T18:13:00Z,online,92,idle,,false,false,
GS-S75-8831,2026-08-12T18:14:00Z,online,91,idle,,false,false,
GS-S75-8831,2026-08-12T18:15:00Z,online,91,idle,,false,false,
GS-S75-8831,2026-08-12T18:16:00Z,online,91,idle,,false,false,
GS-S75-8831,2026-08-12T18:17:00Z,online,91,idle,,false,false,
GS-S75-8831,2026-08-12T18:18:00Z,online,91,idle,,false,false,
GS-S75-8831,2026-08-12T18:19:00Z,online,90,idle,,false,false,
GS-S75-8831,2026-08-12T18:20:00Z,online,90,idle,,false,false,
GS-S75-8831,2026-08-12T18:21:00Z,online,90,idle,,false,false,
GS-S75-8831,2026-08-12T18:22:00Z,online,93,charging,,false,true,
GS-S75-8831,2026-08-12T18:23:00Z,offline,93,,,false,false,
GS-S75-8831,2026-08-12T18:24:00Z,online,93,idle,,false,false,
GS-S75-8831,2026-08-12T18:25:00Z,offline,92,,,false,false,
GS-S75-8831,2026-08-12T18:26:00Z,online,92,idle,,false,false,
GS-S75-8831,2026-08-12T18:27:00Z,online,92,idle,,false,false,
GS-S75-8831,2026-08-12T18:28:00Z,online,92,idle,,false,false,
GS-S75-8831,2026-08-12T18:29:00Z,online,92,idle,,false,false,
GS-S75-8831,2026-08-12T18:30:00Z,online,91,idle,,false,false,
GS-S75-8831,2026-08-12T18:31:00Z,online,91,idle,,false,false,
GS-S75-8831,2026-08-12T18:32:00Z,online,91,idle,,false,false,
GS-S75-8831,2026-08-12T18:33:00Z,online,91,idle,,false,false,
GS-S75-8831,2026-08-12T18:34:00Z,online,91,idle,,false,false,
GS-S75-8831,2026-08-12T18:35:00Z,offline,90,,,false,false,
GS-S75-8831,2026-08-12T18:36:00Z,online,90,idle,,false,false,
GS-S75-8831,2026-08-12T18:37:00Z,online,90,idle,,false,false,
GS-S75-8831,2026-08-12T18:38:00Z,online,93,charging,,false,true,
GS-S75-8831,2026-08-12T18:39:00Z,offline,93,,,false,false,
GS-S75-8831,2026-08-12T18:40:00Z,online,93,idle,,false,false,
GS-S75-8831,2026-08-12T18:41:00Z,online,92,idle,,false,false,
GS-S75-8831,2026-08-12T18:42:00Z,online,92,idle,,false,false,
GS-S75-8831,2026-08-12T18:43:00Z,online,92,idle,,false,false,
GS-S75-8831,2026-08-12T18:44:00Z,online,92,idle,,false,false,
GS-S75-8831,2026-08-12T18:45:00Z,online,92,idle,,false,false,
GS-S75-8831,2026-08-12T18:46:00Z,online,91,idle,,false,false,
GS-S75-8831,2026-08-12T18:47:00Z,offline,91,,,false,false,
GS-S75-8831,2026-08-12T18:48:00Z,online,91,idle,,false,false,
GS-S75-8831,2026-08-12T18:49:00Z,online,91,idle,,false,false,
GS-S75-8831,2026-08-12T18:50:00Z,online,91,idle,,false,false,
GS-S75-8831,2026-08-12T18:51:00Z,online,90,idle,,false,false,
GS-S75-8831,2026-08-12T18:52:00Z,offline,90,,,false,false,
GS-S75-8831,2026-08-12T18:53:00Z,offline,90,,,false,false,
GS-S75-8831,2026-08-12T18:54:00Z,online,93,charging,,false,true,
GS-S75-8831,2026-08-12T18:55:00Z,online,93,idle,,false,false,
GS-S75-8831,2026-08-12T18:56:00Z,online,93,idle,,false,false,
GS-S75-8831,2026-08-12T18:57:00Z,online,92,idle,,false,false,
GS-S75-8831,2026-08-12T18:58:00Z,offline,92,,,false,false,
GS-S75-8831,2026-08-12T18:59:00Z,online,92,idle,,false,false,
GS-S75-8831,2026-08-12T19:00:00Z,online,92,idle,,false,false,
GS-S75-8831,2026-08-12T19:01:00Z,online,92,idle,,false,false,
GS-S75-8831,2026-08-12T19:02:00Z,online,91,idle,,false,false,
GS-S75-8831,2026-08-12T19:03:00Z,online,91,idle,,false,false,
GS-S75-8831,2026-08-12T19:04:00Z,online,91,idle,,false,false,
GS-S75-8831,2026-08-12T19:05:00Z,online,91,idle,,false,false,
GS-S75-8831,2026-08-12T19:06:00Z,online,91,idle,,false,false,
GS-S75-8831,2026-08-12T19:07:00Z,online,90,idle,,false,false,
GS-S75-8831,2026-08-12T19:08:00Z,online,90,idle,,false,false,
GS-S75-8831,2026-08-12T19:09:00Z,online,90,idle,,false,false,
GS-S75-8831,2026-08-12T19:10:00Z,online,93,charging,,false,true,
GS-S75-8831,2026-08-12T19:11:00Z,online,93,idle,,false,false,
GS-S75-8831,2026-08-12T19:12:00Z,online,93,idle,,false,false,
GS-S75-8831,2026-08-12T19:13:00Z,online,92,idle,,false,false,
GS-S75-8831,2026-08-12T19:14:00Z,online,92,idle,,false,false,
GS-S75-8831,2026-08-12T19:15:00Z,online,92,idle,,false,false,
GS-S75-8831,2026-08-12T19:16:00Z,online,92,idle,,false,false,
GS-S75-8831,2026-08-12T19:17:00Z,online,92,idle,,false,false,
GS-S75-8831,2026-08-12T19:18:00Z,online,91,idle,,false,false,
GS-S75-8831,2026-08-12T19:19:00Z,online,91,idle,,false,false,
GS-S75-8831,2026-08-12T19:20:00Z,online,91,idle,,false,false,
GS-S75-8831,2026-08-12T19:21:00Z,offline,91,,,false,false,
GS-S75-8831,2026-08-12T19:22:00Z,offline,91,,,false,false,
GS-S75-8831,2026-08-12T19:23:00Z,online,90,idle,,false,false,
GS-S75-8831,2026-08-12T19:24:00Z,online,90,idle,,false,false,
GS-S75-8831,2026-08-12T19:25:00Z,online,90,idle,,false,false,
GS-S75-8831,2026-08-12T19:26:00Z,online,93,charging,,false,true,
GS-S75-8831,2026-08-12T19:27:00Z,online,93,idle,,false,false,
GS-S75-8831,2026-08-12T19:28:00Z,online,93,idle,,false,false,
GS-S75-8831,2026-08-12T19:29:00Z,online,92,idle,,false,false,
GS-S75-8831,2026-08-12T19:30:00Z,online,92,idle,,false,false,
GS-S75-8831,2026-08-12T19:31:00Z,online,92,idle,,false,false,
GS-S75-8831,2026-08-12T19:32:00Z,online,92,idle,,false,false,
GS-S75-8831,2026-08-12T19:33:00Z,online,92,idle,,false,false,
GS-S75-8831,2026-08-12T19:34:00Z,online,91,idle,,false,false,
GS-S75-8831,2026-08-12T19:35:00Z,online,91,idle,,false,false,
GS-S75-8831,2026-08-12T19:36:00Z,online,91,idle,,false,false,
GS-S75-8831,2026-08-12T19:37:00Z,online,91,idle,,false,false,
GS-S75-8831,2026-08-12T19:38:00Z,online,91,idle,,false,false,
GS-S75-8831,2026-08-12T19:39:00Z,online,90,idle,,false,false,
GS-S75-8831,2026-08-12T19:40:00Z,online,90,idle,,false,false,
GS-S75-8831,2026-08-12T19:41:00Z,online,90,idle,,false,false,
GS-S75-8831,2026-08-12T19:42:00Z,online,93,charging,,false,true,
GS-S75-8831,2026-08-12T19:43:00Z,online,93,idle,,false,false,
GS-S75-8831,2026-08-12T19:44:00Z,online,93,idle,,false,false,
GS-S75-8831,2026-08-12T19:45:00Z,online,92,idle,,false,false,
GS-S75-8831,2026-08-12T19:46:00Z,online,92,idle,,false,false,
GS-S75-8831,2026-08-12T19:47:00Z,online,92,idle,,false,false,
GS-S75-8831,2026-08-12T19:48:00Z,online,92,idle,,false,false,
GS-S75-8831,2026-08-12T19:49:00Z,online,92,idle,,false,false,
GS-S75-8831,2026-08-12T19:50:00Z,online,91,idle,,false,false,
GS-S75-8831,2026-08-12T19:51:00Z,online,91,idle,,false,false,
GS-S75-8831,2026-08-12T19:52:00Z,online,91,idle,,false,false,
GS-S75-8831,2026-08-12T19:53:00Z,online,91,idle,,false,false,
GS-S75-8831,2026-08-12T19:54:00Z,online,91,idle,,false,false,
GS-S75-8831,2026-08-12T19:55:00Z,online,90,idle,,false,false,
GS-S75-8831,2026-08-12T19:56:00Z,online,90,idle,,false,false,
GS-S75-8831,2026-08-12T19:57:00Z,online,90,idle,,false,false,
GS-S75-8831,2026-08-12T19:58:00Z,online,93,charging,,false,true,
GS-S75-8831,2026-08-12T19:59:00Z,online,93,idle,,false,false,
GS-S75-8831,2026-08-12T20:00:00Z,offline,93,,,false,false,
GS-S75-8831,2026-08-12T20:01:00Z,online,92,idle,,false,false,
GS-S75-8831,2026-08-12T20:02:00Z,offline,92,,,false,false,
GS-S75-8831,2026-08-12T20:03:00Z,online,92,idle,,false,false,
GS-S75-8831,2026-08-12T20:04:00Z,online,92,idle,,false,false,
GS-S75-8831,2026-08-12T20:05:00Z,online,92,idle,,false,false,
GS-S75-8831,2026-08-12T20:06:00Z,online,91,idle,,false,false,
GS-S75-8831,2026-08-12T20:07:00Z,online,91,idle,,false,false,
GS-S75-8831,2026-08-12T20:08:00Z,online,91,idle,,false,false,
GS-S75-8831,2026-08-12T20:09:00Z,online,91,idle,,false,false,
GS-S75-8831,2026-08-12T20:10:00Z,online,91,idle,,false,false,
GS-S75-8831,2026-08-12T20:11:00Z,online,90,idle,,false,false,
GS-S75-8831,2026-08-12T20:12:00Z,online,90,idle,,false,false,
GS-S75-8831,2026-08-12T20:13:00Z,online,90,idle,,false,false,
GS-S75-8831,2026-08-12T20:14:00Z,online,93,charging,,false,true,
GS-S75-8831,2026-08-12T20:15:00Z,online,93,idle,,false,false,
GS-S75-8831,2026-08-12T20:16:00Z,online,93,idle,,false,false,
GS-S75-8831,2026-08-12T20:17:00Z,online,92,idle,,false,false,
GS-S75-8831,2026-08-12T20:18:00Z,online,92,idle,,false,false,
GS-S75-8831,2026-08-12T20:19:00Z,offline,92,,,false,false,
GS-S75-8831,2026-08-12T20:20:00Z,online,92,idle,,false,false,
GS-S75-8831,2026-08-12T20:21:00Z,online,92,idle,,false,false,
GS-S75-8831,2026-08-12T20:22:00Z,online,91,idle,,false,false,
GS-S75-8831,2026-08-12T20:23:00Z,online,91,idle,,false,false,
GS-S75-8831,2026-08-12T20:24:00Z,online,91,idle,,false,false,
GS-S75-8831,2026-08-12T20:25:00Z,online,91,idle,,false,false,
GS-S75-8831,2026-08-12T20:26:00Z,online,91,idle,,false,false,
GS-S75-8831,2026-08-12T20:27:00Z,online,90,idle,,false,false,
GS-S75-8831,2026-08-12T20:28:00Z,online,90,idle,,false,false,
GS-S75-8831,2026-08-12T20:29:00Z,online,90,idle,,false,false,
GS-S75-8831,2026-08-12T20:30:00Z,online,93,charging,,false,true,
GS-S75-8831,2026-08-12T20:31:00Z,online,93,idle,,false,false,
GS-S75-8831,2026-08-12T20:32:00Z,online,93,idle,,false,false,
GS-S75-8831,2026-08-12T20:33:00Z,online,92,idle,,false,false,
GS-S75-8831,2026-08-12T20:34:00Z,online,92,idle,,false,false,
GS-S75-8831,2026-08-12T20:35:00Z,online,92,idle,,false,false,
GS-S75-8831,2026-08-12T20:36:00Z,online,92,idle,,false,false,
GS-S75-8831,2026-08-12T20:37:00Z,online,92,idle,,false,false,
GS-S75-8831,2026-08-12T20:38:00Z,online,91,idle,,false,false,
GS-S75-8831,2026-08-12T20:39:00Z,online,91,idle,,false,false,
GS-S75-8831,2026-08-12T20:40:00Z,online,91,idle,,false,false,
GS-S75-8831,2026-08-12T20:41:00Z,online,91,idle,,false,false,
GS-S75-8831,2026-08-12T20:42:00Z,online,91,idle,,false,false,
GS-S75-8831,2026-08-12T20:43:00Z,online,90,idle,,false,false,
GS-S75-8831,2026-08-12T20:44:00Z,offline,90,,,false,false,
GS-S75-8831,2026-08-12T20:45:00Z,online,90,idle,,false,false,
GS-S75-8831,2026-08-12T20:46:00Z,online,93,charging,,false,true,
GS-S75-8831,2026-08-12T20:47:00Z,online,93,idle,,false,false,
GS-S75-8831,2026-08-12T20:48:00Z,online,93,idle,,false,false,
GS-S75-8831,2026-08-12T20:49:00Z,online,92,idle,,false,false,
GS-S75-8831,2026-08-12T20:50:00Z,online,92,idle,,false,false,
GS-S75-8831,2026-08-12T20:51:00Z,online,92,idle,,false,false,
GS-S75-8831,2026-08-12T20:52:00Z,online,92,idle,,false,false,
GS-S75-8831,2026-08-12T20:53:00Z,online,92,idle,,false,false,
GS-S75-8831,2026-08-12T20:54:00Z,online,91,idle,,false,false,
GS-S75-8831,2026-08-12T20:55:00Z,online,91,idle,,false,false,
GS-S75-8831,2026-08-12T20:56:00Z,online,91,idle,,false,false,
GS-S75-8831,2026-08-12T20:57:00Z,online,91,idle,,false,false,
GS-S75-8831,2026-08-12T20:58:00Z,online,91,idle,,false,false,
GS-S75-8831,2026-08-12T20:59:00Z,online,90,idle,,false,false,
GS-S75-8831,2026-08-12T21:00:00Z,online,90,idle,,false,false,
GS-S75-8831,2026-08-12T21:01:00Z,online,90,idle,,false,false,
GS-S75-8831,2026-08-12T21:02:00Z,online,93,charging,,false,true,
GS-S75-8831,2026-08-12T21:03:00Z,online,93,idle,,false,false,
GS-S75-8831,2026-08-12T21:04:00Z,online,93,idle,,false,false,
GS-S75-8831,2026-08-12T21:05:00Z,online,92,idle,,false,false,
GS-S75-8831,2026-08-12T21:06:00Z,online,92,idle,,false,false,
GS-S75-8831,2026-08-12T21:07:00Z,online,92,idle,,false,false,
GS-S75-8831,2026-08-12T21:08:00Z,offline,92,,,false,false,
GS-S75-8831,2026-08-12T21:09:00Z,online,92,idle,,false,false,
GS-S75-8831,2026-08-12T21:10:00Z,online,91,idle,,false,false,
GS-S75-8831,2026-08-12T21:11:00Z,online,91,idle,,false,false,
GS-S75-8831,2026-08-12T21:12:00Z,online,91,idle,,false,false,
GS-S75-8831,2026-08-12T21:13:00Z,online,91,idle,,false,false,
GS-S75-8831,2026-08-12T21:14:00Z,online,91,idle,,false,false,
GS-S75-8831,2026-08-12T21:15:00Z,online,90,idle,,false,false,
GS-S75-8831,2026-08-12T21:16:00Z,online,90,idle,,false,false,
GS-S75-8831,2026-08-12T21:17:00Z,online,90,idle,,false,false,
GS-S75-8831,2026-08-12T21:18:00Z,online,93,charging,,false,true,
GS-S75-8831,2026-08-12T21:19:00Z,offline,93,,,false,false,
GS-S75-8831,2026-08-12T21:20:00Z,online,93,idle,,false,false,
GS-S75-8831,2026-08-12T21:21:00Z,online,92,idle,,false,false,
GS-S75-8831,2026-08-12T21:22:00Z,online,92,idle,,false,false,
GS-S75-8831,2026-08-12T21:23:00Z,offline,92,,,false,false,
GS-S75-8831,2026-08-12T21:24:00Z,online,92,idle,,false,false,
GS-S75-8831,2026-08-12T21:25:00Z,online,92,idle,,false,false,
GS-S75-8831,2026-08-12T21:26:00Z,online,91,idle,,false,false,
GS-S75-8831,2026-08-12T21:27:00Z,online,91,idle,,false,false,
GS-S75-8831,2026-08-12T21:28:00Z,online,91,idle,,false,false,
GS-S75-8831,2026-08-12T21:29:00Z,online,91,idle,,false,false,
GS-S75-8831,2026-08-12T21:30:00Z,online,91,idle,,false,false,
GS-S75-8831,2026-08-12T21:31:00Z,online,90,idle,,false,false,
GS-S75-8831,2026-08-12T21:32:00Z,online,90,idle,,false,false,
GS-S75-8831,2026-08-12T21:33:00Z,online,90,idle,,false,false,
GS-S75-8831,2026-08-12T21:34:00Z,online,93,charging,,false,true,
GS-S75-8831,2026-08-12T21:35:00Z,offline,93,,,false,false,
GS-S75-8831,2026-08-12T21:36:00Z,online,93,idle,,false,false,
GS-S75-8831,2026-08-12T21:37:00Z,offline,92,,,false,false,
GS-S75-8831,2026-08-12T21:38:00Z,online,92,idle,,false,false,
GS-S75-8831,2026-08-12T21:39:00Z,online,92,idle,,false,false,
GS-S75-8831,2026-08-12T21:40:00Z,online,92,idle,,false,false,
GS-S75-8831,2026-08-12T21:41:00Z,online,92,idle,,false,false,
GS-S75-8831,2026-08-12T21:42:00Z,online,91,idle,,false,false,
GS-S75-8831,2026-08-12T21:43:00Z,online,91,idle,,false,false,
GS-S75-8831,2026-08-12T21:44:00Z,online,91,idle,,false,false,
GS-S75-8831,2026-08-12T21:45:00Z,online,91,idle,,false,false,
GS-S75-8831,2026-08-12T21:46:00Z,online,91,idle,,false,false,
GS-S75-8831,2026-08-12T21:47:00Z,online,90,idle,,false,false,
GS-S75-8831,2026-08-12T21:48:00Z,online,90,idle,,false,false,
GS-S75-8831,2026-08-12T21:49:00Z,online,90,idle,,false,false,
GS-S75-8831,2026-08-12T21:50:00Z,online,93,charging,,false,true,
GS-S75-8831,2026-08-12T21:51:00Z,online,93,idle,,false,false,
GS-S75-8831,2026-08-12T21:52:00Z,online,93,idle,,false,false,
GS-S75-8831,2026-08-12T21:53:00Z,online,92,idle,,false,false,
GS-S75-8831,2026-08-12T21:54:00Z,online,92,idle,,false,false,
GS-S75-8831,2026-08-12T21:55:00Z,online,92,idle,,false,false,
GS-S75-8831,2026-08-12T21:56:00Z,offline,92,,,false,false,
GS-S75-8831,2026-08-12T21:57:00Z,online,92,idle,,false,false,
GS-S75-8831,2026-08-12T21:58:00Z,online,91,idle,,false,false,
GS-S75-8831,2026-08-12T21:59:00Z,online,91,idle,,false,false,
GS-S75-8831,2026-08-12T22:00:00Z,online,91,idle,,false,false,
GS-S75-8831,2026-08-12T22:01:00Z,online,91,idle,,false,false,
GS-S75-8831,2026-08-12T22:02:00Z,online,91,idle,,false,false,
GS-S75-8831,2026-08-12T22:03:00Z,online,90,idle,,false,false,
GS-S75-8831,2026-08-12T22:04:00Z,online,90,idle,,false,false,
GS-S75-8831,2026-08-12T22:05:00Z,online,90,idle,,false,false,
GS-S75-8831,2026-08-12T22:06:00Z,online,93,charging,,false,true,
GS-S75-8831,2026-08-12T22:07:00Z,online,93,idle,,false,false,
GS-S75-8831,2026-08-12T22:08:00Z,online,93,idle,,false,false,
GS-S75-8831,2026-08-12T22:09:00Z,online,92,idle,,false,false,
GS-S75-8831,2026-08-12T22:10:00Z,online,92,idle,,false,false,
GS-S75-8831,2026-08-12T22:11:00Z,online,92,idle,,false,false,
GS-S75-8831,2026-08-12T22:12:00Z,online,92,idle,,false,false,
GS-S75-8831,2026-08-12T22:13:00Z,online,92,idle,,false,false,
GS-S75-8831,2026-08-12T22:14:00Z,online,91,idle,,false,false,
GS-S75-8831,2026-08-12T22:15:00Z,online,91,idle,,false,false,
GS-S75-8831,2026-08-12T22:16:00Z,online,91,idle,,false,false,
GS-S75-8831,2026-08-12T22:17:00Z,online,91,idle,,false,false,
GS-S75-8831,2026-08-12T22:18:00Z,online,91,idle,,false,false,
GS-S75-8831,2026-08-12T22:19:00Z,online,90,idle,,false,false,
GS-S75-8831,2026-08-12T22:20:00Z,online,90,idle,,false,false,
GS-S75-8831,2026-08-12T22:21:00Z,online,90,idle,,false,false,
GS-S75-8831,2026-08-12T22:22:00Z,online,93,charging,,false,true,
GS-S75-8831,2026-08-12T22:23:00Z,offline,93,,,false,false,
GS-S75-8831,2026-08-12T22:24:00Z,online,93,idle,,false,false,
GS-S75-8831,2026-08-12T22:25:00Z,online,92,idle,,false,false,
GS-S75-8831,2026-08-12T22:26:00Z,online,92,idle,,false,false,
GS-S75-8831,2026-08-12T22:27:00Z,online,92,idle,,false,false,
GS-S75-8831,2026-08-12T22:28:00Z,online,92,idle,,false,false,
GS-S75-8831,2026-08-12T22:29:00Z,online,92,idle,,false,false,
GS-S75-8831,2026-08-12T22:30:00Z,offline,91,,,false,false,
GS-S75-8831,2026-08-12T22:31:00Z,online,91,idle,,false,false,
GS-S75-8831,2026-08-12T22:32:00Z,offline,91,,,false,false,
GS-S75-8831,2026-08-12T22:33:00Z,online,91,idle,,false,false,
GS-S75-8831,2026-08-12T22:34:00Z,online,91,idle,,false,false,
GS-S75-8831,2026-08-12T22:35:00Z,online,90,idle,,false,false,
GS-S75-8831,2026-08-12T22:36:00Z,online,90,idle,,false,false,
GS-S75-8831,2026-08-12T22:37:00Z,offline,90,,,false,false,
GS-S75-8831,2026-08-12T22:38:00Z,online,93,charging,,false,true,
GS-S75-8831,2026-08-12T22:39:00Z,online,93,idle,,false,false,
GS-S75-8831,2026-08-12T22:40:00Z,online,93,idle,,false,false,
GS-S75-8831,2026-08-12T22:41:00Z,offline,92,,,false,false,
GS-S75-8831,2026-08-12T22:42:00Z,online,92,idle,,false,false,
GS-S75-8831,2026-08-12T22:43:00Z,online,92,idle,,false,false,
GS-S75-8831,2026-08-12T22:44:00Z,online,92,idle,,false,false,
GS-S75-8831,2026-08-12T22:45:00Z,offline,92,,,false,false,
GS-S75-8831,2026-08-12T22:46:00Z,online,91,idle,,false,false,
GS-S75-8831,2026-08-12T22:47:00Z,online,91,idle,,false,false,
GS-S75-8831,2026-08-12T22:48:00Z,online,91,idle,,false,false,
GS-S75-8831,2026-08-12T22:49:00Z,online,91,idle,,false,false,
GS-S75-8831,2026-08-12T22:50:00Z,online,91,idle,,false,false,
GS-S75-8831,2026-08-12T22:51:00Z,online,90,idle,,false,false,
GS-S75-8831,2026-08-12T22:52:00Z,online,90,idle,,false,false,
GS-S75-8831,2026-08-12T22:53:00Z,online,90,idle,,false,false,
GS-S75-8831,2026-08-12T22:54:00Z,online,93,charging,,false,true,
GS-S75-8831,2026-08-12T22:55:00Z,online,93,idle,,false,false,
GS-S75-8831,2026-08-12T22:56:00Z,online,93,idle,,false,false,
GS-S75-8831,2026-08-12T22:57:00Z,online,92,idle,,false,false,
GS-S75-8831,2026-08-12T22:58:00Z,online,92,idle,,false,false,
GS-S75-8831,2026-08-12T22:59:00Z,online,92,idle,,false,false,
GS-S75-8831,2026-08-12T23:00:00Z,online,92,idle,,false,false,
GS-S75-8831,2026-08-12T23:01:00Z,online,92,idle,,false,false,
GS-S75-8831,2026-08-12T23:02:00Z,online,91,idle,,false,false,
GS-S75-8831,2026-08-12T23:03:00Z,online,91,idle,,false,false,
GS-S75-8831,2026-08-12T23:04:00Z,online,91,idle,,false,false,
GS-S75-8831,2026-08-12T23:05:00Z,online,91,idle,,false,false,
GS-S75-8831,2026-08-12T23:06:00Z,online,89,active,8831-m0025,false,false,
GS-S75-8831,2026-08-12T23:07:00Z,online,89,idle,,false,false,
GS-S75-8831,2026-08-12T23:08:00Z,online,89,idle,,false,false,
GS-S75-8831,2026-08-12T23:09:00Z,online,89,idle,,false,false,
GS-S75-8831,2026-08-12T23:10:00Z,online,87,active,8831-m0026,false,false,
GS-S75-8831,2026-08-12T23:11:00Z,online,86,active,8831-m0027,false,false,
GS-S75-8831,2026-08-12T23:12:00Z,online,86,idle,,false,false,
GS-S75-8831,2026-08-12T23:13:00Z,online,86,idle,,false,false,
GS-S75-8831,2026-08-12T23:14:00Z,online,84,active,8831-m0027,false,false,
GS-S75-8831,2026-08-12T23:15:00Z,online,84,idle,,false,false,
GS-S75-8831,2026-08-12T23:16:00Z,online,83,active,8831-m0028,false,false,
GS-S75-8831,2026-08-12T23:17:00Z,online,82,idle,,false,false,
GS-S75-8831,2026-08-12T23:18:00Z,online,82,idle,,false,false,
GS-S75-8831,2026-08-12T23:19:00Z,online,82,idle,,false,false,
GS-S75-8831,2026-08-12T23:20:00Z,online,82,idle,,false,false,
GS-S75-8831,2026-08-12T23:21:00Z,online,82,idle,,false,false,
GS-S75-8831,2026-08-12T23:22:00Z,online,81,idle,,false,false,
GS-S75-8831,2026-08-12T23:23:00Z,online,81,idle,,false,false,
GS-S75-8831,2026-08-12T23:24:00Z,online,80,active,8831-m0028,true,false,
GS-S75-8831,2026-08-12T23:25:00Z,online,80,idle,,false,false,
GS-S75-8831,2026-08-12T23:26:00Z,online,79,idle,,false,false,
GS-S75-8831,2026-08-12T23:27:00Z,online,79,idle,,false,false,
GS-S75-8831,2026-08-12T23:28:00Z,online,79,idle,,false,false,
GS-S75-8831,2026-08-12T23:29:00Z,online,79,idle,,false,false,
GS-S75-8831,2026-08-12T23:30:00Z,online,79,idle,,false,false,
GS-S75-8831,2026-08-12T23:31:00Z,online,78,idle,,false,false,
GS-S75-8831,2026-08-12T23:32:00Z,online,77,active,8831-m0028,false,false,
GS-S75-8831,2026-08-12T23:33:00Z,online,77,idle,,false,false,
GS-S75-8831,2026-08-12T23:34:00Z,online,77,idle,,false,false,
GS-S75-8831,2026-08-12T23:35:00Z,online,75,active,8831-m0028,false,false,
GS-S75-8831,2026-08-12T23:36:00Z,online,75,idle,,false,false,
GS-S75-8831,2026-08-12T23:37:00Z,online,75,idle,,false,false,
GS-S75-8831,2026-08-12T23:38:00Z,online,75,idle,,false,false,
GS-S75-8831,2026-08-12T23:39:00Z,online,74,idle,,false,false,
GS-S75-8831,2026-08-12T23:40:00Z,online,74,idle,,false,false,
GS-S75-8831,2026-08-12T23:41:00Z,online,74,idle,,false,false,
GS-S75-8831,2026-08-12T23:42:00Z,online,73,active,8831-m0028,false,false,
GS-S75-8831,2026-08-12T23:43:00Z,online,72,idle,,false,false,
GS-S75-8831,2026-08-12T23:44:00Z,online,72,idle,,false,false,
GS-S75-8831,2026-08-12T23:45:00Z,online,72,idle,,false,false,
GS-S75-8831,2026-08-12T23:46:00Z,online,72,idle,,false,false,
GS-S75-8831,2026-08-12T23:47:00Z,online,70,active,8831-m0028,false,false,
GS-S75-8831,2026-08-12T23:48:00Z,online,70,idle,,false,false,
GS-S75-8831,2026-08-12T23:49:00Z,online,70,idle,,false,false,
GS-S75-8831,2026-08-12T23:50:00Z,online,70,idle,,false,false,
GS-S75-8831,2026-08-12T23:51:00Z,online,70,idle,,false,false,
GS-S75-8831,2026-08-12T23:52:00Z,online,69,idle,,false,false,
GS-S75-8831,2026-08-12T23:53:00Z,online,69,idle,,false,false,
GS-S75-8831,2026-08-12T23:54:00Z,online,68,active,8831-m0028,true,false,
GS-S75-8831,2026-08-12T23:55:00Z,online,68,idle,,false,false,
GS-S75-8831,2026-08-12T23:56:00Z,online,67,idle,,false,false,
GS-S75-8831,2026-08-12T23:57:00Z,online,67,idle,,false,false,
GS-S75-8831,2026-08-12T23:58:00Z,online,66,active,8831-m0028,false,false,
GS-S75-8831,2026-08-12T23:59:00Z,online,66,idle,,false,false,